YEAR,PLAYER_ID,PLAYER_NAME,TEAM_ID,AVG,G,PA,AB,R,H,2B,3B,HR,TB,RBI,SAC,SF
2021,63123,강승호,두산,0.239,113,340,301,47,72,16,2,7,113,37,8,3
2021,79290,국해성,두산,0.125,4,8,8,0,1,0,0,0,1,0,0,0
2021,68204,권민석,두산,0.214,33,15,14,8,3,2,0,0,5,1,0,0
2021,50203,권휘,두산,,2,0,0,0,0,0,0,0,0,0,0,0
2021,77263,김강률,두산,,8,0,0,0,0,0,0,0,0,0,0,0
2021,67246,김명신,두산,,4,0,0,0,0,0,0,0,0,0,0,0
2021,68200,김민규,두산,,2,0,0,0,0,0,0,0,0,0,0,0
2021,65269,김민혁,두산,0,6,8,6,0,0,0,0,0,0,0,0,0
2021,63257,김인태,두산,0.259,133,418,344,51,89,15,1,8,130,46,5,4
2021,74206,김재호,두산,0.209,89,251,211,23,44,8,0,1,55,24,6,3
2021,78224,김재환,두산,0.274,137,566,475,86,130,23,2,27,238,102,0,5
2021,69104,남호,두산,,1,0,0,0,0,0,0,0,0,0,0,0
2021,67259,문원,두산,,1,0,0,0,0,0,0,0,0,0,0,0
2021,79215,박건우,두산,0.325,126,525,458,82,149,31,2,6,202,63,0,6
2021,64468,박계범,두산,0.267,118,385,322,44,86,12,1,5,115,46,7,3
2021,51298,박성재,두산,0,1,1,1,0,0,0,0,0,0,0,0,0
2021,62244,박세혁,두산,0.219,96,270,237,25,52,12,0,0,64,30,3,3
2021,63292,박소준,두산,,1,0,0,0,0,0,0,0,0,0,0,0
2021,50204,박지훈,두산,0.333,34,14,12,6,4,1,0,0,5,2,0,0
2021,67266,박치국,두산,,1,0,0,0,0,0,0,0,0,0,0,0
2021,63559,백동훈,두산,0,5,3,3,1,0,0,0,0,0,0,0,0
2021,66203,서예일,두산,0,5,1,1,0,0,0,0,0,0,0,0,0
2021,64086,신성현,두산,0.182,11,15,11,3,2,0,0,0,2,0,0,0
2021,50202,안권수,두산,0.238,87,47,42,17,10,0,1,0,12,4,2,0
2021,51203,안재석,두산,0.255,96,224,200,28,51,8,2,2,69,14,0,4
2021,64153,양석환,두산,0.273,133,546,488,66,133,22,0,28,239,96,0,7
2021,50208,오명진,두산,0,2,3,3,1,0,0,0,0,0,0,0,0
2021,77248,오재원,두산,0.167,45,79,72,6,12,3,0,0,15,5,0,1
2021,62242,윤명준,두산,,4,0,0,0,0,0,0,0,0,0,0,0
2021,69205,이교훈,두산,,2,0,0,0,0,0,0,0,0,0,0,0
2021,64805,이승진,두산,,1,0,0,0,0,0,0,0,0,0,0,0
2021,66291,이영하,두산,,1,0,0,0,0,0,0,0,0,0,0,0
2021,63202,장승현,두산,0.232,92,211,177,18,41,10,0,2,57,27,6,1
2021,68205,전민재,두산,0.25,9,5,4,1,1,0,0,0,1,1,0,1
2021,79231,정수빈,두산,0.259,104,351,313,50,81,19,4,3,117,37,4,2
2021,66209,조수행,두산,0.286,115,104,84,34,24,2,1,1,31,8,1,0
2021,64213,최용제,두산,0.279,79,119,104,7,29,3,0,0,32,15,1,1
2021,69209,페르난데스,두산,0.315,141,617,540,73,170,24,0,15,239,81,0,6
2021,79240,허경민,두산,0.278,136,518,468,61,130,24,1,5,171,59,3,3
2021,61643,홍건희,두산,,1,0,0,0,0,0,0,0,0,0,0,0
2021,66207,황경태,두산,0,1,1,1,0,0,0,0,0,0,0,0,0
2021,66710,강상원,한화,0.108,35,49,37,7,4,0,0,0,4,2,2,0
2021,50705,강재민,한화,,2,0,0,0,0,0,0,0,0,0,0,0
2021,69702,김건,한화,0.083,5,12,12,0,1,0,0,0,1,0,0,0
2021,67711,김기탁,한화,,1,0,0,0,0,0,0,0,0,0,0,0
2021,61554,김민하,한화,0.209,46,142,115,14,24,4,1,1,33,17,0,2
2021,63765,김종수,한화,,1,0,0,0,0,0,0,0,0,0,0,0
2021,65503,김지수,한화,0.083,11,25,24,0,2,1,0,0,3,0,0,0
2021,71752,김태균,한화,,1,0,0,0,0,0,0,0,0,0,0,0
2021,66704,김태연,한화,0.301,53,220,176,29,53,12,0,3,74,34,0,5
2021,63704,노수광,한화,0.231,52,180,160,21,37,7,0,3,53,14,2,0
2021,69737,노시환,한화,0.271,107,458,380,56,103,18,1,18,177,84,0,4
2021,64704,노태형,한화,0.116,18,49,43,6,5,1,0,0,6,1,0,0
2021,66707,박상언,한화,0,1,1,1,0,0,0,0,0,0,0,0,0
2021,50709,박정현,한화,0.196,33,120,107,10,21,4,0,0,25,9,3,1
2021,78643,백용환,한화,0.14,39,102,86,10,12,1,0,4,25,4,2,0
2021,61156,송윤준,한화,,1,0,0,0,0,0,0,0,0,0,0,0
2021,51767,송호정,한화,0,10,11,10,1,0,0,0,0,0,0,0,0
2021,60140,신정락,한화,,1,0,0,0,0,0,0,0,0,0,0,0
2021,69766,유로결,한화,0.143,34,112,98,11,14,5,0,1,22,7,2,2
2021,63464,윤대경,한화,,1,0,0,0,0,0,0,0,0,0,0,0
2021,63961,윤호솔,한화,,1,0,0,0,0,0,0,0,0,0,0,0
2021,65703,이도윤,한화,0.175,56,68,63,5,11,0,0,0,11,2,1,0
2021,64266,이성곤,한화,0.264,62,208,174,17,46,12,2,1,65,24,1,1
2021,73136,이성열,한화,0.21,46,140,119,15,25,8,0,2,39,20,0,2
2021,66702,이시원,한화,0.189,33,62,53,8,10,1,0,0,11,2,4,0
2021,68700,이원석,한화,0.175,43,130,114,12,20,1,1,1,26,9,4,2
2021,60343,이해창,한화,0.167,20,60,54,4,9,3,0,0,12,4,3,1
2021,50704,임종찬,한화,0.153,42,146,131,9,20,5,0,1,28,8,2,0
2021,62611,임준섭,한화,,1,0,0,0,0,0,0,0,0,0,0,0
2021,51762,장규현,한화,0.25,7,12,12,0,3,1,0,0,4,1,0,0
2021,79764,장민재,한화,,1,0,0,0,0,0,0,0,0,0,0,0
2021,63700,장운호,한화,0.235,103,338,285,36,67,10,0,0,77,28,7,3
2021,51706,장지승,한화,0.18,24,72,61,7,11,1,0,1,15,5,2,1
2021,51764,정민규,한화,0.125,6,17,16,1,2,1,0,0,3,0,0,0
2021,74857,정우람,한화,,4,0,0,0,0,0,0,0,0,0,0,0
2021,68743,정은원,한화,0.283,139,608,495,85,140,22,5,6,190,39,4,3
2021,61208,정진호,한화,0.228,47,167,145,9,33,9,0,0,42,15,4,2
2021,69705,조한민,한화,0.197,52,145,127,15,25,6,2,5,50,18,1,2
2021,50707,최인호,한화,0.206,49,164,136,17,28,6,0,4,46,23,0,2
2021,78288,최재훈,한화,0.275,116,467,375,52,103,21,0,7,145,44,5,3
2021,51714,페레즈,한화,0.268,59,252,224,26,60,15,1,5,92,33,0,7
2021,62700,하주석,한화,0.272,138,594,525,84,143,27,3,10,206,68,5,3
2021,69706,허관회,한화,0.19,28,79,63,4,12,0,0,0,12,2,0,2
2021,51725,힐리,한화,0.257,67,268,249,27,64,11,1,7,98,37,0,1
2021,61700,강경학,KIA,0.152,25,39,33,3,5,0,0,0,5,1,0,0
2021,51640,권다결,KIA,0.222,5,18,18,1,4,0,0,0,4,0,0,0
2021,66614,김규성,KIA,0.139,54,41,36,8,5,1,0,0,6,2,0,0
2021,62864,김민식,KIA,0.22,100,301,250,30,55,8,0,3,72,26,3,3
2021,67610,김석환,KIA,0.263,5,20,19,1,5,0,0,1,8,3,0,0
2021,78603,김선빈,KIA,0.307,130,564,501,55,154,32,0,5,201,67,1,5
2021,64984,김태진,KIA,0.276,99,414,381,43,105,12,5,1,130,36,6,4
2021,65653,김호령,KIA,0.208,62,154,130,16,27,2,0,4,41,15,2,0
2021,73209,나주환,KIA,0.161,19,32,31,0,5,0,0,0,5,3,0,1
2021,78629,나지완,KIA,0.16,31,102,81,3,13,1,0,0,14,7,0,1
2021,62234,류지혁,KIA,0.278,92,327,273,37,76,8,0,2,90,34,2,3
2021,50657,박민,KIA,0.171,18,38,35,3,6,1,0,0,7,3,0,0
2021,67609,박정우,KIA,0.188,32,61,48,3,9,1,0,0,10,4,1,0
2021,64646,박찬호,KIA,0.246,131,483,418,51,103,15,5,1,131,59,8,3
2021,69636,오선우,KIA,0.067,9,16,15,1,1,0,0,0,1,0,0,0
2021,68614,오정환,KIA,0.235,9,18,17,1,4,1,0,0,5,2,0,0
2021,62265,유민상,KIA,0.233,24,74,60,7,14,2,0,1,19,6,0,0
2021,63260,이우성,KIA,0.2,65,100,85,12,17,5,0,0,22,4,1,1
2021,67644,이정훈,KIA,0.248,41,151,129,14,32,6,0,2,44,14,0,0
2021,66657,이진영,KIA,0.2,17,47,40,8,8,2,1,2,18,5,0,0
2021,64560,이창진,KIA,0.209,105,293,249,35,52,8,1,3,71,33,4,3
2021,63950,장현식,KIA,,1,0,0,0,0,0,0,0,0,0,0,0
2021,50662,정해영,KIA,,3,0,0,0,0,0,0,0,0,0,0,0
2021,66606,최원준,KIA,0.295,143,668,589,82,174,21,6,4,219,44,4,3
2021,62893,최정민,KIA,0.333,39,19,15,5,5,0,0,0,5,1,0,0
2021,65464,최정용,KIA,0.192,53,65,52,7,10,1,0,0,11,2,3,1
2021,72443,최형우,KIA,0.233,104,446,373,52,87,15,1,12,140,55,0,2
2021,69652,터커,KIA,0.237,127,539,468,42,111,24,1,9,164,59,0,2
2021,63722,한승택,KIA,0.217,82,239,203,17,44,7,0,3,60,16,5,0
2021,65610,황대인,KIA,0.238,86,308,282,30,67,10,1,13,118,45,1,5
2021,62908,황윤호,KIA,0.176,6,19,17,2,3,0,0,0,3,0,0,0
2021,50393,김동욱,키움,,1,0,0,0,0,0,0,0,0,0,0,0
2021,50304,김병휘,키움,0.2,13,11,10,5,2,0,0,0,2,0,0,0
2021,67828,김성민,키움,,5,0,0,0,0,0,0,0,0,0,0,0
2021,51301,김성진,키움,,3,0,0,0,0,0,0,0,0,0,0,0
2021,68346,김수환,키움,0.22,13,44,41,5,9,2,0,2,17,5,0,1
2021,65898,김웅빈,키움,0.241,97,279,232,24,56,13,1,6,89,35,2,2
2021,65304,김은성,키움,0.278,6,18,18,1,5,3,0,0,8,2,0,0
2021,67391,김재웅,키움,,3,0,0,0,0,0,0,0,0,0,0,0
2021,62332,김재현,키움,0.217,39,51,46,2,10,7,0,0,17,8,2,0
2021,65392,김정인,키움,,3,0,0,0,0,0,0,0,0,0,0,0
2021,69306,김주형,키움,0.18,36,70,50,5,9,3,0,0,12,5,3,0
2021,62360,김태훈,키움,,5,0,0,0,0,0,0,0,0,0,0,0
2021,67304,김혜성,키움,0.304,144,635,559,99,170,20,3,3,205,66,0,10
2021,51344,김휘집,키움,0.129,34,89,70,9,9,1,0,1,13,8,3,1
2021,60336,문성현,키움,,1,0,0,0,0,0,0,0,0,0,0,0
2021,50365,문찬종,키움,0.143,13,17,14,0,2,0,0,0,2,1,0,0
2021,50397,박관진,키움,,1,0,0,0,0,0,0,0,0,0,0,0
2021,79365,박동원,키움,0.249,131,481,413,61,103,21,0,22,190,83,5,3
2021,75125,박병호,키움,0.227,118,477,409,48,93,23,0,20,176,76,0,7
2021,66305,박승주,키움,,1,0,0,0,0,0,0,0,0,0,0,0
2021,62353,박정음,키움,0,70,18,14,19,0,0,0,0,0,1,0,1
2021,50357,박주홍,키움,0.106,23,56,47,4,5,2,0,0,7,3,0,0
2021,64657,박준태,키움,0.196,27,58,46,10,9,3,0,0,12,4,0,0
2021,68305,변상권,키움,0.239,72,171,159,19,38,5,4,0,51,20,0,3
2021,65357,송성문,키움,0.249,66,274,245,30,61,10,1,6,91,33,2,1
2021,65362,송우현,키움,0.296,69,282,250,34,74,17,2,3,104,42,1,1
2021,50312,신준우,키움,0.167,56,51,42,7,7,3,0,0,10,4,1,1
2021,61268,양현,키움,,4,0,0,0,0,0,0,0,0,0,0,0
2021,68330,예진원,키움,0.158,52,132,114,16,18,6,1,1,29,8,3,1
2021,74359,오주원,키움,,2,0,0,0,0,0,0,0,0,0,0,0
2021,69399,윤정현,키움,,1,0,0,0,0,0,0,0,0,0,0,0
2021,69366,이명기,키움,0.167,3,8,6,0,1,0,0,0,1,1,0,0
2021,67603,이승호,키움,,3,0,0,0,0,0,0,0,0,0,0,0
2021,74163,이용규,키움,0.296,133,547,459,88,136,16,8,1,171,43,6,6
2021,67341,이정후,키움,0.36,123,544,464,78,167,42,6,7,242,84,0,9
2021,67341,이정후,키움,0.36,123,544,464,78,167,42,6,7,242,84,0,9
2021,51302,이주형,키움,0.1,5,11,10,1,1,0,0,1,4,3,0,0
2021,79456,이지영,키움,0.275,108,258,233,29,64,5,1,0,71,31,2,3
2021,64340,임지열,키움,0.12,19,30,25,5,3,0,0,0,3,0,0,0
2021,51359,장재영,키움,,1,0,0,0,0,0,0,0,0,0,0,0
2021,65586,전병우,키움,0.187,115,261,214,35,40,8,0,6,66,31,4,1
2021,63342,조상우,키움,,4,0,0,0,0,0,0,0,0,0,0,0
2021,69360,조영건,키움,,1,0,0,0,0,0,0,0,0,0,0,0
2021,51309,크레익,키움,0.248,61,247,222,25,55,12,0,6,85,30,0,1
2021,51324,프레이타스,키움,0.259,43,148,139,13,36,10,0,2,52,14,0,1
2021,65399,허정협,키움,0.156,29,52,45,5,7,0,0,0,7,2,0,0
2021,64906,강민국,KT,0.244,18,50,45,2,11,2,0,0,13,4,2,0
2021,68050,강백호,KT,0.347,142,627,516,76,179,40,1,16,269,102,0,8
2021,68069,고명성,KT,0,7,1,1,1,0,0,0,0,0,0,0,0
2021,64001,고영표,KT,,1,1,0,0,0,0,0,0,0,0,0,0
2021,51003,권동진,KT,0.254,86,86,67,21,17,5,0,1,25,6,1,0
2021,51005,김건형,KT,0.212,11,39,33,4,7,1,0,0,8,0,0,0
2021,65048,김민수,KT,,6,0,0,0,0,0,0,0,0,0,0,0
2021,64004,김민혁,KT,0.32,75,199,172,22,55,6,2,1,68,13,5,0
2021,64014,김병희,KT,0.288,34,70,52,16,15,3,0,5,33,13,2,0
2021,65062,김재윤,KT,,8,0,0,0,0,0,0,0,0,0,0,0
2021,62558,김준태,KT,0.195,58,149,128,17,25,5,0,4,42,15,0,2
2021,65040,김태훈,KT,0.23,44,91,87,6,20,4,1,1,29,6,1,0
2021,64007,문상철,KT,0.219,53,106,96,14,21,6,0,2,33,16,0,0
2021,73113,박경수,KT,0.192,118,280,239,24,46,10,0,9,83,33,4,0
2021,62802,박승욱,KT,0.333,8,6,6,5,2,1,0,0,3,0,0,0
2021,60559,박시영,KT,,3,0,0,0,0,0,0,0,0,0,0,0
2021,64166,배정대,KT,0.259,144,595,510,85,132,23,1,12,193,68,3,5
2021,64012,송민섭,KT,0.229,122,65,48,39,11,0,0,0,11,7,5,0
2021,62556,신본기,KT,0.236,96,206,174,25,41,8,0,1,52,19,5,1
2021,64006,심우준,KT,0.268,139,460,407,61,109,20,2,6,151,48,10,6
2021,64017,심재민,KT,,3,0,0,0,0,0,0,0,0,0,0,0
2021,73738,안영명,KT,,1,0,0,0,0,0,0,0,0,0,0,0
2021,51004,알몬테,KT,0.271,60,250,225,18,61,9,0,7,91,36,0,2
2021,64504,오윤석,KT,0.244,97,198,164,23,40,11,0,4,63,16,5,0
2021,76757,유원상,KT,,1,0,0,0,0,0,0,0,0,0,0,0
2021,74339,유한준,KT,0.309,104,337,282,30,87,16,0,5,118,42,0,4
2021,67008,이대은,KT,,1,0,0,0,0,0,0,0,0,0,0,0
2021,65057,이창재,KT,,1,0,0,0,0,0,0,0,0,0,0,0
2021,63634,이홍구,KT,0.164,37,58,55,4,9,0,0,1,12,5,0,1
2021,78548,장성우,KT,0.231,127,460,385,46,89,13,0,14,144,63,9,3
2021,64868,조용호,KT,0.236,138,515,428,71,101,14,1,0,117,48,5,5
2021,64047,조현우,KT,,3,0,0,0,0,0,0,0,0,0,0,0
2021,50054,천성호,KT,0.286,41,47,42,13,12,1,0,0,13,4,0,0
2021,78517,하준호,KT,,2,0,0,0,0,0,0,0,0,0,0,0
2021,77243,허도환,KT,0.276,62,125,105,8,29,6,0,2,41,21,10,0
2021,68730,호잉,KT,0.239,68,294,259,32,62,11,1,11,108,52,0,5
2021,67005,홍현빈,KT,0.182,43,12,11,8,2,0,0,0,2,0,1,0
2021,76313,황재균,KT,0.291,117,507,453,74,132,16,2,10,182,56,1,4
2021,67119,고우석,LG,,5,0,0,0,0,0,0,0,0,0,0,0
2021,69100,구본혁,LG,0.132,123,45,38,10,5,2,0,0,7,3,1,2
2021,77564,김민성,LG,0.222,121,426,360,35,80,22,0,8,126,39,11,5
2021,78217,김용의,LG,0.148,102,41,27,19,4,2,0,0,6,2,4,1
2021,65132,김재성,LG,0.138,58,73,65,6,9,2,1,1,16,3,1,1
2021,66162,김주성,LG,0.167,3,7,6,1,1,0,0,1,4,1,0,0
2021,60181,김지용,LG,,1,0,0,0,0,0,0,0,0,0,0,0
2021,51154,김진수,LG,,1,0,0,0,0,0,0,0,0,0,0,0
2021,76290,김현수,LG,0.285,140,595,506,70,144,23,1,17,220,96,0,9
2021,66113,김호은,LG,0,7,9,9,0,0,0,0,0,0,0,0,0
2021,50165,라모스,LG,0.243,51,205,185,14,45,7,1,8,78,25,0,0
2021,63103,류원석,LG,,1,0,0,0,0,0,0,0,0,0,0,0
2021,69102,문보경,LG,0.23,107,329,278,37,64,11,1,8,101,39,3,2
2021,68119,문성주,LG,0.228,31,89,79,11,18,1,0,1,22,10,0,1
2021,51144,보어,LG,0.17,32,117,100,7,17,2,0,3,28,17,0,3
2021,78168,서건창,LG,0.253,144,600,513,78,130,24,2,6,176,52,5,4
2021,50150,손호영,LG,0.1,8,12,10,2,1,0,0,0,1,0,0,0
2021,65207,신민재,LG,0.13,32,27,23,8,3,0,0,0,3,2,0,0
2021,65115,안익훈,LG,0.143,48,16,14,4,2,1,0,0,3,1,0,0
2021,79109,오지환,LG,0.254,134,532,464,62,118,19,2,8,165,57,4,5
2021,61102,유강남,LG,0.252,130,441,397,39,100,16,0,11,149,60,3,2
2021,65117,이상규,LG,,3,0,0,0,0,0,0,0,0,0,0,0
2021,69168,이상영,LG,,3,0,0,0,0,0,0,0,0,0,0,0
2021,60566,이상호,LG,0.308,45,68,65,5,20,2,0,0,22,12,2,0
2021,71184,이성우,LG,0.212,36,39,33,0,7,0,0,0,7,2,5,0
2021,51100,이영빈,LG,0.243,72,169,148,21,36,9,0,2,51,16,2,1
2021,61145,이우찬,LG,,1,0,0,0,0,0,0,0,0,0,0,0
2021,68106,이재원,LG,0.247,62,171,154,22,38,6,0,5,59,17,0,1
2021,69134,이정용,LG,,1,0,0,0,0,0,0,0,0,0,0,0
2021,50167,이주형,LG,0.125,14,19,16,3,2,0,0,0,2,0,1,0
2021,67164,이찬혁,LG,,1,0,0,0,0,0,0,0,0,0,0,0
2021,61186,이천웅,LG,0.199,68,211,181,20,36,7,0,2,49,16,1,1
2021,78135,이형종,LG,0.218,90,281,239,32,52,11,0,10,93,34,1,0
2021,64115,장준원,LG,0,5,3,3,0,0,0,0,0,0,0,0,0
2021,79150,정주현,LG,0.238,73,214,181,26,43,7,1,3,61,10,9,0
2021,76650,진해수,LG,,2,0,0,0,0,0,0,0,0,0,0,0
2021,65241,채원후,LG,,4,0,0,0,0,0,0,0,0,0,0,0
2021,79192,채은성,LG,0.276,110,448,387,59,107,20,0,16,175,82,0,7
2021,65157,최민창,LG,0,3,2,2,0,0,0,0,0,0,0,0,0
2021,62146,최성훈,LG,,5,0,0,0,0,0,0,0,0,0,0,0
2021,64101,한석현,LG,0.286,16,26,21,5,6,2,1,0,10,1,0,1
2021,66108,홍창기,LG,0.328,144,651,524,103,172,26,2,4,214,52,0,2
2021,65515,강로한,롯데,0.121,21,35,33,7,4,0,0,2,10,4,0,0
2021,79358,강윤구,롯데,,1,0,0,0,0,0,0,0,0,0,0,0
2021,65514,강태율,롯데,0.077,19,31,26,1,2,1,0,1,6,5,0,1
2021,67504,김민수,롯데,0.241,82,224,199,19,48,11,1,3,70,25,3,1
2021,62528,김원중,롯데,,3,0,0,0,0,0,0,0,0,0,0,0
2021,64596,김유영,롯데,,2,0,0,0,0,0,0,0,0,0,0,0
2021,65506,김재유,롯데,0.287,87,192,174,27,50,8,0,1,61,18,4,0
2021,66749,김주현,롯데,0.25,8,17,16,1,4,0,0,0,4,0,0,0
2021,67539,나균안,롯데,,1,0,0,0,0,0,0,0,0,0,0,0
2021,51551,나승엽,롯데,0.204,60,128,113,16,23,2,0,2,31,10,0,1
2021,67454,나원탁,롯데,0,1,1,1,0,0,0,0,0,0,0,0,0
2021,50506,마차도,롯데,0.279,134,539,466,83,130,21,1,5,168,58,4,7
2021,76249,민병헌,롯데,0.19,14,49,42,5,8,3,0,0,11,2,1,0
2021,64501,배성근,롯데,0.204,78,109,93,21,19,4,0,1,26,9,2,0
2021,51528,손성빈,롯데,0.316,20,22,19,4,6,0,0,0,6,0,0,0
2021,77532,손아섭,롯데,0.319,139,610,542,88,173,29,2,3,215,58,3,1
2021,51594,송재영,롯데,,1,0,0,0,0,0,0,0,0,0,0,0
2021,69508,신윤후,롯데,0.261,71,136,119,23,31,5,2,1,43,6,2,1
2021,64022,안중열,롯데,0.232,58,157,125,19,29,5,0,3,43,16,3,1
2021,79608,안치홍,롯데,0.306,119,490,421,58,129,30,2,10,193,82,5,9
2021,79293,오현택,롯데,,1,0,0,0,0,0,0,0,0,0,0,0
2021,71564,이대호,롯데,0.286,114,465,420,39,120,11,0,19,188,81,0,6
2021,76100,이병규,롯데,0.235,29,43,34,4,8,0,0,0,8,4,0,0
2021,64565,이인복,롯데,,1,0,0,0,0,0,0,0,0,0,0,0
2021,51560,이주찬,롯데,0,3,8,7,0,0,0,0,0,0,0,1,0
2021,68504,이호연,롯데,0.222,7,11,9,0,2,0,0,0,2,1,0,1
2021,68507,장두성,롯데,0.222,43,41,36,12,8,2,1,0,12,4,0,0
2021,78513,전준우,롯데,0.348,144,619,552,88,192,46,0,7,259,92,1,8
2021,68518,정보근,롯데,0.278,11,20,18,0,5,0,0,0,5,0,0,0
2021,60523,정훈,롯데,0.292,135,561,486,70,142,27,1,14,213,79,1,3
2021,64717,지시완,롯데,0.241,73,187,166,23,40,9,0,7,70,26,2,0
2021,63895,최민재,롯데,0.08,21,27,25,2,2,1,0,0,3,2,0,0
2021,51574,최종은,롯데,0,1,1,1,0,0,0,0,0,0,0,0,0
2021,68362,추재현,롯데,0.252,95,300,262,37,66,15,0,5,96,26,5,0
2021,68525,한동희,롯데,0.267,129,496,424,54,113,24,0,17,188,69,1,4
2021,62925,강진성,NC,0.249,124,462,406,49,101,20,0,7,142,38,4,2
2021,63963,권희동,NC,0.263,55,171,133,25,35,3,0,8,62,26,1,3
2021,60339,김건태,NC,,1,0,0,0,0,0,0,0,0,0,0,0
2021,65462,김기환,NC,0.207,62,149,140,19,29,7,2,3,49,13,1,0
2021,67900,김수윤,NC,0,7,7,7,0,0,0,0,0,0,0,0,0
2021,68900,김영규,NC,,1,0,0,0,0,0,0,0,0,0,0,0
2021,51907,김주원,NC,0.241,69,189,166,20,40,7,1,5,64,16,2,2
2021,63920,김준완,NC,0.167,13,14,12,3,2,0,1,0,4,1,0,0
2021,75867,김진성,NC,,1,0,0,0,0,0,0,0,0,0,0,0
2021,78122,김태군,NC,0.22,102,276,232,23,51,7,0,7,79,24,9,3
2021,67956,김태현,NC,,1,0,0,0,0,0,0,0,0,0,0,0
2021,62947,나성범,NC,0.281,144,623,570,96,160,29,1,33,290,101,0,4
2021,69996,노시훈,NC,,1,0,0,0,0,0,0,0,0,0,0,0
2021,62931,노진혁,NC,0.288,107,384,330,41,95,22,0,8,141,58,4,3
2021,66965,도태훈,NC,0.182,77,76,66,10,12,1,0,1,16,9,0,0
2021,65949,류진욱,NC,,1,0,0,0,0,0,0,0,0,0,0,0
2021,78813,모창민,NC,0,3,6,5,0,0,0,0,0,0,0,0,0
2021,64944,박대온,NC,0.212,42,95,85,4,18,1,0,0,19,5,4,2
2021,62907,박민우,NC,0.261,50,215,180,30,47,5,3,1,61,18,4,2
2021,74465,박석민,NC,0.257,59,205,171,27,44,8,0,10,82,41,3,2
2021,50996,박시원,NC,0,1,1,1,0,0,0,0,0,0,0,0,0
2021,66928,박준영,NC,0.209,111,315,273,37,57,7,2,8,92,31,3,2
2021,69974,배민서,NC,,2,0,0,0,0,0,0,0,0,0,0,0
2021,68902,신민혁,NC,,1,0,0,0,0,0,0,0,0,0,0,0
2021,50901,안인산,NC,,2,0,0,0,0,0,0,0,0,0,0,0
2021,50923,알테어,NC,0.272,143,565,492,83,134,19,2,32,253,84,0,5
2021,76232,양의지,NC,0.325,141,570,480,81,156,29,2,30,279,111,0,10
2021,51991,오장한,NC,0,1,1,1,0,0,0,0,0,0,0,0,0
2021,51996,오태양,NC,0,1,1,1,0,0,0,0,0,0,0,0,0
2021,76118,원종현,NC,,4,0,0,0,0,0,0,0,0,0,0,0
2021,63905,윤형준,NC,0.297,51,81,74,10,22,0,0,5,37,10,3,1
2021,76849,이명기,NC,0.293,56,232,191,30,56,12,0,2,74,14,3,0
2021,77211,이용찬,NC,,6,0,0,0,0,0,0,0,0,0,0,0
2021,65964,이우석,NC,,1,0,0,0,0,0,0,0,0,0,0,0
2021,62025,이원재,NC,0.231,31,69,65,3,15,2,0,0,17,7,1,1
2021,66968,이재율,NC,0.2,23,17,15,5,3,2,0,0,5,1,0,0
2021,63959,임정호,NC,,1,0,0,0,0,0,0,0,0,0,0,0
2021,78352,임창민,NC,,1,0,0,0,0,0,0,0,0,0,0,0
2021,78361,전민수,NC,0.255,71,109,98,12,25,3,0,3,37,16,0,0
2021,76720,정범모,NC,0.211,19,23,19,2,4,1,0,1,8,5,1,0
2021,61869,정진기,NC,0.223,88,206,193,27,43,8,0,6,69,21,2,0
2021,63450,정현,NC,0.222,68,149,117,14,26,5,1,0,33,7,8,0
2021,73306,지석훈,NC,0.147,28,43,34,6,5,1,0,0,6,2,0,1
2021,62966,최금강,NC,,1,0,0,0,0,0,0,0,0,0,0,0
2021,68909,최보성,NC,0.25,10,14,12,0,3,0,0,0,3,1,1,0
2021,65905,최승민,NC,0.226,48,34,31,8,7,1,0,0,8,1,2,0
2021,66963,최우재,NC,0,2,2,2,0,0,0,0,0,0,0,0,0
2021,69992,최정원,NC,0.283,72,238,212,40,60,4,2,0,68,8,4,0
2021,62655,홍성민,NC,,2,0,0,0,0,0,0,0,0,0,0,0
2021,74540,강민호,삼성,0.291,123,462,406,55,118,22,0,18,194,67,0,7
2021,64610,강한울,삼성,0.26,124,258,223,25,58,5,0,0,63,27,3,3
2021,62404,구자욱,삼성,0.306,139,610,543,107,166,30,10,22,282,88,1,12
2021,65412,권정웅,삼성,0,2,1,1,0,0,0,0,0,0,0,0,0
2021,69442,김도환,삼성,0.146,25,46,41,1,6,2,0,0,8,1,1,0
2021,66838,김동엽,삼성,0.238,69,203,185,20,44,9,0,4,65,24,0,4
2021,68403,김무신,삼성,,2,0,0,0,0,0,0,0,0,0,0,0
2021,64793,김민수,삼성,0.263,47,87,76,9,20,5,0,3,34,13,2,2
2021,79402,김상수,삼성,0.235,132,496,429,46,101,17,1,3,129,42,8,4
2021,67449,김성윤,삼성,0.167,30,19,18,7,3,0,0,0,3,2,0,1
2021,63435,김성표,삼성,0.333,39,24,18,10,6,0,0,0,6,1,1,0
2021,60288,김응민,삼성,0,1,2,2,0,0,0,0,0,0,0,0,0
2021,50458,김지찬,삼성,0.274,120,336,296,50,81,6,0,1,90,26,10,3
2021,61404,김헌곤,삼성,0.281,118,364,317,38,89,8,2,4,113,27,3,5
2021,51417,김현준,삼성,0.25,13,4,4,2,1,0,0,0,1,0,0,0
2021,64407,김호재,삼성,0.227,87,90,75,9,17,2,0,0,19,7,3,1
2021,62920,노건우,삼성,,2,0,0,0,0,0,0,0,0,0,0,0
2021,67419,문용익,삼성,,1,0,0,0,0,0,0,0,0,0,0,0
2021,69418,박승규,삼성,0.182,59,78,66,13,12,1,0,3,22,5,1,0
2021,62415,박해민,삼성,0.291,127,542,454,78,132,22,1,5,171,54,9,7
2021,64410,백승민,삼성,0,4,3,3,0,0,0,0,0,0,0,0,0
2021,64469,송준석,삼성,0.235,19,55,51,5,12,2,0,2,20,4,0,0
2021,66406,안주형,삼성,,1,0,0,0,0,0,0,0,0,0,0,0
2021,78756,오선진,삼성,0.214,23,46,42,5,9,0,0,0,9,2,0,0
2021,75421,오승환,삼성,,2,0,0,0,0,0,0,0,0,0,0,0
2021,75334,오재일,삼성,0.285,120,484,418,64,119,20,0,25,214,97,0,8
2021,75566,이원석,삼성,0.231,131,480,399,40,92,19,0,9,138,59,2,8
2021,63492,이재익,삼성,,1,0,0,0,0,0,0,0,0,0,0,0
2021,68466,이태훈,삼성,0,3,2,2,0,0,0,0,0,0,0,0,0
2021,69453,이학주,삼성,0.206,66,174,155,17,32,8,0,4,52,20,4,0
2021,61197,최영진,삼성,0.281,44,63,57,9,16,1,2,1,24,6,0,0
2021,51463,피렐라,삼성,0.286,140,621,553,102,158,25,2,29,274,97,0,3
2021,51868,고명준,SSG,0,3,5,5,0,0,0,0,0,0,0,0,0
2021,61353,고종욱,SSG,0.267,88,199,180,25,48,5,0,2,59,18,1,2
2021,71837,김강민,SSG,0.238,122,260,223,43,53,11,1,8,90,27,3,3
2021,69810,김규남,SSG,0,4,7,7,0,0,0,0,0,0,0,0,0
2021,76430,김상수,SSG,,3,0,0,0,0,0,0,0,0,0,0,0
2021,76802,김성현,SSG,0.283,110,274,237,27,67,15,0,6,100,37,4,4
2021,66917,김찬형,SSG,0.227,88,161,132,20,30,7,0,2,43,7,9,0
2021,69825,김창평,SSG,0.08,40,28,25,6,2,0,0,0,2,1,2,0
2021,79847,김태훈,SSG,,1,0,0,0,0,0,0,0,0,0,0,0
2021,65343,김택형,SSG,,3,0,0,0,0,0,0,0,0,0,0,0
2021,66052,남태혁,SSG,0.3,12,22,20,2,6,1,0,1,10,4,0,0
2021,67872,로맥,SSG,0.225,107,421,355,55,80,11,0,20,151,52,0,3
2021,64893,박민호,SSG,,1,0,0,0,0,0,0,0,0,0,0,0
2021,67893,박성한,SSG,0.302,135,471,407,53,123,21,1,4,158,44,12,2
2021,64896,서동민,SSG,,1,0,0,0,0,0,0,0,0,0,0,0
2021,61895,서진용,SSG,0,5,1,1,0,0,0,0,0,0,0,0,0
2021,62937,신재영,SSG,,1,0,0,0,0,0,0,0,0,0,0,0
2021,66864,안상현,SSG,0.256,37,40,39,9,10,2,0,1,15,4,0,0
2021,61743,오준혁,SSG,0.217,26,50,46,7,10,2,0,2,18,5,0,0
2021,60558,오태곤,SSG,0.268,122,253,235,47,63,10,0,9,100,35,1,1
2021,64890,유서준,SSG,0,6,2,2,1,0,0,0,0,0,0,0,0
2021,76812,이재원,SSG,0.28,107,313,271,29,76,13,0,3,98,30,6,2
2021,67807,이정범,SSG,0.254,19,66,59,8,15,4,0,3,28,9,0,0
2021,65869,이현석,SSG,0.266,39,89,79,7,21,5,0,4,38,19,3,2
2021,63440,이흥련,SSG,0.236,90,146,127,15,30,3,0,3,42,14,2,0
2021,51895,장지훈,SSG,,2,0,0,0,0,0,0,0,0,0,0,0
2021,71842,정상호,SSG,0,3,3,3,0,0,0,0,0,0,0,0,0
2021,66960,정수민,SSG,,1,0,0,0,0,0,0,0,0,0,0,0
2021,75151,정의윤,SSG,0.23,62,178,165,21,38,2,0,7,61,24,0,2
2021,51809,조요한,SSG,,1,0,0,0,0,0,0,0,0,0,0,0
2021,75847,최정,SSG,0.278,134,555,436,92,121,17,1,35,245,100,1,12
2021,76267,최주환,SSG,0.256,116,470,406,50,104,16,0,18,174,67,0,2
2021,50854,최지훈,SSG,0.262,136,534,461,75,121,19,6,5,167,45,8,6
2021,62884,최항,SSG,0.275,34,79,69,5,19,2,1,0,23,7,1,1
2021,51817,추신수,SSG,0.265,137,580,461,84,122,19,2,21,208,69,0,4
2021,69813,하재훈,SSG,,2,0,0,0,0,0,0,0,0,0,0,0
2021,62895,한유섬,SSG,0.278,135,519,442,71,123,18,1,31,236,95,1,6
2022,63123,강승호,두산,0.264,134,487,444,54,117,28,1,10,177,62,6,5
2022,62925,강진성,두산,0.163,40,94,80,7,13,2,0,1,18,8,1,0
2022,51269,강현구,두산,0.333,3,5,3,0,1,0,0,0,1,0,0,0
2022,68204,권민석,두산,0,16,3,3,3,0,0,0,0,0,0,0,0
2022,77263,김강률,두산,,5,0,0,0,0,0,0,0,0,0,0,0
2022,69238,김대한,두산,0.24,51,110,96,13,23,6,1,4,43,11,2,1
2022,51230,김동주,두산,,1,0,0,0,0,0,0,0,0,0,0,0
2022,67246,김명신,두산,,3,0,0,0,0,0,0,0,0,0,0,0
2022,65269,김민혁,두산,0.284,38,97,88,11,25,2,0,5,42,16,0,0
2022,63257,김인태,두산,0.247,83,279,235,25,58,6,0,5,79,25,0,0
2022,74206,김재호,두산,0.215,102,264,223,26,48,7,0,1,58,21,7,4
2022,78224,김재환,두산,0.248,128,517,448,64,111,24,1,23,206,72,0,4
2022,60181,김지용,두산,,3,0,0,0,0,0,0,0,0,0,0,0
2022,69207,김태근,두산,0.5,2,6,4,0,2,1,0,0,3,2,0,0
2022,64468,박계범,두산,0.221,77,168,145,21,32,8,0,2,46,14,6,2
2022,62244,박세혁,두산,0.248,128,402,351,33,87,13,1,3,111,41,8,4
2022,68249,박신지,두산,,1,0,0,0,0,0,0,0,0,0,0,0
2022,67202,박유연,두산,0.235,13,19,17,0,4,0,0,0,4,2,0,0
2022,65639,박정수,두산,,1,0,0,0,0,0,0,0,0,0,0,0
2022,66203,서예일,두산,0.16,35,27,25,2,4,1,0,0,5,2,1,0
2022,69203,송승환,두산,0.25,11,28,28,3,7,1,0,1,11,4,0,0
2022,64086,신성현,두산,0.087,17,25,23,3,2,0,0,1,5,2,0,0
2022,50202,안권수,두산,0.297,76,267,239,43,71,7,2,0,82,20,1,0
2022,64011,안승한,두산,0.333,30,39,36,5,12,3,0,0,15,8,1,0
2022,51203,안재석,두산,0.213,99,264,235,22,50,10,0,3,69,17,4,2
2022,64153,양석환,두산,0.244,107,446,405,58,99,14,1,20,175,51,0,2
2022,50293,양찬열,두산,0.244,41,94,82,15,20,4,0,3,33,12,1,0
2022,77248,오재원,두산,0.172,18,31,29,2,5,2,0,0,7,4,0,1
2022,62242,윤명준,두산,,1,0,0,0,0,0,0,0,0,0,0,0
2022,64805,이승진,두산,,1,0,0,0,0,0,0,0,0,0,0,0
2022,67207,이유찬,두산,0.241,13,31,29,3,7,0,0,1,10,2,1,1
2022,78352,임창민,두산,,3,0,0,0,0,0,0,0,0,0,0,0
2022,63202,장승현,두산,0.208,60,109,96,6,20,3,0,0,23,9,3,1
2022,74513,장원준,두산,,1,0,0,0,0,0,0,0,0,0,0,0
2022,68205,전민재,두산,0.289,35,46,45,11,13,1,0,0,14,0,1,0
2022,79231,정수빈,두산,0.259,127,455,405,58,105,12,4,3,134,41,6,4
2022,68242,정철원,두산,,2,0,0,0,0,0,0,0,0,0,0,0
2022,66209,조수행,두산,0.235,117,134,119,36,28,4,1,1,37,9,2,2
2022,64213,최용제,두산,,1,1,0,0,0,0,0,0,0,0,0,0
2022,69209,페르난데스,두산,0.309,139,550,508,52,157,28,0,6,203,77,0,5
2022,79240,허경민,두산,0.289,121,493,432,59,125,23,0,8,172,60,2,7
2022,61643,홍건희,두산,,7,0,0,0,0,0,0,0,0,0,0,0
2022,66233,홍성호,두산,0.167,12,19,18,3,3,0,0,0,3,0,0,0
2022,66710,강상원,한화,,1,0,0,0,0,0,0,0,0,0,0,0
2022,52769,권광민,한화,0.225,32,87,71,6,16,3,1,0,21,8,0,2
2022,65764,김민우,한화,,1,0,0,0,0,0,0,0,0,0,0,0
2022,65769,김범수,한화,,1,0,0,0,0,0,0,0,0,0,0,0
2022,66715,김인환,한화,0.261,113,429,398,48,104,14,0,16,166,54,0,4
2022,66704,김태연,한화,0.24,119,464,404,46,97,18,0,7,136,53,3,4
2022,63704,노수광,한화,0.229,117,361,315,33,72,18,6,4,114,30,10,3
2022,69737,노시환,한화,0.281,115,490,434,55,122,24,1,6,166,59,0,4
2022,64029,류희운,한화,,2,0,0,0,0,0,0,0,0,0,0,0
2022,66707,박상언,한화,0.224,56,151,134,16,30,5,1,4,49,17,5,1
2022,50709,박정현,한화,0.244,81,220,205,23,50,4,1,3,65,19,2,0
2022,78643,백용환,한화,0.2,4,5,5,1,1,1,0,0,2,0,0,0
2022,69727,변우혁,한화,0.262,21,61,61,5,16,3,0,3,28,8,0,0
2022,60140,신정락,한화,,1,0,0,0,0,0,0,0,0,0,0,0
2022,67760,원혁재,한화,0.095,11,23,21,2,2,1,0,0,3,0,0,0
2022,69766,유로결,한화,0.133,30,68,60,5,8,0,0,0,8,4,3,0
2022,52705,유상빈,한화,0.326,17,49,46,3,15,5,0,0,20,4,2,1
2022,63961,윤호솔,한화,,1,0,0,0,0,0,0,0,0,0,0,0
2022,65703,이도윤,한화,0.159,80,126,113,9,18,7,0,1,28,8,4,1
2022,64266,이성곤,한화,0.192,41,117,99,6,19,5,0,0,24,5,0,1
2022,68700,이원석,한화,0.114,20,39,35,4,4,0,0,1,7,1,1,0
2022,66657,이진영,한화,0.2,70,240,220,27,44,12,1,8,82,31,0,3
2022,60343,이해창,한화,0,4,11,10,0,0,0,0,0,0,0,1,0
2022,50704,임종찬,한화,0.189,20,57,53,2,10,1,0,2,17,6,0,1
2022,77318,장시환,한화,,3,0,0,0,0,0,0,0,0,0,0,0
2022,63700,장운호,한화,0.238,57,146,122,12,29,3,0,1,35,15,2,2
2022,66706,장진혁,한화,0.233,41,132,116,11,27,2,0,2,35,17,1,3
2022,51764,정민규,한화,0.13,9,24,23,3,3,0,0,0,3,0,0,0
2022,68743,정은원,한화,0.274,140,601,508,67,139,20,2,8,187,49,4,3
2022,65707,주현상,한화,,2,0,0,0,0,0,0,0,0,0,0,0
2022,78288,최재훈,한화,0.223,114,437,364,38,81,14,0,5,110,30,5,2
2022,52712,터크먼,한화,0.289,144,648,575,88,166,37,4,12,247,43,0,2
2022,62700,하주석,한화,0.258,125,483,445,50,115,18,2,5,152,58,1,3
2022,69706,허관회,한화,0.217,15,25,23,3,5,2,0,0,7,1,1,0
2022,52764,허인서,한화,0.167,8,19,18,1,3,0,0,0,3,0,0,0
2022,61353,고종욱,KIA,0.283,62,114,106,13,30,7,1,2,45,14,1,0
2022,51640,권다결,KIA,0.5,2,2,2,0,1,0,0,0,1,1,0,0
2022,66614,김규성,KIA,0.18,70,52,50,14,9,0,1,1,14,4,1,0
2022,52605,김도영,KIA,0.237,103,254,224,37,53,11,4,3,81,19,4,1
2022,67610,김석환,KIA,0.149,51,107,94,15,14,2,0,3,25,7,0,0
2022,78603,김선빈,KIA,0.287,140,587,505,51,145,23,0,3,177,61,7,3
2022,51604,김선우,KIA,0.333,3,4,3,1,1,0,0,0,1,0,0,0
2022,64580,김재열,KIA,,1,0,0,0,0,0,0,0,0,0,0,0
2022,65653,김호령,KIA,0.273,54,88,77,21,21,1,1,1,27,8,4,0
2022,62947,나성범,KIA,0.32,144,649,563,92,180,39,2,21,286,97,0,5
2022,62947,나성범,KIA,0.32,144,649,563,92,180,39,2,21,286,97,0,5
2022,78629,나지완,KIA,0,2,1,1,0,0,0,0,0,0,0,0,0
2022,66615,류승현,KIA,0,3,3,3,0,0,0,0,0,0,0,0,0
2022,62234,류지혁,KIA,0.274,127,477,405,55,111,19,2,2,140,48,8,2
2022,79365,박동원,KIA,0.242,123,447,385,52,93,21,0,18,168,57,7,1
2022,50657,박민,KIA,0,6,2,2,1,0,0,0,0,0,0,0,0
2022,67609,박정우,KIA,0.333,16,3,3,2,1,0,0,0,1,2,0,0
2022,64646,박찬호,KIA,0.272,130,566,493,81,134,22,0,4,168,45,8,7
2022,52630,소크라테스,KIA,0.311,127,554,514,83,160,29,7,17,254,77,0,4
2022,66662,신범수,KIA,0,2,3,3,0,0,0,0,0,0,0,0,0
2022,63260,이우성,KIA,0.292,80,137,120,23,35,7,0,1,45,12,4,0
2022,67644,이정훈,KIA,0,6,10,8,0,0,0,0,0,0,0,0,0
2022,64560,이창진,KIA,0.301,111,404,346,56,104,14,0,7,139,48,11,4
2022,66833,임석진,KIA,0.071,10,17,14,4,1,0,0,1,4,1,0,0
2022,65464,최정용,KIA,0.091,30,23,22,5,2,0,0,0,2,0,1,0
2022,72443,최형우,KIA,0.264,132,530,454,55,120,27,1,14,191,71,0,2
2022,63722,한승택,KIA,0.176,66,119,102,11,18,2,0,1,23,12,4,1
2022,65610,황대인,KIA,0.256,129,524,476,40,122,27,0,14,191,91,0,5
2022,64906,강민국,키움,0,3,4,3,0,0,0,0,0,0,1,0,0
2022,51301,김성진,키움,,2,0,0,0,0,0,0,0,0,0,0,0
2022,68346,김수환,키움,0.179,57,168,140,18,25,6,0,4,43,14,3,1
2022,51303,김시앙,키움,0.083,13,14,12,1,1,0,0,0,1,0,1,0
2022,65898,김웅빈,키움,0.226,45,135,115,17,26,5,1,1,36,11,3,0
2022,62332,김재현,키움,0.207,56,88,82,4,17,4,0,1,24,9,2,1
2022,69306,김주형,키움,0.2,55,130,110,16,22,7,1,1,34,5,2,1
2022,63920,김준완,키움,0.192,111,398,317,43,61,10,2,1,78,28,6,3
2022,64984,김태진,키움,0.268,77,276,254,37,68,5,1,0,75,20,3,1
2022,62360,김태훈,키움,,1,0,0,0,0,0,0,0,0,0,0,0
2022,67304,김혜성,키움,0.318,129,566,516,81,164,18,7,4,208,48,0,3
2022,51344,김휘집,키움,0.222,112,393,333,40,74,12,1,8,112,36,3,4
2022,52394,노운현,키움,,1,0,0,0,0,0,0,0,0,0,0,0
2022,66305,박승주,키움,,1,0,0,0,0,0,0,0,0,0,0,0
2022,69328,박주성,키움,,2,0,0,0,0,0,0,0,0,0,0,0
2022,50357,박주홍,키움,0.224,21,57,49,4,11,1,1,0,14,3,0,0
2022,64657,박준태,키움,0.157,52,84,70,9,11,4,0,1,18,10,1,0
2022,52348,박찬혁,키움,0.211,52,175,161,13,34,5,0,6,57,17,0,0
2022,65357,송성문,키움,0.247,142,601,547,67,135,21,4,13,203,79,1,7
2022,50312,신준우,키움,0.14,76,54,43,6,6,3,0,0,9,0,2,0
2022,52308,애플러,키움,,1,0,0,0,0,0,0,0,0,0,0,0
2022,68330,예진원,키움,0.1,20,14,10,0,1,0,0,0,1,0,1,0
2022,69366,이명기,키움,0.25,2,4,4,0,1,0,0,0,1,0,0,0
2022,67363,이병규,키움,0.184,24,40,38,7,7,1,1,0,10,5,0,0
2022,74163,이용규,키움,0.199,86,326,271,34,54,6,0,0,60,21,1,2
2022,51307,이재홍,키움,0.25,4,4,4,0,1,0,0,0,1,0,0,0
2022,67341,이정후,키움,0.349,142,627,553,85,193,36,10,23,318,113,0,3
2022,51302,이주형,키움,0.169,32,85,71,7,12,0,0,1,15,8,0,1
2022,79456,이지영,키움,0.267,137,450,420,38,112,13,4,2,139,37,8,0
2022,64340,임지열,키움,0.275,40,148,131,16,36,6,0,1,45,15,3,2
2022,65586,전병우,키움,0.203,115,231,197,14,40,7,0,5,62,21,9,1
2022,52366,푸이그,키움,0.277,126,547,473,65,131,30,0,21,224,73,0,4
2022,64350,하영민,키움,,3,0,0,0,0,0,0,0,0,0,0,0
2022,68050,강백호,KT,0.245,62,264,237,24,58,12,0,6,88,29,1,2
2022,68069,고명성,KT,,1,0,0,0,0,0,0,0,0,0,0,0
2022,51003,권동진,KT,0.132,48,40,38,9,5,1,1,0,8,4,1,0
2022,64004,김민혁,KT,0.284,132,434,373,47,106,10,2,0,120,35,19,3
2022,64014,김병희,KT,0.203,41,85,74,8,15,2,0,1,20,6,0,1
2022,65062,김재윤,KT,,1,0,0,0,0,0,0,0,0,0,0,0
2022,62558,김준태,KT,0.273,98,270,231,28,63,16,1,4,93,27,3,3
2022,65040,김태훈,KT,0,7,10,10,0,0,0,0,0,0,0,0,0
2022,52025,라모스,KT,0.25,18,80,72,10,18,1,1,3,30,11,1,1
2022,67063,문상인,KT,0,12,3,3,2,0,0,0,0,0,0,0,0
2022,50007,문상준,KT,0.333,2,3,3,0,1,1,0,0,2,0,0,0
2022,64007,문상철,KT,0.224,28,52,49,5,11,3,0,2,20,4,0,0
2022,73113,박경수,KT,0.12,100,194,166,13,20,3,0,3,32,10,2,1
2022,75125,박병호,KT,0.275,124,487,429,72,118,17,0,35,240,98,0,6
2022,52060,박영현,KT,,4,0,0,0,0,0,0,0,0,0,0,0
2022,64166,배정대,KT,0.266,144,575,508,64,135,24,2,6,181,56,5,4
2022,65516,배제성,KT,,1,0,0,0,0,0,0,0,0,0,0,0
2022,64012,송민섭,KT,0.156,119,72,64,17,10,1,2,0,15,3,3,0
2022,62556,신본기,KT,0.182,74,138,121,9,22,3,0,1,28,8,4,1
2022,64006,심우준,KT,0.24,132,449,388,69,93,8,2,4,117,34,11,4
2022,64017,심재민,KT,,2,0,0,0,0,0,0,0,0,0,0,0
2022,52009,알포드,KT,0.286,80,323,283,48,81,19,1,14,144,50,0,4
2022,68002,양승혁,KT,0,11,5,5,0,0,0,0,0,0,0,0,0
2022,64504,오윤석,KT,0.234,112,337,286,23,67,13,0,6,98,37,5,6
2022,51013,유준규,KT,0.214,7,16,14,3,3,0,0,0,3,0,1,0
2022,52063,이상우,KT,,1,0,0,0,0,0,0,0,0,0,0,0
2022,66702,이시원,KT,0.133,31,16,15,6,2,0,0,0,2,1,0,0
2022,67048,이정현,KT,,1,0,0,0,0,0,0,0,0,0,0,0
2022,78548,장성우,KT,0.26,117,420,362,48,94,11,0,18,159,55,1,3
2022,64115,장준원,KT,0.246,35,63,57,7,14,2,0,3,25,10,3,0
2022,51009,전진영,KT,0.333,4,3,3,0,1,0,0,0,1,1,0,0
2022,68089,조대현,KT,0,6,4,4,0,0,0,0,0,0,0,0,0
2022,64868,조용호,KT,0.308,131,531,474,52,146,18,4,3,181,44,2,3
2022,65060,주권,KT,,1,0,0,0,0,0,0,0,0,0,0,0
2022,51060,지명성,KT,,1,0,0,0,0,0,0,0,0,0,0,0
2022,67005,홍현빈,KT,0.237,61,92,76,8,18,2,0,0,20,1,6,0
2022,76313,황재균,KT,0.262,141,581,519,59,136,25,3,10,197,64,2,2
2022,52125,가르시아,LG,0.206,39,156,136,21,28,6,1,4,48,19,0,0
2022,67119,고우석,LG,0,4,1,1,0,0,0,0,0,0,0,0,0
2022,66112,김기연,LG,0.222,12,9,9,0,2,0,0,0,2,1,0,0
2022,77564,김민성,LG,0.207,92,157,140,16,29,4,0,3,42,20,3,1
2022,75867,김진성,LG,,2,0,0,0,0,0,0,0,0,0,0,0
2022,76290,김현수,LG,0.286,141,604,524,78,150,25,2,23,248,106,0,3
2022,66113,김호은,LG,0,2,2,2,0,0,0,0,0,0,0,0,0
2022,52112,루이즈,LG,0.155,27,94,84,10,13,4,1,1,22,6,0,1
2022,69102,문보경,LG,0.315,126,466,406,52,128,22,3,9,183,56,5,7
2022,68119,문성주,LG,0.303,106,390,327,55,99,15,3,6,138,41,8,1
2022,72133,박용택,LG,,1,0,0,0,0,0,0,0,0,0,0,0
2022,64100,박재욱,LG,,1,0,0,0,0,0,0,0,0,0,0,0
2022,62415,박해민,LG,0.289,144,636,570,97,165,20,8,3,210,49,7,6
2022,63145,배재준,LG,,1,0,0,0,0,0,0,0,0,0,0,0
2022,65109,백승현,LG,,1,0,0,0,0,0,0,0,0,0,0,0
2022,78168,서건창,LG,0.224,77,247,219,39,49,10,1,2,67,18,3,1
2022,50150,손호영,LG,0.257,36,82,74,13,19,0,2,3,32,14,1,1
2022,51111,송승기,LG,,1,0,0,0,0,0,0,0,0,0,0,0
2022,73801,송은범,LG,,2,0,0,0,0,0,0,0,0,0,0,0
2022,68110,송찬의,LG,0.236,33,78,72,8,17,4,0,3,30,10,0,1
2022,65207,신민재,LG,0,14,3,3,2,0,0,0,0,0,0,0,0
2022,65115,안익훈,LG,0,14,4,3,0,0,0,0,0,0,0,0,0
2022,79109,오지환,LG,0.269,142,569,494,75,133,16,4,25,232,87,3,3
2022,61102,유강남,LG,0.255,139,469,416,54,106,16,0,8,146,47,6,2
2022,60566,이상호,LG,0.25,60,80,72,9,18,2,0,0,20,5,3,0
2022,51100,이영빈,LG,0.184,60,83,76,16,14,3,0,1,20,5,0,0
2022,68106,이재원,LG,0.224,85,253,223,31,50,8,2,13,101,43,0,0
2022,61186,이천웅,LG,0.2,19,23,20,3,4,0,0,0,4,0,0,0
2022,78135,이형종,LG,0.264,26,63,53,3,14,3,0,0,17,7,1,3
2022,69159,정우영,LG,,1,0,0,0,0,0,0,0,0,0,0,0
2022,76650,진해수,LG,,1,0,0,0,0,0,0,0,0,0,0,0
2022,65241,채원후,LG,,1,0,0,0,0,0,0,0,0,0,0,0
2022,79192,채은성,LG,0.296,126,526,467,48,138,26,2,12,204,83,0,11
2022,79140,최동환,LG,,4,0,0,0,0,0,0,0,0,0,0,0
2022,65157,최민창,LG,0.2,4,5,5,1,1,0,0,0,1,0,0,0
2022,62146,최성훈,LG,,2,0,0,0,0,0,0,0,0,0,0,0
2022,64101,한석현,LG,0.222,6,10,9,1,2,0,0,0,2,0,1,0
2022,63248,함덕주,LG,,1,0,0,0,0,0,0,0,0,0,0,0
2022,77243,허도환,LG,0.247,64,92,85,7,21,5,0,1,29,6,3,0
2022,52119,허준혁,LG,,1,0,0,0,0,0,0,0,0,0,0,0
2022,66108,홍창기,LG,0.286,118,525,437,76,125,19,4,1,155,51,5,5
2022,65515,강로한,롯데,,1,0,0,0,0,0,0,0,0,0,0,0
2022,79358,강윤구,롯데,,1,0,0,0,0,0,0,0,0,0,0,0
2022,65514,강태율,롯데,0.094,19,38,32,0,3,1,0,0,4,3,3,0
2022,69517,고승민,롯데,0.316,92,262,234,31,74,15,1,5,106,30,2,1
2022,63543,구승민,롯데,,1,0,0,0,0,0,0,0,0,0,0,0
2022,67504,김민수,롯데,0.257,57,156,140,9,36,6,0,0,42,11,3,0
2022,69500,김민수,롯데,0.143,5,7,7,0,1,0,0,0,1,1,0,0
2022,52514,김세민,롯데,0,4,4,1,1,0,0,0,0,0,0,2,0
2022,62528,김원중,롯데,,1,0,0,0,0,0,0,0,0,0,0,0
2022,65506,김재유,롯데,,1,0,0,0,0,0,0,0,0,0,0,0
2022,52547,렉스,롯데,0.33,56,251,218,32,72,10,1,8,108,34,0,2
2022,65643,문경찬,롯데,,1,0,0,0,0,0,0,0,0,0,0,0
2022,62802,박승욱,롯데,0.227,100,228,198,29,45,7,2,1,59,16,12,0
2022,64501,배성근,롯데,0.128,22,41,39,3,5,1,0,0,6,0,0,0
2022,69508,신윤후,롯데,0.235,49,73,68,8,16,4,2,2,30,7,0,0
2022,64022,안중열,롯데,0.155,33,84,71,8,11,0,0,2,17,2,0,0
2022,79608,안치홍,롯데,0.284,132,562,493,71,140,27,3,14,215,58,8,5
2022,52591,윤동희,롯데,0.154,4,13,13,1,2,1,0,0,3,1,0,0
2022,71564,이대호,롯데,0.331,142,591,540,53,179,23,0,23,271,101,0,6
2022,69453,이학주,롯데,0.207,91,260,232,29,48,11,1,3,70,15,9,1
2022,68504,이호연,롯데,0.244,88,222,205,20,50,10,1,2,68,16,4,0
2022,68507,장두성,롯데,0.174,53,28,23,7,4,0,0,0,4,0,0,0
2022,78513,전준우,롯데,0.304,120,517,470,73,143,31,1,11,209,68,0,9
2022,68518,정보근,롯데,0.191,95,226,199,8,38,2,0,1,43,15,10,1
2022,60523,정훈,롯데,0.245,91,340,294,39,72,8,0,3,89,32,6,6
2022,52516,조세진,롯데,0.186,39,88,86,6,16,3,0,0,19,6,1,0
2022,64717,지시완,롯데,0.213,75,199,174,16,37,7,0,3,53,17,2,1
2022,68362,추재현,롯데,0.224,33,66,58,10,13,4,0,0,17,5,0,0
2022,52526,피터스,롯데,0.228,85,354,316,32,72,16,0,13,127,48,0,4
2022,68525,한동희,롯데,0.307,129,499,456,43,140,27,0,14,209,65,0,4
2022,52568,한태양,롯데,0.148,38,72,61,14,9,1,0,0,10,3,4,0
2022,50500,황성빈,롯데,0.294,102,353,320,62,94,12,4,1,117,16,7,2
2022,63963,권희동,NC,0.227,82,280,238,30,54,5,1,5,76,22,2,1
2022,65462,김기환,NC,0.221,73,131,113,26,25,5,1,0,32,6,2,1
2022,67900,김수윤,NC,0.118,10,18,17,1,2,1,0,1,6,2,0,0
2022,60288,김응민,NC,0.134,34,75,67,7,9,1,0,1,13,5,2,1
2022,51907,김주원,NC,0.223,96,326,273,35,61,9,3,10,106,47,9,0
2022,67954,김진호,NC,,1,0,0,0,0,0,0,0,0,0,0,0
2022,50992,김태경,NC,,2,0,0,0,0,0,0,0,0,0,0,0
2022,50902,김한별,NC,0.095,24,23,21,0,2,0,0,0,2,0,2,0
2022,62931,노진혁,NC,0.28,115,451,396,50,111,24,0,15,180,75,3,5
2022,62931,노진혁,NC,0.28,115,451,396,50,111,24,0,15,180,75,3,5
2022,66965,도태훈,NC,0.216,91,163,139,18,30,7,0,2,43,13,7,3
2022,65949,류진욱,NC,,1,0,0,0,0,0,0,0,0,0,0,0
2022,52904,마티니,NC,0.296,139,576,510,67,151,34,1,16,235,85,0,7
2022,79215,박건우,NC,0.336,111,463,408,52,137,18,1,10,187,61,0,3
2022,64944,박대온,NC,0.181,59,133,127,8,23,4,0,1,30,10,3,1
2022,62907,박민우,NC,0.267,104,451,390,61,104,22,1,4,140,38,6,3
2022,74465,박석민,NC,0.149,16,58,47,3,7,2,0,0,9,2,1,0
2022,66928,박준영,NC,0.216,75,240,208,27,45,8,1,4,67,19,3,1
2022,69995,서호철,NC,0.205,89,214,195,26,40,8,0,2,54,14,3,0
2022,77532,손아섭,NC,0.277,138,617,548,72,152,29,4,4,201,48,1,6
2022,76232,양의지,NC,0.283,130,510,427,61,121,24,0,20,205,94,0,10
2022,68904,오영수,NC,0.238,83,259,231,25,55,10,0,6,83,31,0,3
2022,51996,오태양,NC,0,15,4,3,5,0,0,0,0,0,0,0,0
2022,76118,원종현,NC,,1,0,0,0,0,0,0,0,0,0,0,0
2022,63905,윤형준,NC,0.209,35,69,67,5,14,1,0,1,18,5,0,0
2022,76849,이명기,NC,0.26,94,341,300,36,78,13,2,0,95,23,6,2
2022,51948,이용준,NC,,1,0,0,0,0,0,0,0,0,0,0,0
2022,77211,이용찬,NC,,4,0,0,0,0,0,0,0,0,0,0,0
2022,67993,이재용,NC,0.2,8,6,5,1,1,0,0,1,4,2,0,0
2022,78361,전민수,NC,0.275,20,41,40,3,11,2,0,0,13,2,0,0
2022,76720,정범모,NC,0.143,5,7,7,0,1,0,0,0,1,1,0,0
2022,61869,정진기,NC,0.189,39,59,53,4,10,2,0,1,15,4,0,0
2022,67905,천재환,NC,0.143,29,36,35,4,5,1,0,1,9,1,0,0
2022,65905,최승민,NC,0.324,44,34,34,19,11,0,0,0,11,3,0,0
2022,68639,하준영,NC,,1,0,0,0,0,0,0,0,0,0,0,0
2022,51994,한재승,NC,,1,0,0,0,0,0,0,0,0,0,0,0
2022,74540,강민호,삼성,0.258,130,444,396,38,102,19,1,13,162,66,1,3
2022,64610,강한울,삼성,0.323,94,252,226,31,73,12,1,1,90,26,4,2
2022,68407,공민규,삼성,0.158,15,22,19,0,3,0,0,0,3,2,0,1
2022,62404,구자욱,삼성,0.293,99,442,409,69,120,23,3,5,164,38,1,2
2022,66838,김동엽,삼성,0.221,30,100,95,9,21,5,0,2,32,4,0,1
2022,51403,김동진,삼성,0.25,5,4,4,0,1,1,0,0,2,0,0,0
2022,79402,김상수,삼성,0.251,72,260,235,30,59,11,0,2,76,29,4,2
2022,52460,김서준,삼성,,1,0,0,0,0,0,0,0,0,0,0,0
2022,67449,김성윤,삼성,0.19,48,49,42,14,8,3,0,1,14,2,1,0
2022,63435,김성표,삼성,0.118,17,18,17,5,2,0,0,0,2,0,0,0
2022,52430,김영웅,삼성,0.133,13,15,15,2,2,0,0,1,5,1,0,0
2022,65132,김재성,삼성,0.335,63,185,161,16,54,10,0,3,73,26,1,3
2022,52424,김재혁,삼성,0.242,15,39,33,5,8,1,0,0,9,3,0,1
2022,50458,김지찬,삼성,0.28,113,429,361,62,101,7,6,0,120,25,19,2
2022,78122,김태군,삼성,0.298,102,235,205,20,61,11,0,2,78,25,6,3
2022,61404,김헌곤,삼성,0.192,80,239,224,18,43,8,0,1,54,20,2,3
2022,51417,김현준,삼성,0.275,118,422,363,57,100,19,4,0,127,22,8,0
2022,64407,김호재,삼성,0.143,21,29,28,1,4,1,0,0,5,1,0,0
2022,69418,박승규,삼성,0.216,62,83,74,10,16,2,0,0,18,4,5,1
2022,50411,박주혁,삼성,,2,0,0,0,0,0,0,0,0,0,0,0
2022,64469,송준석,삼성,0.138,17,32,29,3,4,0,0,0,4,1,1,0
2022,66406,안주형,삼성,0.15,18,23,20,2,3,0,0,0,3,2,1,1
2022,78756,오선진,삼성,0.276,100,306,268,30,74,8,0,3,91,24,16,1
2022,75421,오승환,삼성,,3,0,0,0,0,0,0,0,0,0,0,0
2022,75334,오재일,삼성,0.268,135,536,470,57,126,42,0,21,231,94,0,7
2022,73117,우규민,삼성,,1,0,0,0,0,0,0,0,0,0,0,0
2022,68463,윤정빈,삼성,0,13,10,10,1,0,0,0,0,0,0,0,0
2022,69428,이병헌,삼성,0.75,3,4,4,1,3,1,0,0,4,1,0,0
2022,63960,이상민,삼성,,1,0,0,0,0,0,0,0,0,0,0,0
2022,66409,이성규,삼성,0.074,13,34,27,5,2,0,0,0,2,1,0,0
2022,75566,이원석,삼성,0.267,88,335,288,31,77,13,0,10,120,60,3,6
2022,52415,이재현,삼성,0.235,75,239,230,23,54,4,0,7,79,23,3,0
2022,68466,이태훈,삼성,0.176,10,18,17,2,3,0,0,0,3,0,0,0
2022,69416,이해승,삼성,0.232,46,106,99,11,23,3,0,0,26,5,6,0
2022,52405,조민성,삼성,0.308,12,16,13,3,4,0,0,1,7,3,0,0
2022,61197,최영진,삼성,0.188,43,91,80,5,15,4,0,2,25,10,1,0
2022,51463,피렐라,삼성,0.342,141,630,561,102,192,33,4,28,317,109,0,2
2022,65496,홍정우,삼성,,2,0,0,0,0,0,0,0,0,0,0,0
2022,72523,고효준,SSG,,2,0,0,0,0,0,0,0,0,0,0,0
2022,71837,김강민,SSG,0.303,84,202,178,24,54,11,0,5,80,18,2,1
2022,69810,김규남,SSG,0,2,5,5,0,0,0,0,0,0,0,0,0
2022,62864,김민식,SSG,0.221,104,266,222,30,49,9,1,2,66,28,7,3
2022,76802,김성현,SSG,0.219,130,359,302,38,66,9,1,2,83,37,20,3
2022,64499,김재현,SSG,0.222,18,20,18,2,4,1,0,0,5,4,2,0
2022,65343,김택형,SSG,,1,0,0,0,0,0,0,0,0,0,0,0
2022,52806,라가레스,SSG,0.315,49,202,181,24,57,9,0,6,84,32,3,3
2022,64893,박민호,SSG,,1,0,0,0,0,0,0,0,0,0,0,0
2022,67893,박성한,SSG,0.298,140,564,494,68,147,24,4,2,185,56,6,2
2022,64896,서동민,SSG,,1,0,0,0,0,0,0,0,0,0,0,0
2022,52804,석정우,SSG,0.222,9,9,9,1,2,0,0,0,2,0,0,0
2022,66864,안상현,SSG,0.158,46,47,38,12,6,0,0,2,12,5,3,0
2022,61743,오준혁,SSG,0.23,47,67,61,3,14,2,0,0,16,6,1,0
2022,60558,오태곤,SSG,0.232,130,295,263,48,61,14,1,4,89,23,5,3
2022,76812,이재원,SSG,0.201,105,279,234,27,47,6,0,4,65,28,9,3
2022,67807,이정범,SSG,0.273,7,11,11,2,3,0,0,0,3,1,0,0
2022,65869,이현석,SSG,0.133,9,15,15,0,2,0,0,0,2,1,0,0
2022,63440,이흥련,SSG,0.133,22,55,45,4,6,2,0,0,8,1,3,0
2022,68869,전경원,SSG,0,1,1,1,0,0,0,0,0,0,0,0,0
2022,50820,전의산,SSG,0.249,77,266,241,36,60,15,1,13,116,45,0,1
2022,51809,조요한,SSG,,1,0,0,0,0,0,0,0,0,0,0,0
2022,51865,조형우,SSG,0.167,9,13,12,2,2,1,0,0,3,1,0,0
2022,69802,최경모,SSG,0.301,98,75,73,16,22,2,0,0,24,4,1,0
2022,68856,최민준,SSG,,1,0,0,0,0,0,0,0,0,0,0,0
2022,68805,최상민,SSG,0.071,27,18,14,3,1,0,0,0,1,1,1,0
2022,75847,최정,SSG,0.266,121,505,414,80,110,21,0,26,209,87,0,6
2022,76267,최주환,SSG,0.211,97,333,298,36,63,14,2,9,108,41,0,2
2022,68868,최준우,SSG,0.25,10,16,12,0,3,0,0,0,3,1,0,1
2022,50854,최지훈,SSG,0.304,144,640,569,93,173,32,4,10,243,61,13,4
2022,62884,최항,SSG,0.1,15,24,20,0,2,0,0,0,2,1,0,1
2022,51817,추신수,SSG,0.259,112,499,409,77,106,20,1,16,176,58,2,4
2022,52827,크론,SSG,0.222,67,259,243,21,54,13,1,11,102,35,0,4
2022,69813,하재훈,SSG,0.215,60,114,107,18,23,6,1,6,49,13,0,2
2022,62895,한유섬,SSG,0.264,135,545,458,62,121,33,1,21,219,100,0,5
2023,63123,강승호,두산,0.265,127,459,419,51,111,18,6,7,162,59,4,3
2023,68204,권민석,두산,0,1,2,2,0,0,0,0,0,0,0,0,0
2023,69238,김대한,두산,0.198,33,89,81,10,16,3,1,1,24,7,0,0
2023,68200,김민규,두산,,1,0,0,0,0,0,0,0,0,0,0,0
2023,65269,김민혁,두산,0.138,21,36,29,2,4,1,0,0,5,3,0,2
2023,63257,김인태,두산,0.255,47,115,98,8,25,5,0,1,33,14,1,0
2023,74206,김재호,두산,0.283,91,302,247,32,70,13,0,3,92,29,15,2
2023,78224,김재환,두산,0.22,132,484,405,40,89,15,0,10,134,46,0,2
2023,68830,김정우,두산,,1,0,0,0,0,0,0,0,0,0,0,0
2023,69207,김태근,두산,0.212,41,55,52,9,11,3,0,0,14,3,2,0
2023,53211,로하스,두산,0.253,122,464,403,52,102,24,4,19,191,65,0,3
2023,64468,박계범,두산,0.219,78,194,169,18,37,6,0,2,49,15,5,3
2023,68249,박신지,두산,,1,0,0,0,0,0,0,0,0,0,0,0
2023,67202,박유연,두산,0.267,10,16,15,3,4,2,0,0,6,1,1,0
2023,65639,박정수,두산,,2,0,0,0,0,0,0,0,0,0,0,0
2023,66928,박준영,두산,0.228,51,138,127,16,29,8,2,4,53,17,0,0
2023,50204,박지훈,두산,0.211,22,21,19,2,4,1,0,0,5,2,0,0
2023,67266,박치국,두산,,1,0,0,0,0,0,0,0,0,0,0,0
2023,66203,서예일,두산,0.222,5,10,9,2,2,0,0,0,2,1,0,1
2023,69203,송승환,두산,0.229,30,76,70,10,16,3,1,0,21,4,2,0
2023,64086,신성현,두산,0.083,12,15,12,1,1,0,0,0,1,1,0,0
2023,64011,안승한,두산,0.208,22,27,24,1,5,0,0,0,5,1,0,0
2023,51203,안재석,두산,0.188,27,68,64,8,12,2,1,1,19,5,0,1
2023,64153,양석환,두산,0.281,140,582,524,73,147,28,0,21,238,89,0,11
2023,76232,양의지,두산,0.305,129,510,439,56,134,23,0,17,208,68,0,3
2023,50293,양찬열,두산,0.239,44,99,88,15,21,2,2,0,27,6,0,1
2023,67207,이유찬,두산,0.243,104,239,210,31,51,7,2,1,65,16,5,1
2023,62951,이형범,두산,,2,0,0,0,0,0,0,0,0,0,0,0
2023,63202,장승현,두산,0.158,76,158,139,11,22,1,0,3,32,9,5,0
2023,68205,전민재,두산,0.235,19,18,17,3,4,2,0,0,6,1,1,0
2023,79231,정수빈,두산,0.287,137,583,498,75,143,14,11,2,185,33,12,2
2023,68242,정철원,두산,,3,0,0,0,0,0,0,0,0,0,0,0
2023,66209,조수행,두산,0.219,126,249,219,41,48,2,1,1,55,17,4,1
2023,51264,최승용,두산,,2,0,0,0,0,0,0,0,0,0,0,0
2023,79240,허경민,두산,0.268,130,475,429,44,115,23,1,7,161,48,0,5
2023,61643,홍건희,두산,,4,0,0,0,0,0,0,0,0,0,0,0
2023,66233,홍성호,두산,0.292,21,51,48,6,14,4,0,0,18,5,0,0
2023,50705,강재민,한화,,1,0,0,0,0,0,0,0,0,0,0,0
2023,52769,권광민,한화,0.151,66,81,73,11,11,1,1,2,20,9,1,0
2023,69702,김건,한화,0.167,7,12,12,1,2,0,0,0,2,0,0,0
2023,53754,김서현,한화,,1,0,0,0,0,0,0,0,0,0,0,0
2023,66715,김인환,한화,0.225,112,365,325,34,73,16,0,7,110,42,0,3
2023,66704,김태연,한화,0.261,91,280,245,25,64,13,0,4,89,25,1,4
2023,63704,노수광,한화,0.221,30,94,77,6,17,5,0,0,22,4,2,2
2023,69737,노시환,한화,0.298,131,595,514,85,153,30,1,31,278,101,0,3
2023,53764,문현빈,한화,0.266,137,481,428,47,114,22,2,5,155,49,9,5
2023,66707,박상언,한화,0.2,86,161,145,13,29,5,1,1,39,13,3,2
2023,67703,박상원,한화,,3,0,0,0,0,0,0,0,0,0,0,0
2023,50709,박정현,한화,0.181,53,113,105,12,19,6,0,2,31,4,3,0
2023,52731,박준영,한화,,1,0,0,0,0,0,0,0,0,0,0,0
2023,53712,오그레디,한화,0.125,22,86,80,3,10,3,0,0,13,8,0,1
2023,78756,오선진,한화,0.23,90,199,165,17,38,6,0,0,44,14,3,2
2023,53716,윌리엄스,한화,0.244,68,273,258,29,63,14,0,9,104,45,0,3
2023,69766,유로결,한화,0.146,27,53,48,5,7,1,0,0,8,5,1,2
2023,52705,유상빈,한화,0,3,8,6,1,0,0,0,0,0,0,0,0
2023,63464,윤대경,한화,,1,0,0,0,0,0,0,0,0,0,0,0
2023,65703,이도윤,한화,0.252,106,346,309,36,78,13,2,1,98,13,15,0
2023,76849,이명기,한화,0.175,14,42,40,2,7,1,0,0,8,5,0,0
2023,53795,이민준,한화,0,4,2,1,0,0,0,0,0,0,0,0,0
2023,52704,이상혁,한화,0,7,2,2,0,0,0,0,0,0,0,0,0
2023,64266,이성곤,한화,0.143,8,16,14,2,2,0,0,0,2,0,1,0
2023,68700,이원석,한화,0.19,81,138,116,20,22,1,1,0,25,8,0,0
2023,67993,이재용,한화,0.5,2,2,2,1,1,0,0,0,1,0,0,0
2023,66657,이진영,한화,0.249,121,422,358,57,89,22,0,10,141,50,4,5
2023,60768,이태양,한화,,1,0,0,0,0,0,0,0,0,0,0,0
2023,63700,장운호,한화,0.222,4,11,9,1,2,0,0,0,2,1,0,0
2023,51706,장지승,한화,0,3,3,3,0,0,0,0,0,0,0,0,0
2023,66706,장진혁,한화,0.222,68,178,162,24,36,5,1,0,43,12,0,1
2023,74857,정우람,한화,,1,0,0,0,0,0,0,0,0,0,0,0
2023,68743,정은원,한화,0.222,122,459,388,50,86,12,0,2,104,30,5,1
2023,79192,채은성,한화,0.263,137,596,521,71,137,17,0,23,223,84,0,3
2023,50707,최인호,한화,0.298,41,148,131,23,39,5,3,2,56,11,2,1
2023,78288,최재훈,한화,0.248,125,417,327,23,81,12,0,1,96,33,9,2
2023,62700,하주석,한화,0.114,25,38,35,4,4,1,0,0,5,2,0,0
2023,69706,허관회,한화,0,10,7,7,1,0,0,0,0,0,0,0,0
2023,61353,고종욱,KIA,0.296,114,286,270,35,80,17,0,3,106,39,0,2
2023,66614,김규성,KIA,0.234,99,177,158,29,37,6,1,2,51,11,5,0
2023,69620,김기훈,KIA,,1,0,0,0,0,0,0,0,0,0,0,0
2023,52605,김도영,KIA,0.303,84,385,340,72,103,20,5,7,154,47,2,4
2023,67610,김석환,KIA,0.13,12,26,23,1,3,1,0,0,4,3,1,0
2023,78603,김선빈,KIA,0.32,119,473,419,41,134,16,0,0,150,48,8,3
2023,78603,김선빈,KIA,0.32,119,473,419,41,134,16,0,0,150,48,8,3
2023,51604,김선우,KIA,0.143,5,7,7,0,1,0,0,0,1,0,0,0
2023,78122,김태군,KIA,0.257,114,346,311,24,80,10,1,1,95,42,8,4
2023,65653,김호령,KIA,0.179,76,107,95,16,17,7,0,0,24,6,3,0
2023,62947,나성범,KIA,0.365,58,253,222,51,81,12,1,18,149,57,0,4
2023,67609,박정우,KIA,0.333,21,12,9,2,3,0,0,0,3,0,3,0
2023,63638,박준표,KIA,,1,0,0,0,0,0,0,0,0,0,0,0
2023,64646,박찬호,KIA,0.301,130,507,452,73,136,18,4,3,171,52,7,6
2023,69727,변우혁,KIA,0.225,83,226,200,23,45,4,0,7,70,24,0,0
2023,52630,소크라테스,KIA,0.285,142,608,547,91,156,31,3,20,253,96,0,8
2023,66662,신범수,KIA,0.17,36,100,88,7,15,3,0,2,24,10,2,1
2023,69636,오선우,KIA,0.179,33,31,28,2,5,0,0,2,11,5,0,0
2023,52667,윤도현,KIA,0,1,1,1,0,0,0,0,0,0,0,0,0
2023,68619,윤중현,KIA,,1,0,0,0,0,0,0,0,0,0,0,0
2023,63260,이우성,KIA,0.301,126,400,355,39,107,17,0,8,148,58,6,3
2023,64560,이창진,KIA,0.27,104,284,244,35,66,11,3,4,95,29,2,2
2023,50662,정해영,KIA,,2,0,0,0,0,0,0,0,0,0,0,0
2023,66354,주효상,KIA,0.063,19,36,32,2,2,0,0,0,2,1,2,0
2023,66606,최원준,KIA,0.255,67,274,239,37,61,11,2,1,79,23,4,0
2023,65464,최정용,KIA,0.167,56,41,36,17,6,1,0,0,7,1,3,0
2023,72443,최형우,KIA,0.302,121,508,431,64,130,27,1,17,210,81,0,4
2023,63722,한승택,KIA,0.129,49,104,85,6,11,2,0,0,13,3,6,0
2023,68646,한준수,KIA,0.256,48,94,86,9,22,4,0,2,32,12,1,0
2023,50600,홍종표,KIA,0,40,12,7,10,0,0,0,0,0,0,1,0
2023,65610,황대인,KIA,0.213,60,199,174,19,37,4,0,5,56,26,0,3
2023,52641,황동하,KIA,,1,0,0,0,0,0,0,0,0,0,0,0
2023,53312,김건희,키움,0.182,9,13,11,0,2,0,0,0,2,0,0,0
2023,53164,김동규,키움,,1,0,0,0,0,0,0,0,0,0,0,0
2023,53344,김동헌,키움,0.242,102,242,211,22,51,5,2,2,66,17,3,3
2023,50360,김동혁,키움,,2,0,0,0,0,0,0,0,0,0,0,0
2023,50304,김병휘,키움,0.143,10,21,21,0,3,1,0,0,4,1,0,0
2023,66018,김선기,키움,,2,0,0,0,0,0,0,0,0,0,0,0
2023,51301,김성진,키움,,2,0,0,0,0,0,0,0,0,0,0,0
2023,68346,김수환,키움,0.216,50,114,97,8,21,4,0,2,31,15,1,1
2023,51303,김시앙,키움,0.224,33,82,76,6,17,1,0,0,18,7,0,0
2023,65898,김웅빈,키움,0.188,29,74,64,2,12,3,0,0,15,9,0,2
2023,67391,김재웅,키움,,1,0,0,0,0,0,0,0,0,0,0,0
2023,62332,김재현,키움,0.111,8,10,9,0,1,0,0,0,1,0,1,0
2023,69306,김주형,키움,0.147,46,81,68,5,10,2,0,0,12,4,3,0
2023,63920,김준완,키움,0.222,76,225,189,25,42,7,0,0,49,14,6,3
2023,51393,김준형,키움,,1,0,0,0,0,0,0,0,0,0,0,0
2023,64984,김태진,키움,0.275,74,212,200,17,55,5,0,0,60,16,3,3
2023,67304,김혜성,키움,0.335,137,621,556,104,186,29,6,7,248,57,0,5
2023,51344,김휘집,키움,0.249,110,435,369,46,92,22,0,8,138,51,6,7
2023,53327,도슨,키움,0.336,57,261,229,37,77,14,2,3,104,29,0,5
2023,50350,러셀,키움,0.286,59,239,220,20,63,11,1,4,88,42,0,1
2023,60336,문성현,키움,,2,0,0,0,0,0,0,0,0,0,0,0
2023,52305,박수종,키움,0.422,23,50,45,7,19,1,2,0,24,3,0,1
2023,50357,박주홍,키움,0.122,27,57,49,5,6,0,1,0,8,2,1,2
2023,64657,박준태,키움,0.143,14,15,14,0,2,0,0,0,2,1,0,0
2023,52348,박찬혁,키움,0.201,48,167,154,13,31,7,0,1,41,8,0,0
2023,65357,송성문,키움,0.263,104,438,388,43,102,16,3,5,139,60,4,7
2023,53303,송재선,키움,0.333,5,3,3,0,1,0,0,0,1,0,0,0
2023,50312,신준우,키움,0.111,24,19,18,4,2,0,0,0,2,0,0,0
2023,61268,양현,키움,,2,0,0,0,0,0,0,0,0,0,0,0
2023,68330,예진원,키움,0.235,16,36,34,2,8,1,0,1,12,4,2,0
2023,76118,원종현,키움,,2,0,0,0,0,0,0,0,0,0,0,0
2023,69399,윤정현,키움,,3,0,0,0,0,0,0,0,0,0,0,0
2023,52397,이명종,키움,,3,0,0,0,0,0,0,0,0,0,0,0
2023,67363,이병규,키움,0.235,7,17,17,3,4,0,0,0,4,2,0,0
2023,53302,이승원,키움,0,4,5,5,0,0,0,0,0,0,0,0,0
2023,74163,이용규,키움,0.234,50,178,154,19,36,0,3,0,42,11,2,2
2023,75566,이원석,키움,0.246,89,345,305,22,75,10,0,2,91,30,1,2
2023,67341,이정후,키움,0.318,86,387,330,50,105,23,2,6,150,45,0,5
2023,50167,이주형,키움,0.326,69,243,215,32,70,13,4,6,109,36,2,2
2023,79456,이지영,키움,0.249,81,237,217,23,54,8,1,0,64,8,7,0
2023,78135,이형종,키움,0.215,99,374,316,35,68,22,1,3,101,37,3,2
2023,64346,임병욱,키움,0.26,80,223,208,30,54,11,1,6,85,36,1,3
2023,64340,임지열,키움,0.259,72,246,212,22,55,8,0,5,78,35,2,1
2023,78352,임창민,키움,,2,0,0,0,0,0,0,0,0,0,0,0
2023,65586,전병우,키움,0.145,41,75,62,6,9,3,0,1,15,6,2,0
2023,69332,주성원,키움,0.217,25,72,69,7,15,2,1,0,19,2,1,1
2023,64350,하영민,키움,,3,0,0,0,0,0,0,0,0,0,0,0
2023,53375,후라도,키움,,1,0,0,0,0,0,0,0,0,0,0,0
2023,69064,강민성,KT,0.182,12,27,22,2,4,1,0,0,5,0,1,0
2023,68050,강백호,KT,0.265,71,271,238,32,63,10,1,8,99,39,0,2
2023,50066,강현우,KT,0.194,53,111,103,11,20,6,0,1,29,11,1,0
2023,68043,김민,KT,,1,0,0,0,0,0,0,0,0,0,0,0
2023,64004,김민혁,KT,0.297,113,448,397,68,118,20,3,3,153,41,7,5
2023,52002,김병준,KT,0,3,2,2,0,0,0,0,0,0,0,0,0
2023,64014,김병희,KT,0,5,9,8,0,0,0,0,0,0,0,0,0
2023,79402,김상수,KT,0.271,129,512,443,58,120,19,1,3,150,56,8,3
2023,51097,김영현,KT,,1,0,0,0,0,0,0,0,0,0,0,0
2023,65062,김재윤,KT,,5,0,0,0,0,0,0,0,0,0,0,0
2023,62558,김준태,KT,0.209,69,136,115,10,24,4,0,3,37,23,1,0
2023,53036,류현인,KT,0.13,17,24,23,6,3,0,0,0,3,3,0,0
2023,67063,문상인,KT,,1,1,0,0,0,0,0,0,0,0,0,0
2023,50007,문상준,KT,0.2,2,5,5,1,1,0,0,0,1,0,0,0
2023,64007,문상철,KT,0.26,112,330,304,30,79,20,0,9,126,46,1,6
2023,73113,박경수,KT,0.2,107,221,185,12,37,13,0,1,53,12,5,0
2023,69056,박민석,KT,0.25,4,4,4,1,1,0,0,0,1,0,0,0
2023,75125,박병호,KT,0.283,132,493,431,53,122,15,0,18,191,87,0,8
2023,52060,박영현,KT,,3,0,0,0,0,0,0,0,0,0,0,0
2023,64166,배정대,KT,0.277,97,361,311,48,86,16,0,2,108,38,4,5
2023,53057,손민석,KT,0.1,9,12,10,2,1,0,0,0,1,1,0,0
2023,64012,송민섭,KT,0.13,69,25,23,6,3,0,0,0,3,0,0,0
2023,62556,신본기,KT,0.204,40,75,54,8,11,2,0,1,16,7,1,4
2023,67006,안치영,KT,0.29,76,136,124,20,36,3,1,0,41,9,3,1
2023,52009,알포드,KT,0.289,133,547,491,83,142,31,3,15,224,70,0,3
2023,64504,오윤석,KT,0.251,82,223,199,24,50,13,1,4,77,17,6,0
2023,69054,이상동,KT,,1,0,0,0,0,0,0,0,0,0,0,0
2023,60566,이상호,KT,0.148,63,60,54,15,8,1,0,0,9,5,4,0
2023,69068,이선우,KT,,1,0,0,0,0,0,0,0,0,0,0,0
2023,66702,이시원,KT,0.138,29,32,29,4,4,0,0,0,4,1,1,0
2023,68896,이채호,KT,,1,0,0,0,0,0,0,0,0,0,0,0
2023,68504,이호연,KT,0.278,85,234,212,28,59,5,1,3,75,17,1,1
2023,78548,장성우,KT,0.288,131,464,410,37,118,22,0,11,173,65,3,7
2023,64115,장준원,KT,0.172,69,104,87,10,15,2,1,1,22,10,3,1
2023,53058,정준영,KT,0.292,34,55,48,6,14,2,0,0,16,6,4,0
2023,64868,조용호,KT,0.248,63,184,161,20,40,2,0,0,42,7,0,0
2023,78517,하준호,KT,,1,0,0,0,0,0,0,0,0,0,0,0
2023,67005,홍현빈,KT,0.233,44,86,73,15,17,2,0,0,19,1,0,0
2023,76313,황재균,KT,0.295,109,457,407,62,120,26,2,6,168,49,3,1
2023,67119,고우석,LG,,1,0,0,0,0,0,0,0,0,0,0,0
2023,66112,김기연,LG,0.118,28,40,34,3,4,0,0,0,4,2,1,0
2023,66145,김대현,LG,,2,0,0,0,0,0,0,0,0,0,0,0
2023,77564,김민성,LG,0.249,112,316,273,34,68,11,0,8,103,41,9,2
2023,53144,김범석,LG,0.111,10,29,27,3,3,1,0,1,7,4,0,1
2023,66162,김주성,LG,0.2,11,7,5,1,1,0,0,0,1,0,0,0
2023,76290,김현수,LG,0.293,133,556,488,53,143,22,2,6,187,88,1,8
2023,69102,문보경,LG,0.301,131,542,469,77,141,29,5,10,210,72,9,4
2023,68119,문성주,LG,0.294,136,534,449,77,132,21,4,2,167,57,6,4
2023,79365,박동원,LG,0.249,130,481,409,54,102,17,1,20,181,75,8,8
2023,53139,박명근,LG,,2,0,0,0,0,0,0,0,0,0,0,0
2023,62415,박해민,LG,0.285,144,558,485,80,138,14,2,6,174,59,24,1
2023,78168,서건창,LG,0.2,44,126,110,14,22,5,2,0,31,12,3,3
2023,50150,손호영,LG,0.205,27,45,44,8,9,0,0,1,12,6,0,0
2023,53105,송대현,LG,0,4,3,3,0,0,0,0,0,0,0,0,0
2023,68110,송찬의,LG,0.056,19,22,18,2,1,1,0,0,2,1,0,0
2023,65207,신민재,LG,0.277,122,331,282,47,78,5,2,0,87,28,17,2
2023,65115,안익훈,LG,0.318,11,23,22,1,7,1,0,0,8,2,0,0
2023,67116,오석주,LG,,1,0,0,0,0,0,0,0,0,0,0,0
2023,53123,오스틴,LG,0.313,139,583,520,87,163,29,4,23,269,95,0,7
2023,79109,오지환,LG,0.268,126,502,422,65,113,24,3,8,167,62,4,4
2023,68106,이재원,LG,0.214,57,129,112,15,24,5,0,4,41,18,0,3
2023,69134,이정용,LG,,1,0,0,0,0,0,0,0,0,0,0,0
2023,61186,이천웅,LG,1,4,3,3,0,3,0,0,0,3,1,0,0
2023,67123,전준호,LG,0,2,1,1,0,0,0,0,0,0,1,0,0
2023,79150,정주현,LG,0.273,89,101,88,17,24,2,0,1,29,12,2,1
2023,79140,최동환,LG,,3,0,0,0,0,0,0,0,0,0,0,0
2023,65905,최승민,LG,0.071,38,15,14,10,1,0,0,0,1,1,0,0
2023,77243,허도환,LG,0.141,47,81,64,8,9,3,0,2,18,10,7,1
2023,66108,홍창기,LG,0.332,141,643,524,109,174,35,2,1,216,65,3,6
2023,69517,고승민,롯데,0.224,94,308,255,35,57,14,2,2,81,24,6,4
2023,53506,구드럼,롯데,0.295,50,201,173,16,51,14,1,0,67,28,0,4
2023,79290,국해성,롯데,0.25,6,10,8,0,2,0,0,0,2,1,0,0
2023,52504,김동혁,롯데,0,15,9,7,3,0,0,0,0,0,0,0,0
2023,53554,김민석,롯데,0.255,129,454,400,53,102,24,0,3,135,39,12,5
2023,67504,김민수,롯데,0.209,25,51,43,4,9,1,1,0,12,2,1,0
2023,76430,김상수,롯데,,1,0,0,0,0,0,0,0,0,0,0,0
2023,62528,김원중,롯데,,3,0,0,0,0,0,0,0,0,0,0,0
2023,62931,노진혁,롯데,0.257,113,390,334,43,86,26,1,4,126,51,4,4
2023,52547,렉스,롯데,0.246,55,234,203,20,50,4,2,4,70,30,0,2
2023,62802,박승욱,롯데,0.286,123,338,290,37,83,18,3,0,107,30,11,1
2023,51803,박형준,롯데,0,1,1,1,0,0,0,0,0,0,0,0,0
2023,53587,배영빈,롯데,0.313,18,18,16,2,5,2,0,0,7,0,1,0
2023,53569,서동욱,롯데,0.118,13,20,17,2,2,1,0,0,3,0,0,0
2023,51528,손성빈,롯데,0.263,45,80,76,13,20,3,0,1,26,15,2,0
2023,69508,신윤후,롯데,0.04,28,27,25,2,1,0,0,0,1,1,0,0
2023,50202,안권수,롯데,0.269,95,309,268,42,72,6,1,2,86,29,7,3
2023,79608,안치홍,롯데,0.292,121,494,425,57,124,20,1,8,170,63,5,5
2023,61102,유강남,롯데,0.261,121,403,352,45,92,13,0,10,135,55,2,4
2023,52591,윤동희,롯데,0.287,107,423,387,45,111,18,1,2,137,41,2,5
2023,53505,윤수녕,롯데,0.25,3,4,4,0,1,0,0,0,1,1,0,0
2023,67644,이정훈,롯데,0.296,59,171,152,17,45,7,0,1,55,17,0,3
2023,69453,이학주,롯데,0.209,104,122,110,22,23,2,0,3,34,13,0,0
2023,68507,장두성,롯데,0.154,25,15,13,7,2,0,0,0,2,1,1,0
2023,78513,전준우,롯데,0.312,138,559,493,80,154,21,3,17,232,77,0,7
2023,53568,정대선,롯데,0.15,19,47,40,5,6,1,0,0,7,6,1,2
2023,68518,정보근,롯데,0.333,55,101,81,11,27,6,1,1,38,13,4,1
2023,60523,정훈,롯데,0.279,80,233,201,40,56,14,0,6,88,31,4,2
2023,64717,지시완,롯데,0.125,6,10,8,0,1,0,0,0,1,0,2,0
2023,64718,최설우,롯데,,1,0,0,0,0,0,0,0,0,0,0,0
2023,68525,한동희,롯데,0.223,108,353,319,30,71,11,0,5,97,32,2,5
2023,50500,황성빈,롯데,0.212,74,191,170,22,36,5,2,0,45,8,8,0
2023,63963,권희동,NC,0.285,96,373,309,33,88,16,0,7,125,63,4,5
2023,62934,김성욱,NC,0.223,93,204,179,28,40,10,0,6,68,16,3,1
2023,67900,김수윤,NC,0.214,16,15,14,0,3,0,0,0,3,2,0,0
2023,68928,김시훈,NC,,1,0,0,0,0,0,0,0,0,0,0,0
2023,51907,김주원,NC,0.233,127,474,403,56,94,9,2,10,137,54,8,4
2023,50902,김한별,NC,0.216,79,105,97,8,21,0,1,0,23,4,2,0
2023,68912,김형준,NC,0.236,26,82,72,10,17,2,0,6,37,13,1,0
2023,66965,도태훈,NC,0.234,117,302,239,41,56,6,0,5,77,23,7,1
2023,65949,류진욱,NC,,2,0,0,0,0,0,0,0,0,0,0,0
2023,53955,마틴,NC,0.283,118,503,435,55,123,20,2,17,198,90,0,10
2023,79215,박건우,NC,0.319,130,533,458,70,146,34,2,12,220,85,1,9
2023,64944,박대온,NC,0.286,25,33,28,6,8,3,0,0,11,3,0,1
2023,62907,박민우,NC,0.316,124,509,452,76,143,20,7,2,183,46,5,3
2023,74465,박석민,NC,0.193,30,107,88,9,17,1,0,1,21,8,1,1
2023,62244,박세혁,NC,0.211,88,283,242,35,51,9,3,6,84,32,6,1
2023,50906,박영빈,NC,0.071,41,17,14,11,1,1,0,0,2,0,2,0
2023,69900,박주찬,NC,0.143,5,14,14,1,2,0,0,0,2,0,0,0
2023,53992,박한결,NC,0.333,12,18,15,3,5,1,0,1,9,5,0,0
2023,69995,서호철,NC,0.287,114,435,397,50,114,17,3,5,152,41,6,4
2023,77532,손아섭,NC,0.339,140,609,551,97,187,36,3,5,244,65,1,5
2023,64022,안중열,NC,0.195,77,177,154,15,30,6,0,4,48,17,3,2
2023,68904,오영수,NC,0.236,70,238,208,21,49,9,1,4,72,24,5,3
2023,51991,오장한,NC,0.143,3,8,7,2,1,0,0,0,1,0,0,0
2023,51996,오태양,NC,0,21,3,3,4,0,0,0,0,0,0,0,0
2023,63905,윤형준,NC,0.252,82,236,218,17,55,12,1,5,84,27,2,3
2023,77211,이용찬,NC,,2,0,0,0,0,0,0,0,0,0,0,0
2023,69969,전사민,NC,0,1,1,1,0,0,0,0,0,0,0,0,0
2023,51701,조현진,NC,0.2,10,5,5,0,1,0,0,0,1,0,0,0
2023,65241,채원후,NC,,1,0,0,0,0,0,0,0,0,0,0,0
2023,67905,천재환,NC,0.239,78,179,163,12,39,7,1,2,54,17,2,2
2023,68909,최보성,NC,0.263,12,21,19,2,5,0,0,0,5,0,0,0
2023,69992,최정원,NC,0.26,39,56,50,12,13,3,2,0,20,5,2,0
2023,64101,한석현,NC,0.2,27,66,60,5,12,1,0,0,13,2,2,0
2023,51994,한재승,NC,,1,0,0,0,0,0,0,0,0,0,0,0
2023,74540,강민호,삼성,0.29,125,495,434,60,126,19,0,16,193,77,1,5
2023,53460,강준서,삼성,0.214,10,15,14,2,3,1,0,0,4,0,0,0
2023,64610,강한울,삼성,0.217,72,240,212,30,46,7,2,0,57,10,6,2
2023,68407,공민규,삼성,0.194,22,33,31,0,6,1,1,0,9,2,0,0
2023,62404,구자욱,삼성,0.336,119,515,453,65,152,37,1,11,224,71,2,3
2023,61365,김대우,삼성,,1,0,0,0,0,0,0,0,0,0,0,0
2023,69442,김도환,삼성,0.143,9,8,7,0,1,0,0,0,1,0,0,0
2023,66838,김동엽,삼성,0.255,69,182,165,20,42,7,0,5,64,18,0,2
2023,51403,김동진,삼성,0.262,44,137,122,14,32,7,0,0,39,8,3,2
2023,64793,김민수,삼성,0,2,1,1,0,0,0,0,0,0,0,0,0
2023,52402,김상민,삼성,0.083,8,13,12,3,1,0,0,0,1,0,0,0
2023,52460,김서준,삼성,,1,0,0,0,0,0,0,0,0,0,0,0
2023,67449,김성윤,삼성,0.314,101,272,245,40,77,4,6,2,99,28,4,5
2023,52430,김영웅,삼성,0.187,55,103,91,11,17,6,0,2,29,12,3,1
2023,53400,김재상,삼성,0.15,17,22,20,1,3,0,0,1,6,2,0,0
2023,65132,김재성,삼성,0.192,57,125,99,7,19,3,0,1,25,7,2,0
2023,50458,김지찬,삼성,0.292,99,355,291,59,85,4,2,1,96,18,7,0
2023,62360,김태훈,삼성,,2,0,0,0,0,0,0,0,0,0,0,0
2023,65040,김태훈,삼성,0.095,11,22,21,0,2,1,0,0,3,1,1,0
2023,61404,김헌곤,삼성,0,6,4,4,0,0,0,0,0,0,0,0,0
2023,51417,김현준,삼성,0.275,109,479,433,62,119,10,6,3,150,46,8,3
2023,64407,김호재,삼성,0.216,75,127,116,6,25,7,0,0,32,9,5,0
2023,53404,류승민,삼성,0.212,24,57,52,5,11,3,0,0,14,5,2,0
2023,62234,류지혁,삼성,0.268,132,522,455,63,122,11,1,2,141,45,10,5
2023,64469,송준석,삼성,0.25,7,8,8,0,2,0,0,0,2,1,0,0
2023,66406,안주형,삼성,0.241,53,91,79,12,19,2,0,1,24,10,1,1
2023,75421,오승환,삼성,,3,0,0,0,0,0,0,0,0,0,0,0
2023,75334,오재일,삼성,0.203,106,364,315,31,64,15,0,11,112,54,0,3
2023,68463,윤정빈,삼성,0.147,28,43,34,5,5,0,0,1,8,3,0,0
2023,69428,이병헌,삼성,0.143,23,33,28,3,4,0,0,0,4,2,1,1
2023,63960,이상민,삼성,0,1,1,1,0,0,0,0,0,0,0,0,0
2023,66409,이성규,삼성,0.207,109,162,145,23,30,10,1,1,45,18,4,2
2023,60146,이승현,삼성,,2,0,0,0,0,0,0,0,0,0,0,0
2023,51454,이승현,삼성,,2,0,0,0,0,0,0,0,0,0,0,0
2023,63492,이재익,삼성,,1,0,0,0,0,0,0,0,0,0,0,0
2023,52415,이재현,삼성,0.249,143,538,458,61,114,19,2,12,173,60,16,6
2023,68466,이태훈,삼성,0.231,12,14,13,1,3,1,0,0,4,0,0,0
2023,69416,이해승,삼성,0.25,9,4,4,0,1,1,0,0,2,0,0,0
2023,52405,조민성,삼성,0.207,15,29,29,1,6,2,0,0,8,5,0,0
2023,51463,피렐라,삼성,0.285,139,605,557,66,159,28,1,16,237,80,0,2
2023,62925,강진성,SSG,0.261,58,145,134,10,35,6,1,3,52,17,1,1
2023,51868,고명준,SSG,0,2,4,4,0,0,0,0,0,0,0,0,0
2023,72523,고효준,SSG,,2,0,0,0,0,0,0,0,0,0,0,0
2023,71837,김강민,SSG,0.226,70,166,137,20,31,3,0,2,40,7,2,3
2023,53844,김건웅,SSG,0,1,3,3,0,0,0,0,0,0,0,0,0
2023,62864,김민식,SSG,0.218,122,318,266,28,58,9,1,5,84,34,17,2
2023,76802,김성현,SSG,0.268,112,354,310,35,83,14,0,1,100,27,13,2
2023,53865,김정민,SSG,0.5,8,2,2,1,1,0,0,0,1,0,0,0
2023,66917,김찬형,SSG,0.229,36,53,48,6,11,3,0,1,17,5,2,0
2023,73211,노경은,SSG,,1,0,0,0,0,0,0,0,0,0,0,0
2023,50868,류효승,SSG,0,3,4,3,0,0,0,0,0,0,0,0,0
2023,62869,문승원,SSG,,1,0,0,0,0,0,0,0,0,0,0,0
2023,67893,박성한,SSG,0.266,128,529,459,53,122,19,0,9,168,47,7,4
2023,69839,백승건,SSG,,1,0,0,0,0,0,0,0,0,0,0,0
2023,61895,서진용,SSG,,3,0,0,0,0,0,0,0,0,0,0,0
2023,66864,안상현,SSG,0.241,58,66,58,10,14,3,0,0,17,2,3,0
2023,53827,에레디아,SSG,0.323,122,523,473,76,153,29,0,12,218,76,1,1
2023,60558,오태곤,SSG,0.239,123,305,272,37,65,14,1,7,102,28,8,3
2023,64861,이건욱,SSG,,1,0,0,0,0,0,0,0,0,0,0,0
2023,76812,이재원,SSG,0.091,27,48,44,3,4,1,0,0,5,2,1,1
2023,67807,이정범,SSG,0.172,15,33,29,2,5,0,0,0,5,4,0,2
2023,63440,이흥련,SSG,0.071,16,17,14,1,1,0,0,1,4,2,1,0
2023,62611,임준섭,SSG,,1,0,0,0,0,0,0,0,0,0,0,0
2023,50820,전의산,SSG,0.201,56,153,134,11,27,6,0,4,45,21,0,1
2023,51865,조형우,SSG,0.185,62,133,119,9,22,4,1,2,34,12,4,1
2023,69804,채현우,SSG,,1,0,0,1,0,0,0,0,0,0,0,0
2023,69802,최경모,SSG,0.15,28,20,20,6,3,0,0,0,3,1,0,0
2023,68856,최민준,SSG,,1,0,0,0,0,0,0,0,0,0,0,0
2023,68805,최상민,SSG,0.235,51,41,34,5,8,0,0,0,8,3,2,1
2023,75847,최정,SSG,0.297,128,552,471,94,140,31,0,29,258,87,1,6
2023,76267,최주환,SSG,0.235,134,478,426,48,100,24,0,20,184,63,1,3
2023,68868,최준우,SSG,0.267,38,69,60,5,16,1,0,0,17,6,0,1
2023,50854,최지훈,SSG,0.268,117,503,462,65,124,19,8,2,165,30,8,1
2023,62884,최항,SSG,0.286,21,35,28,3,8,1,0,1,12,6,1,1
2023,51817,추신수,SSG,0.254,112,462,382,65,97,17,1,12,152,41,0,2
2023,69813,하재훈,SSG,0.303,77,229,201,35,61,10,1,7,94,35,2,2
2023,62895,한유섬,SSG,0.273,109,388,333,29,91,15,2,7,131,55,2,7
2024,63123,강승호,두산,0.28,140,566,521,81,146,34,7,18,248,81,2,4
2024,50203,권휘,두산,0,1,1,1,0,0,0,0,0,0,0,0,0
2024,77263,김강률,두산,,1,0,0,0,0,0,0,0,0,0,0,0
2024,66112,김기연,두산,0.278,95,283,252,31,70,10,0,5,95,31,4,3
2024,69238,김대한,두산,0.133,61,89,75,10,10,1,0,1,14,7,2,2
2024,51230,김동주,두산,,1,0,0,0,0,0,0,0,0,0,0,0
2024,67246,김명신,두산,,3,0,0,0,0,0,0,0,0,0,0,0
2024,68200,김민규,두산,,1,0,0,0,0,0,0,0,0,0,0,0
2024,65269,김민혁,두산,0.2,5,8,5,1,1,0,0,1,4,2,0,0
2024,63257,김인태,두산,0.174,10,26,23,3,4,0,0,1,7,2,0,1
2024,74206,김재호,두산,0.302,57,154,126,20,38,5,0,1,46,11,7,1
2024,78224,김재환,두산,0.283,136,552,474,78,134,28,0,29,249,92,0,9
2024,69207,김태근,두산,0.087,43,27,23,7,2,0,0,0,2,1,1,0
2024,54263,김택연,두산,,1,0,0,0,0,0,0,0,0,0,0,0
2024,68269,김호준,두산,,2,0,0,0,0,0,0,0,0,0,0,0
2024,52025,라모스,두산,0.305,80,348,311,43,95,19,3,10,150,48,1,6
2024,54219,류현준,두산,0.667,2,3,3,0,2,1,0,0,3,1,0,0
2024,64468,박계범,두산,0.2,24,20,15,5,3,1,0,0,4,0,0,0
2024,53204,박민준,두산,0,5,5,5,0,0,0,0,0,0,0,0,0
2024,65639,박정수,두산,,1,0,0,0,0,0,0,0,0,0,0,0
2024,66928,박준영,두산,0.226,65,212,186,25,42,9,2,7,76,28,1,1
2024,67266,박치국,두산,,3,0,0,0,0,0,0,0,0,0,0,0
2024,66203,서예일,두산,0.222,24,20,18,2,4,0,0,0,4,1,0,0
2024,64011,안승한,두산,0.2,4,5,5,0,1,0,0,0,1,0,0,0
2024,64153,양석환,두산,0.246,142,593,533,83,131,25,1,34,260,107,1,3
2024,76232,양의지,두산,0.314,119,485,430,57,135,18,1,17,206,94,0,6
2024,50293,양찬열,두산,0.125,11,12,8,2,1,0,0,0,1,1,0,0
2024,54205,여동건,두산,0.4,9,11,10,2,4,0,0,0,4,0,0,0
2024,50208,오명진,두산,0,2,2,1,0,0,0,0,0,0,1,0,0
2024,53296,윤준호,두산,0.25,3,4,4,1,1,0,0,0,1,1,0,0
2024,69205,이교훈,두산,,5,0,0,0,0,0,0,0,0,0,0,0
2024,52204,이병헌,두산,,1,0,0,0,0,0,0,0,0,0,0,0
2024,66291,이영하,두산,,2,0,0,0,0,0,0,0,0,0,0,0
2024,67207,이유찬,두산,0.277,103,262,231,39,64,11,0,3,84,23,7,1
2024,54236,임종성,두산,0,1,4,3,0,0,0,0,0,0,0,0,0
2024,50244,장규빈,두산,0.25,3,4,4,1,1,0,0,0,1,0,0,0
2024,63202,장승현,두산,0.2,9,23,20,1,4,2,0,0,6,0,1,0
2024,54214,전다민,두산,0.333,25,34,27,10,9,2,0,0,11,1,0,0
2024,68205,전민재,두산,0.246,100,276,248,34,61,5,1,2,74,32,4,3
2024,79231,정수빈,두산,0.284,136,608,510,95,145,21,3,4,184,47,10,8
2024,68242,정철원,두산,,2,0,0,0,0,0,0,0,0,0,0,0
2024,54295,제러드,두산,0.326,38,169,144,29,47,16,1,10,95,39,0,1
2024,66209,조수행,두산,0.265,130,382,328,60,87,5,2,0,96,30,14,4
2024,51264,최승용,두산,,1,0,0,0,0,0,0,0,0,0,0,0
2024,52206,최지강,두산,,2,0,0,0,0,0,0,0,0,0,0,0
2024,79240,허경민,두산,0.309,115,477,417,69,129,28,0,7,178,61,0,6
2024,61643,홍건희,두산,,5,0,0,0,0,0,0,0,0,0,0,0
2024,66233,홍성호,두산,0.286,15,15,14,0,4,2,0,0,6,1,0,0
2024,52769,권광민,한화,0.271,19,51,48,10,13,3,0,4,28,9,0,0
2024,71837,김강민,한화,0.224,41,87,76,5,17,0,0,1,20,7,0,0
2024,53754,김서현,한화,,1,0,0,0,0,0,0,0,0,0,0,0
2024,66715,김인환,한화,0.237,51,143,131,11,31,2,0,1,36,7,0,0
2024,66704,김태연,한화,0.291,126,472,413,59,120,24,0,12,180,61,6,4
2024,69737,노시환,한화,0.272,136,601,526,88,143,20,2,24,239,89,0,4
2024,53764,문현빈,한화,0.277,103,289,260,29,72,16,2,5,107,47,1,2
2024,66707,박상언,한화,0.286,27,52,42,4,12,3,0,0,15,4,0,0
2024,67703,박상원,한화,,2,0,0,0,0,0,0,0,0,0,0,0
2024,79608,안치홍,한화,0.3,128,533,473,64,142,21,0,13,202,66,1,4
2024,79608,안치홍,한화,0.3,128,533,473,64,142,21,0,13,202,66,1,4
2024,69766,유로결,한화,0.222,23,39,36,6,8,1,0,0,9,4,0,0
2024,65703,이도윤,한화,0.277,134,374,336,49,93,10,3,1,112,46,6,3
2024,76849,이명기,한화,0,4,8,7,0,0,0,0,0,0,1,1,0
2024,52704,이상혁,한화,0.154,43,15,13,13,2,0,0,0,2,0,0,0
2024,68700,이원석,한화,0.233,87,154,133,26,31,4,1,0,37,13,2,1
2024,76812,이재원,한화,0.239,72,152,134,10,32,4,0,1,39,16,2,5
2024,66657,이진영,한화,0.204,42,103,93,20,19,6,0,1,28,13,0,0
2024,50704,임종찬,한화,0.158,24,64,57,10,9,3,2,0,16,7,0,0
2024,51762,장규현,한화,0,9,7,6,0,0,0,0,0,0,0,0,0
2024,79764,장민재,한화,,1,0,0,0,0,0,0,0,0,0,0,0
2024,66706,장진혁,한화,0.263,99,327,289,56,76,16,0,9,119,44,5,1
2024,68743,정은원,한화,0.172,27,78,64,10,11,3,1,1,19,6,1,0
2024,65707,주현상,한화,,2,0,0,0,0,0,0,0,0,0,0,0
2024,79192,채은성,한화,0.271,124,498,436,61,118,24,0,20,202,83,0,5
2024,50707,최인호,한화,0.286,82,244,210,37,60,13,2,2,83,22,4,2
2024,78288,최재훈,한화,0.257,116,348,280,34,72,10,0,4,94,37,8,6
2024,54730,페라자,한화,0.275,122,522,455,75,125,24,0,24,221,70,0,2
2024,62700,하주석,한화,0.292,64,151,137,16,40,9,1,1,54,11,2,0
2024,52710,한경빈,한화,0,1,1,1,0,0,0,0,0,0,0,0,0
2024,54795,황영묵,한화,0.301,123,389,349,52,105,8,4,3,130,35,3,1
2024,61353,고종욱,KIA,0.25,28,36,32,3,8,2,0,1,13,4,0,0
2024,53609,곽도규,KIA,,1,0,0,0,0,0,0,0,0,0,0,0
2024,66614,김규성,KIA,0.25,27,15,12,5,3,1,0,0,4,2,1,0
2024,52605,김도영,KIA,0.347,141,625,544,143,189,29,10,38,352,109,1,7
2024,54614,김두현,KIA,0.4,3,6,5,2,2,0,0,0,2,0,0,0
2024,54645,김민주,KIA,,1,0,0,0,0,0,0,0,0,0,0,0
2024,63894,김사윤,KIA,,1,0,0,0,0,0,0,0,0,0,0,0
2024,78603,김선빈,KIA,0.329,116,466,423,48,139,23,0,9,189,57,7,0
2024,66492,김승현,KIA,,1,0,0,0,0,0,0,0,0,0,0,0
2024,78122,김태군,KIA,0.264,105,270,235,24,62,7,0,7,90,34,11,1
2024,65653,김호령,KIA,0.136,64,67,59,12,8,2,0,1,13,4,0,0
2024,62947,나성범,KIA,0.291,102,424,374,51,109,17,1,21,191,80,0,7
2024,50657,박민,KIA,0.276,16,30,29,5,8,4,0,0,12,2,0,0
2024,67609,박정우,KIA,0.308,66,69,65,17,20,3,1,0,25,11,0,0
2024,64646,박찬호,KIA,0.307,134,577,515,86,158,24,1,5,199,61,7,6
2024,69727,변우혁,KIA,0.304,69,187,168,22,51,9,2,5,79,21,0,1
2024,78168,서건창,KIA,0.31,94,248,203,40,63,14,1,1,82,26,3,3
2024,52630,소크라테스,KIA,0.31,140,602,552,92,171,30,3,26,285,97,0,5
2024,52630,소크라테스,KIA,0.31,140,602,552,92,171,30,3,26,285,97,0,5
2024,68330,예진원,KIA,0.211,22,21,19,2,4,1,0,0,5,0,0,0
2024,69636,오선우,KIA,0.286,3,7,7,0,2,0,0,0,2,1,0,0
2024,52667,윤도현,KIA,0.407,6,27,27,5,11,2,0,1,16,8,0,0
2024,63260,이우성,KIA,0.288,112,449,399,56,115,16,1,9,160,54,0,3
2024,64560,이창진,KIA,0.262,103,247,191,36,50,10,0,1,63,18,5,4
2024,62951,이형범,KIA,,1,0,0,0,0,0,0,0,0,0,0,0
2024,66609,전상현,KIA,,1,0,0,0,0,0,0,0,0,0,0,0
2024,50662,정해영,KIA,,2,0,0,0,0,0,0,0,0,0,0,0
2024,66606,최원준,KIA,0.292,136,508,438,75,128,23,3,9,184,56,7,5
2024,65464,최정용,KIA,0.182,6,12,11,0,2,0,0,0,2,1,0,0
2024,52639,최지민,KIA,,2,0,0,0,0,0,0,0,0,0,0,0
2024,72443,최형우,KIA,0.28,116,487,425,67,119,23,2,22,212,109,0,5
2024,63722,한승택,KIA,0.273,20,15,11,2,3,0,0,0,3,2,0,0
2024,68646,한준수,KIA,0.307,115,316,287,39,88,22,0,7,131,41,0,6
2024,50600,홍종표,KIA,0.295,100,115,105,27,31,4,3,0,41,11,3,0
2024,65610,황대인,KIA,0.286,3,7,7,1,2,1,0,0,3,3,0,0
2024,52641,황동하,KIA,,1,0,0,0,0,0,0,0,0,0,0,0
2024,54344,고영우,키움,0.256,94,290,254,21,65,12,2,0,81,35,4,3
2024,53312,김건희,키움,0.257,83,283,261,27,67,15,0,9,109,38,0,4
2024,50393,김동욱,키움,,1,0,0,0,0,0,0,0,0,0,0,0
2024,53344,김동헌,키움,0.2,2,7,5,0,1,0,0,0,1,1,0,0
2024,50304,김병휘,키움,0.169,28,71,59,6,10,3,0,1,16,3,1,0
2024,66018,김선기,키움,,1,0,0,0,0,0,0,0,0,0,0,0
2024,68346,김수환,키움,0,2,3,3,0,0,0,0,0,0,0,0,0
2024,51303,김시앙,키움,0.143,6,7,7,1,1,0,0,0,1,0,0,0
2024,54368,김연주,키움,,4,0,0,0,0,0,0,0,0,0,0,0
2024,65898,김웅빈,키움,0.125,12,38,32,2,4,0,0,0,4,2,1,0
2024,54319,김윤하,키움,,1,0,0,0,0,0,0,0,0,0,0,0
2024,67391,김재웅,키움,,2,0,0,0,0,0,0,0,0,0,0,0
2024,62332,김재현,키움,0.243,110,326,288,27,70,11,0,0,81,26,10,4
2024,69306,김주형,키움,0.15,22,25,20,0,3,0,0,0,3,2,1,0
2024,64984,김태진,키움,0.222,81,202,189,26,42,6,3,0,54,10,5,1
2024,67304,김혜성,키움,0.326,127,567,509,90,166,26,4,11,233,75,0,7
2024,53327,도슨,키움,0.33,95,429,382,69,126,31,2,11,194,57,0,2
2024,60336,문성현,키움,,1,0,0,0,0,0,0,0,0,0,0,0
2024,54304,박범준,키움,,1,0,0,0,0,0,0,0,0,0,0,0
2024,53305,박성빈,키움,0.222,12,11,9,1,2,1,0,0,3,2,0,0
2024,52305,박수종,키움,0.256,80,148,129,23,33,5,1,0,40,6,4,0
2024,50357,박주홍,키움,0.102,25,59,49,5,5,2,0,0,7,1,0,0
2024,69363,박준형,키움,0,4,5,5,0,0,0,0,0,0,0,0,0
2024,68305,변상권,키움,0.251,77,232,219,16,55,3,1,5,75,21,0,1
2024,65357,송성문,키움,0.34,142,602,527,88,179,29,4,19,273,104,0,8
2024,65357,송성문,키움,0.34,142,602,527,88,179,29,4,19,273,104,0,8
2024,54394,송지후,키움,0,2,1,1,1,0,0,0,0,0,0,0,0
2024,50312,신준우,키움,,1,0,0,0,0,0,0,0,0,0,0,0
2024,54306,심휘윤,키움,,1,0,0,0,0,0,0,0,0,0,0,0
2024,67365,양지율,키움,,1,0,0,0,0,0,0,0,0,0,0,0
2024,67116,오석주,키움,,1,0,0,0,0,0,0,0,0,0,0,0
2024,54307,원성준,키움,0.25,51,125,112,12,28,5,0,2,39,11,1,2
2024,76118,원종현,키움,,1,0,0,0,0,0,0,0,0,0,0,0
2024,69399,윤정현,키움,,1,0,0,0,0,0,0,0,0,0,0,0
2024,53302,이승원,키움,0.108,20,41,37,3,4,1,0,0,5,1,2,0
2024,74163,이용규,키움,0.306,60,227,183,27,56,5,2,1,68,12,3,1
2024,75566,이원석,키움,0.22,39,109,91,5,20,4,0,0,24,8,0,2
2024,54305,이재상,키움,0.19,36,89,84,7,16,1,0,1,20,5,1,0
2024,50167,이주형,키움,0.266,115,537,473,82,126,19,3,13,190,60,0,1
2024,78135,이형종,키움,0.216,35,126,102,19,22,3,0,4,37,19,1,0
2024,64346,임병욱,키움,0.241,42,92,87,14,21,3,0,3,33,10,0,1
2024,64340,임지열,키움,0.102,22,57,49,4,5,0,0,1,8,5,0,1
2024,51359,장재영,키움,0.168,38,139,119,14,20,3,0,4,35,13,0,0
2024,69332,주성원,키움,0.2,27,62,55,7,11,1,0,1,15,5,1,0
2024,52330,주승우,키움,,5,0,0,0,0,0,0,0,0,0,0,0
2024,76267,최주환,키움,0.257,130,544,482,49,124,23,1,13,188,84,0,9
2024,53006,강건,KT,,1,0,0,0,0,0,0,0,0,0,0,0
2024,69064,강민성,KT,0,1,1,1,0,0,0,0,0,0,0,0,0
2024,68050,강백호,KT,0.289,144,614,550,92,159,27,0,26,264,96,0,2
2024,50066,강현우,KT,0.308,18,36,26,4,8,1,0,1,12,8,2,0
2024,51003,권동진,KT,0.222,9,10,9,3,2,0,0,0,2,0,0,0
2024,51005,김건형,KT,0.125,13,25,24,2,3,1,0,0,4,1,0,0
2024,68043,김민,KT,,1,0,0,0,0,0,0,0,0,0,0,0
2024,64004,김민혁,KT,0.353,115,393,351,47,124,14,3,1,147,34,3,3
2024,52002,김병준,KT,0.357,35,16,14,9,5,0,0,0,5,1,0,0
2024,79402,김상수,KT,0.276,113,420,369,60,102,18,4,4,140,45,7,1
2024,51097,김영현,KT,,1,0,0,0,0,0,0,0,0,0,0,0
2024,62558,김준태,KT,0.24,23,30,25,6,6,2,0,0,8,3,0,0
2024,67025,로하스,KT,0.329,144,670,572,108,188,39,1,32,325,112,0,4
2024,64007,문상철,KT,0.256,125,403,347,50,89,11,0,17,151,58,1,3
2024,73113,박경수,KT,0.667,5,3,3,2,2,1,0,0,3,1,0,0
2024,69056,박민석,KT,0.214,20,14,14,6,3,0,0,0,3,0,0,0
2024,66047,박세진,KT,,1,0,0,0,0,0,0,0,0,0,0,0
2024,60559,박시영,KT,,1,0,0,0,0,0,0,0,0,0,0,0
2024,52060,박영현,KT,,6,0,0,0,0,0,0,0,0,0,0,0
2024,64166,배정대,KT,0.275,113,473,404,49,111,25,1,7,159,59,8,7
2024,50109,성재헌,KT,,2,0,0,0,0,0,0,0,0,0,0,0
2024,69041,손동현,KT,,2,0,0,0,0,0,0,0,0,0,0,0
2024,64012,송민섭,KT,0.214,36,20,14,8,3,0,0,0,3,1,1,0
2024,62556,신본기,KT,0.279,84,152,122,18,34,3,0,3,46,19,9,2
2024,64006,심우준,KT,0.266,53,192,169,22,45,4,0,3,58,28,5,0
2024,67006,안치영,KT,0.25,31,48,44,12,11,0,0,0,11,3,2,0
2024,52001,안현민,KT,0.2,16,29,25,5,5,0,1,1,10,2,0,1
2024,64504,오윤석,KT,0.293,73,201,174,33,51,12,2,6,85,27,3,2
2024,75334,오재일,KT,0.243,105,343,296,33,72,18,1,11,125,45,0,9
2024,73117,우규민,KT,,2,0,0,0,0,0,0,0,0,0,0,0
2024,50092,윤준혁,KT,0.176,13,18,17,3,3,2,0,0,5,0,0,0
2024,69068,이선우,KT,,3,0,0,0,0,0,0,0,0,0,0,0
2024,68504,이호연,KT,0.146,27,43,41,3,6,1,0,0,7,0,1,0
2024,78548,장성우,KT,0.268,131,489,418,53,112,19,0,19,188,81,2,8
2024,64115,장준원,KT,0.071,17,18,14,1,1,0,0,0,1,0,0,0
2024,53058,정준영,KT,0.226,43,74,62,9,14,2,0,0,16,3,3,0
2024,68089,조대현,KT,0.306,26,45,36,2,11,2,0,0,13,3,5,1
2024,64868,조용호,KT,0.248,60,165,149,17,37,5,0,0,42,13,3,0
2024,65060,주권,KT,,2,0,0,0,0,0,0,0,0,0,0,0
2024,50054,천성호,KT,0.295,75,255,234,41,69,8,3,1,86,17,1,1
2024,67005,홍현빈,KT,0.222,28,22,18,5,4,0,1,0,6,2,1,0
2024,76313,황재균,KT,0.26,137,536,493,60,128,22,0,13,189,58,5,2
2024,69100,구본혁,LG,0.257,133,389,339,48,87,14,2,2,111,43,4,4
2024,54164,김대원,LG,0.5,19,4,4,5,2,0,0,0,2,0,0,0
2024,66145,김대현,LG,,3,0,0,0,0,0,0,0,0,0,0,0
2024,67504,김민수,LG,0.15,19,22,20,1,3,0,0,0,3,0,0,0
2024,53144,김범석,LG,0.241,70,180,162,14,39,4,0,6,61,24,0,2
2024,52105,김성우,LG,0,4,5,5,0,0,0,0,0,0,0,0,0
2024,69105,김성진,LG,0.267,14,16,15,1,4,0,0,1,7,2,0,0
2024,50115,김수인,LG,0,4,3,3,0,0,0,0,0,0,0,0,0
2024,68130,김영준,LG,,1,0,0,0,0,0,0,0,0,0,0,0
2024,64596,김유영,LG,,2,0,0,0,0,0,0,0,0,0,0,0
2024,66162,김주성,LG,0.167,12,9,6,1,1,0,0,0,1,0,0,0
2024,75867,김진성,LG,,4,0,0,0,0,0,0,0,0,0,0,0
2024,76290,김현수,LG,0.294,137,583,517,61,152,36,2,8,216,69,1,9
2024,54166,김현종,LG,0.2,17,16,15,8,3,1,0,0,4,2,0,0
2024,69102,문보경,LG,0.301,144,602,519,80,156,35,3,22,263,101,3,13
2024,68119,문성주,LG,0.315,96,361,305,47,96,16,2,0,116,48,1,3
2024,79365,박동원,LG,0.272,130,498,434,58,118,22,0,20,200,80,2,7
2024,53139,박명근,LG,,1,0,0,0,0,0,0,0,0,0,0,0
2024,62415,박해민,LG,0.263,144,553,482,72,127,16,6,6,173,56,5,9
2024,65109,백승현,LG,0,3,1,1,0,0,0,0,0,0,0,0,0
2024,68110,송찬의,LG,0.067,10,21,15,2,1,0,0,0,1,1,1,1
2024,65207,신민재,LG,0.297,128,474,387,78,115,11,6,0,138,40,15,3
2024,65115,안익훈,LG,0.184,37,56,49,8,9,1,0,0,10,3,2,1
2024,53123,오스틴,LG,0.319,140,604,527,99,168,32,3,32,302,132,0,13
2024,79109,오지환,LG,0.254,108,428,370,67,94,24,2,10,152,59,2,1
2024,50106,유영찬,LG,,8,0,0,0,0,0,0,0,0,0,0,0
2024,51100,이영빈,LG,0.222,31,71,63,11,14,2,0,2,22,12,2,2
2024,50904,이종준,LG,,2,0,0,0,0,0,0,0,0,0,0,0
2024,52154,이주헌,LG,0.667,3,6,6,0,4,2,0,0,6,3,0,0
2024,69108,이지강,LG,,4,0,0,0,0,0,0,0,0,0,0,0
2024,69113,임준형,LG,,1,0,0,0,0,0,0,0,0,0,0,0
2024,67123,전준호,LG,0,3,1,1,0,0,0,0,0,0,0,0,0
2024,69159,정우영,LG,0,1,1,1,0,0,0,0,0,0,0,0,0
2024,54148,진우영,LG,,1,0,0,0,0,0,0,0,0,0,0,0
2024,79140,최동환,LG,,1,0,0,0,0,0,0,0,0,0,0,0
2024,54112,최명경,LG,0.333,1,3,3,0,1,0,0,0,1,0,0,0
2024,65905,최승민,LG,0.077,57,16,13,20,1,0,0,0,1,1,1,0
2024,52103,최원영,LG,0.27,57,41,37,18,10,2,0,1,15,5,0,0
2024,63248,함덕주,LG,,1,0,0,0,0,0,0,0,0,0,0,0
2024,50108,함창건,LG,0.143,15,17,14,3,2,0,0,0,2,0,1,0
2024,77243,허도환,LG,0.138,59,105,80,10,11,2,0,0,13,11,5,1
2024,66108,홍창기,LG,0.336,139,637,524,96,176,18,3,5,215,73,1,4
2024,54567,강성우,롯데,0.5,2,3,2,0,1,0,0,0,1,0,1,0
2024,54506,강승구,롯데,0,5,2,2,0,0,0,0,0,0,0,0,0
2024,65514,강태율,롯데,0,10,10,10,0,0,0,0,0,0,0,0,0
2024,69517,고승민,롯데,0.308,120,532,481,79,148,27,6,14,229,87,1,8
2024,65522,김강현,롯데,,2,0,0,0,0,0,0,0,0,0,0,0
2024,52504,김동혁,롯데,0.2,39,17,15,8,3,0,1,0,5,1,0,0
2024,53554,김민석,롯데,0.211,41,83,76,14,16,3,1,0,21,6,1,0
2024,77564,김민성,롯데,0.2,35,84,70,6,14,5,0,2,25,8,0,1
2024,76430,김상수,롯데,,1,0,0,0,0,0,0,0,0,0,0,0
2024,62528,김원중,롯데,,1,0,0,0,0,0,0,0,0,0,0,0
2024,51551,나승엽,롯데,0.312,121,489,407,59,127,35,4,7,191,66,2,7
2024,62931,노진혁,롯데,0.219,73,157,137,13,30,6,0,2,42,13,2,2
2024,54529,레이예스,롯데,0.352,144,632,574,88,202,40,3,15,293,111,0,11
2024,62802,박승욱,롯데,0.262,139,468,405,57,106,19,1,7,148,53,3,3
2024,54507,백두산,롯데,0,1,1,1,0,0,0,0,0,0,0,0,0
2024,53569,서동욱,롯데,0.115,33,27,26,2,3,1,0,0,4,0,0,0
2024,51528,손성빈,롯데,0.197,86,171,152,24,30,6,2,6,58,21,1,2
2024,50150,손호영,롯데,0.317,102,430,398,70,126,26,4,18,214,78,1,5
2024,69508,신윤후,롯데,0.161,39,35,31,5,5,0,0,0,5,1,1,0
2024,78756,오선진,롯데,0.2,26,29,20,0,4,1,0,0,5,0,5,0
2024,61102,유강남,롯데,0.191,52,155,136,11,26,3,0,5,44,20,2,1
2024,52591,윤동희,롯데,0.293,141,613,532,97,156,35,4,14,241,85,2,5
2024,54595,이선우,롯데,,7,0,0,1,0,0,0,0,0,0,0,0
2024,50608,이인한,롯데,0.5,5,5,4,0,2,0,0,0,2,2,0,0
2024,67644,이정훈,롯데,0.3,65,116,100,10,30,8,0,0,38,18,1,2
2024,51560,이주찬,롯데,0.167,17,25,24,7,4,1,0,1,8,2,0,0
2024,69453,이학주,롯데,0.263,43,105,95,13,25,2,2,2,37,4,2,0
2024,54598,이호준,롯데,0.333,12,7,6,5,2,1,1,0,5,3,0,0
2024,68507,장두성,롯데,0.156,71,37,32,23,5,0,0,0,5,1,0,0
2024,78513,전준우,롯데,0.293,109,483,423,57,124,26,2,17,205,82,1,5
2024,53568,정대선,롯데,0,3,2,2,0,0,0,0,0,0,0,0,0
2024,68518,정보근,롯데,0.226,89,140,133,9,30,0,1,2,38,7,4,0
2024,60523,정훈,롯데,0.267,109,325,285,31,76,20,0,9,123,47,1,4
2024,62884,최항,롯데,0.25,72,143,132,17,33,3,1,0,38,12,0,0
2024,68362,추재현,롯데,,2,0,0,1,0,0,0,0,0,0,0,0
2024,68525,한동희,롯데,0.257,14,36,35,1,9,2,0,0,11,3,0,0
2024,68260,현도훈,롯데,,2,0,0,0,0,0,0,0,0,0,0,0
2024,50500,황성빈,롯데,0.32,125,406,366,94,117,15,8,4,160,26,6,1
2024,63963,권희동,NC,0.3,123,511,416,66,125,22,1,13,188,77,2,6
2024,63963,권희동,NC,0.3,123,511,416,66,125,22,1,13,188,77,2,6
2024,69980,김범준,NC,0,5,5,5,0,0,0,0,0,0,0,0,0
2024,62934,김성욱,NC,0.204,129,412,358,55,73,8,2,17,136,60,3,5
2024,54905,김세훈,NC,0,7,5,4,0,0,0,0,0,0,0,0,0
2024,67900,김수윤,NC,0.222,9,10,9,0,2,0,0,0,2,0,0,0
2024,68900,김영규,NC,,1,0,0,0,0,0,0,0,0,0,0,0
2024,64580,김재열,NC,,1,0,0,0,0,0,0,0,0,0,0,0
2024,51907,김주원,NC,0.252,134,475,385,61,97,18,2,9,146,49,9,5
2024,50902,김한별,NC,0.318,40,50,44,8,14,1,0,0,15,3,0,0
2024,68912,김형준,NC,0.195,119,414,354,39,69,12,0,17,132,50,7,6
2024,51344,김휘집,NC,0.258,140,562,488,78,126,24,1,16,200,73,4,8
2024,54944,데이비슨,NC,0.306,131,567,504,90,154,25,1,46,319,119,0,7
2024,66965,도태훈,NC,0.214,100,181,145,20,31,4,0,0,35,15,4,2
2024,65949,류진욱,NC,,1,0,0,0,0,0,0,0,0,0,0,0
2024,79215,박건우,NC,0.344,89,362,323,58,111,23,1,13,175,53,0,2
2024,62907,박민우,NC,0.328,121,528,457,75,150,26,2,8,204,50,4,4
2024,62244,박세혁,NC,0.264,82,171,148,21,39,9,0,1,51,10,5,1
2024,50996,박시원,NC,0.234,55,158,141,17,33,5,1,2,46,17,2,1
2024,50906,박영빈,NC,0.5,19,7,6,3,3,2,0,0,5,1,0,0
2024,53992,박한결,NC,0.185,28,71,65,8,12,1,0,7,34,14,0,0
2024,69995,서호철,NC,0.285,141,567,512,68,146,19,3,10,201,61,6,3
2024,77532,손아섭,NC,0.285,84,355,333,45,95,16,0,7,132,50,2,4
2024,69962,송명기,NC,,1,0,0,0,0,0,0,0,0,0,0,0
2024,69203,송승환,NC,0.2,3,5,5,1,1,0,0,0,1,0,0,0
2024,53991,신용석,NC,0,2,2,2,0,0,0,0,0,0,0,0,0
2024,64022,안중열,NC,0.286,10,25,21,5,6,1,0,2,13,4,0,1
2024,68904,오영수,NC,0.2,20,34,30,4,6,0,0,3,15,5,0,1
2024,67905,천재환,NC,0.284,89,236,215,31,61,9,1,5,87,33,3,1
2024,69992,최정원,NC,0.282,65,155,131,33,37,5,0,1,45,14,1,2
2024,64101,한석현,NC,0.247,40,76,73,10,18,4,1,0,24,3,0,0
2024,51994,한재승,NC,,1,0,0,0,0,0,0,0,0,0,0,0
2024,50903,한재환,NC,0.222,7,9,9,1,2,1,0,0,3,1,0,0
2024,74540,강민호,삼성,0.303,136,452,403,48,122,19,1,19,200,77,0,6
2024,64610,강한울,삼성,0.095,18,25,21,1,2,0,0,0,2,1,3,1
2024,68407,공민규,삼성,0.071,12,17,14,1,1,0,0,1,4,2,0,0
2024,62404,구자욱,삼성,0.343,129,568,493,92,169,39,1,33,309,115,2,6
2024,61365,김대우,삼성,,1,0,0,0,0,0,0,0,0,0,0,0
2024,69442,김도환,삼성,0,1,3,3,0,0,0,0,0,0,0,0,0
2024,66838,김동엽,삼성,0.111,8,21,18,1,2,1,0,0,3,2,0,1
2024,51403,김동진,삼성,0.108,30,42,37,5,4,0,0,1,7,2,2,0
2024,64793,김민수,삼성,0.25,9,8,8,1,2,0,0,1,5,3,0,0
2024,67449,김성윤,삼성,0.243,32,89,74,15,18,4,0,0,22,6,3,2
2024,52430,김영웅,삼성,0.252,126,509,456,65,115,16,3,28,221,79,1,4
2024,53400,김재상,삼성,0.238,35,91,84,13,20,4,0,2,30,12,1,1
2024,65132,김재성,삼성,0.2,10,23,20,3,4,1,0,0,5,1,0,0
2024,65062,김재윤,삼성,,3,0,0,0,0,0,0,0,0,0,0,0
2024,52424,김재혁,삼성,0.184,35,54,49,6,9,2,1,0,13,6,0,2
2024,50458,김지찬,삼성,0.316,135,535,453,102,143,16,3,3,174,36,12,1
2024,65040,김태훈,삼성,0.2,12,21,20,2,4,1,0,0,5,1,0,0
2024,62360,김태훈,삼성,,1,0,0,0,0,0,0,0,0,0,0,0
2024,61404,김헌곤,삼성,0.302,117,311,281,43,85,8,1,9,122,34,4,1
2024,51417,김현준,삼성,0.224,79,205,183,23,41,10,1,0,53,11,4,3
2024,54460,김호진,삼성,0.069,26,32,29,4,2,0,0,0,2,3,0,1
2024,54400,디아즈,삼성,0.282,29,118,110,14,31,5,0,7,57,19,0,0
2024,53404,류승민,삼성,0,5,3,1,1,0,0,0,0,0,0,0,0
2024,62234,류지혁,삼성,0.258,100,348,302,43,78,9,1,3,98,36,5,2
2024,54424,맥키넌,삼성,0.294,72,315,272,28,80,13,0,4,105,36,0,3
2024,75125,박병호,삼성,0.231,120,406,350,52,81,7,0,23,157,70,0,2
2024,66406,안주형,삼성,0.218,82,166,142,24,31,2,0,0,33,8,12,0
2024,54408,양도근,삼성,0.174,16,29,23,5,4,0,1,0,6,2,1,0
2024,69403,양우현,삼성,0,7,15,13,0,0,0,0,0,0,1,1,0
2024,75421,오승환,삼성,,2,0,0,0,0,0,0,0,0,0,0,0
2024,54404,육선엽,삼성,,1,0,0,0,0,0,0,0,0,0,0,0
2024,68463,윤정빈,삼성,0.286,69,188,161,26,46,4,1,7,73,20,0,2
2024,69428,이병헌,삼성,0.248,95,166,145,9,36,4,0,1,43,9,2,0
2024,63960,이상민,삼성,,1,0,0,0,0,0,0,0,0,0,0,0
2024,66409,이성규,삼성,0.242,122,355,302,56,73,10,1,22,151,57,4,3
2024,52415,이재현,삼성,0.26,109,458,389,71,101,18,1,14,163,66,0,3
2024,51407,이창용,삼성,0.19,9,21,21,1,4,1,0,0,5,2,0,0
2024,65586,전병우,삼성,0.225,58,128,111,17,25,5,0,5,45,14,0,2
2024,67421,최지광,삼성,,1,0,0,0,0,0,0,0,0,0,0,0
2024,54444,카디네스,삼성,0.333,7,25,24,2,8,2,0,2,16,5,0,0
2024,62925,강진성,SSG,0.185,16,31,27,4,5,0,0,0,5,2,1,0
2024,51868,고명준,SSG,0.25,106,366,340,33,85,13,0,11,131,45,0,0
2024,62864,김민식,SSG,0.208,45,126,106,10,22,5,0,1,30,10,4,0
2024,76802,김성현,SSG,0.227,71,167,141,21,32,3,1,1,40,15,5,1
2024,66917,김찬형,SSG,0,5,9,9,0,0,0,0,0,0,0,0,0
2024,69825,김창평,SSG,0,6,9,7,1,0,0,0,0,0,0,0,0
2024,50868,류효승,SSG,0,1,2,2,0,0,0,0,0,0,0,0,0
2024,62869,문승원,SSG,0,6,1,1,0,0,0,0,0,0,0,0,0
2024,64893,박민호,SSG,,1,0,0,0,0,0,0,0,0,0,0,0
2024,67893,박성한,SSG,0.301,137,564,489,78,147,24,0,10,201,67,3,6
2024,54805,박지환,SSG,0.276,76,249,228,33,63,9,2,4,88,21,3,3
2024,66662,신범수,SSG,0.222,11,29,27,4,6,3,0,0,9,2,0,0
2024,66864,안상현,SSG,0.171,37,75,70,3,12,1,0,0,13,2,1,0
2024,53827,에레디아,SSG,0.36,136,591,541,82,195,31,1,21,291,118,0,9
2024,53827,에레디아,SSG,0.36,136,591,541,82,195,31,1,21,291,118,0,9
2024,60558,오태곤,SSG,0.275,117,288,247,43,68,16,0,9,111,36,6,3
2024,53892,이로운,SSG,,3,0,0,0,0,0,0,0,0,0,0,0
2024,79456,이지영,SSG,0.279,123,432,398,45,111,11,1,5,139,50,7,2
2024,50820,전의산,SSG,0.088,34,63,57,3,5,0,0,1,8,3,0,1
2024,54812,정준재,SSG,0.307,88,240,215,40,66,8,5,1,87,23,3,0
2024,54815,정현승,SSG,0.241,23,31,29,1,7,0,0,1,10,4,0,0
2024,51897,조병현,SSG,,3,0,0,0,0,0,0,0,0,0,0,0
2024,51865,조형우,SSG,0.242,19,38,33,4,8,0,0,0,8,4,0,0
2024,69804,채현우,SSG,,1,0,0,0,0,0,0,0,0,0,0,0
2024,69802,최경모,SSG,0.171,50,50,35,12,6,0,0,0,6,0,7,0
2024,65157,최민창,SSG,0,7,3,3,2,0,0,0,0,0,0,0,0
2024,68805,최상민,SSG,0.167,43,13,12,9,2,2,0,0,4,1,0,0
2024,75847,최정,SSG,0.291,129,550,468,93,136,27,2,37,278,107,0,7
2024,68868,최준우,SSG,0.24,18,34,25,2,6,2,0,0,8,5,0,0
2024,50854,최지훈,SSG,0.275,125,543,483,89,133,22,7,11,202,49,6,2
2024,51817,추신수,SSG,0.281,78,302,253,40,71,14,1,5,102,37,2,6
2024,69813,하재훈,SSG,0.248,107,317,290,40,72,19,0,10,121,36,2,5
2024,68092,한두솔,SSG,,1,0,0,0,0,0,0,0,0,0,0,0
2024,62895,한유섬,SSG,0.235,132,523,464,64,109,29,0,24,210,87,1,3
2024,50840,현원회,SSG,0,1,1,1,0,0,0,0,0,0,0,0,0
2025,63123,강승호,두산,0.236,115,400,360,51,85,19,3,8,134,37,2,3
2025,51269,강현구,두산,0,1,2,2,0,0,0,0,0,0,0,0,0
2025,72523,고효준,두산,,1,0,0,0,0,0,0,0,0,0,0,0
2025,66112,김기연,두산,0.247,100,245,219,19,54,9,0,2,69,24,4,2
2025,69238,김대한,두산,0.194,16,37,36,1,7,0,0,1,10,5,0,0
2025,52267,김동준,두산,0.237,36,100,93,8,22,3,0,2,31,10,1,0
2025,53554,김민석,두산,0.228,95,247,228,21,52,7,3,1,68,21,2,3
2025,65269,김민혁,두산,0.118,10,21,17,2,2,0,0,1,5,1,0,0
2025,55216,김성재,두산,0,1,1,1,0,0,0,0,0,0,0,0,0
2025,63257,김인태,두산,0.213,106,225,183,17,39,10,1,3,60,25,0,1
2025,74206,김재호,두산,,1,0,0,0,0,0,0,0,0,0,0,0
2025,78224,김재환,두산,0.241,103,407,344,42,83,13,2,13,139,50,0,2
2025,68830,김정우,두산,,1,0,0,0,0,0,0,0,0,0,0,0
2025,55226,김준상,두산,0.2,9,17,15,1,3,1,0,0,4,0,1,0
2025,54263,김택연,두산,,5,0,0,0,0,0,0,0,0,0,0,0
2025,55221,김한중,두산,,1,0,0,0,0,0,0,0,0,0,0,0
2025,68269,김호준,두산,,1,0,0,0,0,0,0,0,0,0,0,0
2025,54219,류현준,두산,0.136,17,22,22,2,3,0,0,0,3,1,0,0
2025,64468,박계범,두산,0.263,94,198,175,23,46,9,2,1,62,27,7,1
2025,53204,박민준,두산,0,7,2,2,0,0,0,0,0,0,0,0,0
2025,51298,박성재,두산,0,6,7,7,0,0,0,0,0,0,0,0,0
2025,68249,박신지,두산,,1,0,0,0,0,0,0,0,0,0,0,0
2025,55252,박준순,두산,0.284,91,298,282,34,80,11,2,4,107,19,2,3
2025,66928,박준영,두산,0.225,41,126,111,9,25,8,0,1,36,10,1,1
2025,50204,박지훈,두산,0.417,37,55,48,11,20,4,0,1,27,8,1,0
2025,67266,박치국,두산,,1,0,0,0,0,0,0,0,0,0,0,0
2025,51203,안재석,두산,0.319,35,147,135,25,43,16,1,4,73,20,1,0
2025,64153,양석환,두산,0.248,72,294,262,32,65,16,0,8,105,31,0,3
2025,76232,양의지,두산,0.337,130,517,454,56,153,27,1,20,242,89,0,6
2025,55215,양재훈,두산,,1,0,0,0,0,0,0,0,0,0,0,0
2025,54205,여동건,두산,0.105,19,21,19,6,2,0,0,0,2,2,0,0
2025,50208,오명진,두산,0.263,107,371,331,38,87,14,4,4,121,41,7,3
2025,55224,이선우,두산,0.182,10,11,11,0,2,1,0,0,3,0,0,0
2025,66291,이영하,두산,,1,0,0,0,0,0,0,0,0,0,0,0
2025,67207,이유찬,두산,0.242,89,311,269,36,65,8,1,1,78,16,6,1
2025,54236,임종성,두산,0.277,33,89,83,7,23,4,0,2,33,11,1,1
2025,63202,장승현,두산,0,4,2,2,0,0,0,0,0,0,0,0,0
2025,54214,전다민,두산,0.083,22,12,12,5,1,0,0,0,1,0,0,0
2025,79231,정수빈,두산,0.258,132,546,462,89,119,16,4,6,161,38,8,4
2025,66209,조수행,두산,0.244,108,140,119,30,29,4,0,0,33,9,7,0
2025,52208,천현재,두산,0,3,3,3,0,0,0,0,0,0,0,0,0
2025,67263,최원준,두산,,1,0,0,0,0,0,0,0,0,0,0,0
2025,68362,추재현,두산,0.222,34,87,81,7,18,3,1,1,26,7,2,0
2025,55208,케이브,두산,0.299,136,593,538,72,161,28,6,16,249,87,0,8
2025,55267,홍민규,두산,,2,0,0,0,0,0,0,0,0,0,0,0
2025,66233,홍성호,두산,0.346,9,27,26,3,9,1,0,2,16,3,0,0
2025,52769,권광민,한화,0.167,15,18,18,2,3,1,0,0,4,0,0,0
2025,53754,김서현,한화,,3,0,0,0,0,0,0,0,0,0,0,0
2025,50711,김승일,한화,,1,0,0,0,0,0,0,0,0,0,0,0
2025,66715,김인환,한화,0.08,10,26,25,2,2,0,0,1,5,3,0,0
2025,63765,김종수,한화,,1,0,0,0,0,0,0,0,0,0,0,0
2025,66704,김태연,한화,0.261,120,340,303,40,79,15,0,3,103,20,6,0
2025,69737,노시환,한화,0.26,144,624,539,97,140,28,2,32,268,101,0,4
2025,55703,리베라토,한화,0.313,62,273,246,41,77,18,2,10,129,39,0,4
2025,53764,문현빈,한화,0.32,141,592,528,71,169,30,2,12,239,80,5,11
2025,67703,박상원,한화,,1,0,0,0,0,0,0,0,0,0,0,0
2025,50709,박정현,한화,0,2,2,2,0,0,0,0,0,0,0,0,0
2025,77532,손아섭,한화,0.288,111,416,372,39,107,22,3,1,138,50,4,2
2025,64006,심우준,한화,0.231,94,275,247,39,57,9,1,2,74,22,7,1
2025,79608,안치홍,한화,0.172,66,196,174,9,30,4,0,2,40,18,4,1
2025,69766,유로결,한화,0.154,20,16,13,1,2,0,0,0,2,0,2,0
2025,69213,윤산흠,한화,,1,0,0,0,0,0,0,0,0,0,0,0
2025,65703,이도윤,한화,0.26,113,277,250,37,65,11,3,1,85,36,10,3
2025,55710,이민재,한화,0,3,4,4,0,0,0,0,0,0,0,0,0
2025,52704,이상혁,한화,0.2,39,12,10,14,2,1,0,0,3,2,1,0
2025,55712,이승현,한화,1,4,1,1,1,1,0,1,0,3,1,0,0
2025,68700,이원석,한화,0.203,129,248,212,60,43,7,0,4,62,24,7,2
2025,76812,이재원,한화,0.2,98,151,125,4,25,2,1,1,32,12,8,3
2025,66657,이진영,한화,0.274,115,366,321,49,88,13,0,11,134,43,0,5
2025,50704,임종찬,한화,0.167,17,35,30,2,5,1,0,1,9,2,0,0
2025,51762,장규현,한화,1,2,2,1,1,1,0,0,0,1,0,0,0
2025,55743,정우주,한화,,3,0,0,0,0,0,0,0,0,0,0,0
2025,54768,조동욱,한화,,2,0,0,0,0,0,0,0,0,0,0,0
2025,79192,채은성,한화,0.288,132,527,480,54,138,27,1,19,224,88,3,0
2025,50707,최인호,한화,0.259,78,159,139,7,36,9,0,2,51,19,1,1
2025,78288,최재훈,한화,0.286,121,348,269,28,77,15,0,1,95,35,10,6
2025,55734,플로리얼,한화,0.271,65,285,258,36,70,18,2,8,116,29,0,2
2025,62700,하주석,한화,0.297,95,305,276,34,82,14,0,4,108,28,11,1
2025,61666,한승혁,한화,,1,0,0,0,0,0,0,0,0,0,0,0
2025,52764,허인서,한화,0.172,20,30,29,2,5,1,0,0,6,2,0,0
2025,54795,황영묵,한화,0.273,117,286,260,40,71,17,1,1,93,22,2,1
2025,61353,고종욱,KIA,0.296,46,123,115,13,34,2,0,3,45,16,0,3
2025,66614,김규성,KIA,0.233,133,222,193,30,45,4,0,3,58,16,5,1
2025,69620,김기훈,KIA,0,2,1,1,0,0,0,0,0,0,0,0,0
2025,60337,김대유,KIA,,1,0,0,0,0,0,0,0,0,0,0,0
2025,52605,김도영,KIA,0.309,30,122,110,20,34,9,0,7,64,27,0,2
2025,67610,김석환,KIA,0.265,47,134,117,14,31,1,2,2,42,16,0,1
2025,78603,김선빈,KIA,0.321,84,308,271,31,87,18,1,3,116,46,2,1
2025,68928,김시훈,KIA,,4,0,0,0,0,0,0,0,0,0,0,0
2025,78122,김태군,KIA,0.258,100,274,236,20,61,10,1,5,88,31,8,3
2025,69516,김현수,KIA,,1,0,0,0,0,0,0,0,0,0,0,0
2025,65653,김호령,KIA,0.283,105,381,332,46,94,26,3,6,144,39,8,1
2025,62947,나성범,KIA,0.268,82,310,261,30,70,16,0,10,116,36,0,1
2025,50657,박민,KIA,0.202,71,105,94,11,19,5,0,1,27,6,3,0
2025,55636,박재현,KIA,0.081,58,69,62,11,5,1,0,0,6,3,0,1
2025,67609,박정우,KIA,0.274,53,75,62,17,17,2,0,0,19,4,0,0
2025,64646,박찬호,KIA,0.287,134,595,516,75,148,18,2,5,185,42,8,6
2025,55637,박헌,KIA,0.083,8,14,12,0,1,0,0,0,1,0,0,0
2025,69727,변우혁,KIA,0.218,47,153,142,11,31,7,0,0,38,17,0,0
2025,78168,서건창,KIA,0.136,10,26,22,1,3,1,0,1,7,2,2,0
2025,69636,오선우,KIA,0.265,124,474,437,58,116,17,1,18,189,56,0,0
2025,55645,위즈덤,KIA,0.236,119,486,424,73,100,20,1,35,227,85,0,6
2025,52667,윤도현,KIA,0.275,40,160,149,24,41,7,2,6,70,17,2,0
2025,55632,이성원,KIA,,1,0,0,0,0,0,0,0,0,0,0,0
2025,65665,이준영,KIA,,1,0,0,0,0,0,0,0,0,0,0,0
2025,64560,이창진,KIA,0.161,37,113,93,11,15,3,0,1,21,9,1,1
2025,66609,전상현,KIA,,1,0,0,0,0,0,0,0,0,0,0,0
2025,50662,정해영,KIA,,1,0,0,0,0,0,0,0,0,0,0,0
2025,53659,정해원,KIA,0.075,24,46,40,5,3,0,0,0,3,0,0,0
2025,55926,정현창,KIA,0.263,16,21,19,4,5,0,0,0,5,0,0,0
2025,63342,조상우,KIA,,2,0,0,0,0,0,0,0,0,0,0,0
2025,66354,주효상,KIA,0.333,8,17,15,1,5,2,0,0,7,1,0,0
2025,65464,최정용,KIA,0.167,4,6,6,0,1,0,0,0,1,0,0,0
2025,72443,최형우,KIA,0.307,133,549,469,74,144,30,1,24,248,86,0,5
2025,63722,한승택,KIA,0.238,15,23,21,3,5,1,0,0,6,0,0,0
2025,51994,한재승,KIA,,2,0,0,0,0,0,0,0,0,0,0,0
2025,68646,한준수,KIA,0.225,103,276,244,33,55,12,1,7,90,26,0,3
2025,65610,황대인,KIA,0.189,18,57,53,3,10,3,0,1,16,8,0,1
2025,52641,황동하,KIA,,3,0,0,0,0,0,0,0,0,0,0,0
2025,62925,강진성,키움,0.182,6,13,11,1,2,0,0,0,2,1,0,0
2025,54344,고영우,키움,0.217,14,26,23,4,5,1,0,0,6,2,1,0
2025,55371,권혁빈,키움,0.1,22,24,20,1,2,0,0,0,2,1,2,0
2025,53312,김건희,키움,0.242,105,344,322,24,78,20,2,3,111,25,7,2
2025,66838,김동엽,키움,0.222,9,29,27,2,6,2,0,0,8,2,0,0
2025,53344,김동헌,키움,0.268,49,91,82,8,22,3,0,0,25,8,0,1
2025,50304,김병휘,키움,0.25,7,6,4,2,1,0,0,0,1,0,0,0
2025,65898,김웅빈,키움,0.083,10,31,24,1,2,0,0,0,2,0,1,0
2025,62332,김재현,키움,0.208,62,128,120,12,25,5,0,0,30,5,4,0
2025,64984,김태진,키움,0.233,94,304,279,27,65,11,2,5,95,25,2,3
2025,52305,박수종,키움,0.143,38,45,42,6,6,0,0,1,9,2,0,0
2025,53301,박윤성,키움,,3,0,0,0,0,0,0,0,0,0,0,0
2025,55394,박정훈,키움,,1,0,0,0,0,0,0,0,0,0,0,0
2025,69328,박주성,키움,,2,0,0,0,0,0,0,0,0,0,0,0
2025,50357,박주홍,키움,0.226,102,283,248,33,56,11,3,3,82,23,2,2
2025,68305,변상권,키움,0.263,12,20,19,2,5,2,0,0,7,4,0,1
2025,53309,서유신,키움,0,6,8,7,0,0,0,0,0,0,0,0,0
2025,65357,송성문,키움,0.315,144,646,574,103,181,37,4,26,304,90,0,3
2025,54394,송지후,키움,0.175,33,86,80,5,14,3,0,1,20,8,0,1
2025,55326,스톤,키움,0.241,22,93,87,4,21,0,0,2,27,15,0,1
2025,69045,알칸타라,키움,,1,0,0,0,0,0,0,0,0,0,0,0
2025,55370,양현종,키움,0.083,12,14,12,1,1,0,0,0,1,0,0,0
2025,55392,어준서,키움,0.238,116,360,324,48,77,9,1,6,106,27,3,1
2025,55393,여동욱,키움,0.132,28,61,53,6,7,1,0,2,14,2,1,0
2025,55339,염승원,키움,0.211,11,21,19,2,4,0,0,0,4,1,0,1
2025,78756,오선진,키움,0.238,99,163,143,15,34,8,0,1,45,19,4,1
2025,54307,원성준,키움,0.174,24,53,46,5,8,1,0,2,15,4,0,0
2025,53302,이승원,키움,0,1,2,2,0,0,0,0,0,0,0,0,0
2025,74163,이용규,키움,0.216,14,41,37,7,8,1,0,0,9,0,1,0
2025,75566,이원석,키움,0.143,5,8,7,1,1,0,0,0,1,0,0,0
2025,54305,이재상,키움,0.5,2,2,2,0,1,0,0,0,1,0,0,0
2025,50167,이주형,키움,0.24,127,514,446,55,107,22,1,11,164,45,3,0
2025,51302,이주형,키움,0.313,11,17,16,2,5,0,0,0,5,2,0,0
2025,55301,이준우,키움,,1,0,0,0,0,0,0,0,0,0,0,0
2025,78135,이형종,키움,0.2,33,82,70,4,14,3,0,2,23,6,2,0
2025,64346,임병욱,키움,0.233,52,140,133,12,31,4,3,2,47,13,1,1
2025,64340,임지열,키움,0.244,102,417,369,51,90,14,2,11,141,50,1,3
2025,51359,장재영,키움,0.143,10,16,14,1,2,0,0,0,2,2,0,0
2025,55397,전태현,키움,0.231,77,207,182,20,42,5,0,0,47,10,3,2
2025,69332,주성원,키움,0.25,58,174,156,21,39,6,0,1,48,12,0,1
2025,52330,주승우,키움,,2,0,0,0,0,0,0,0,0,0,0,0
2025,76267,최주환,키움,0.275,120,506,459,45,126,31,1,12,195,74,0,6
2025,54444,카디네스,키움,0.253,86,361,320,33,81,15,1,7,119,42,0,3
2025,52366,푸이그,키움,0.212,40,172,156,17,33,2,0,6,53,20,0,0
2025,69064,강민성,KT,0.033,25,36,30,0,1,0,0,0,1,1,0,1
2025,68050,강백호,KT,0.265,95,369,321,41,85,18,1,15,150,61,0,1
2025,50066,강현우,KT,0.188,40,78,64,5,12,1,0,1,16,8,3,1
2025,51003,권동진,KT,0.225,123,309,271,34,61,12,3,1,82,25,6,1
2025,51005,김건형,KT,0,2,1,1,0,0,0,0,0,0,0,0,0
2025,54097,김민석,KT,,2,0,0,0,0,0,0,0,0,0,0,0
2025,65048,김민수,KT,,1,0,0,0,0,0,0,0,0,0,0,0
2025,64004,김민혁,KT,0.287,106,417,380,52,109,12,2,0,125,35,4,1
2025,52002,김병준,KT,0.2,9,5,5,2,1,0,0,0,1,0,0,0
2025,79402,김상수,KT,0.254,113,423,355,42,90,14,0,5,119,47,5,7
2025,67025,로하스,KT,0.239,95,384,331,48,79,20,0,14,141,43,0,4
2025,64007,문상철,KT,0.214,79,209,173,22,37,6,1,5,60,20,3,3
2025,55046,박건우,KT,,2,0,0,0,0,0,0,0,0,0,0,0
2025,73113,박경수,KT,,1,0,0,0,0,0,0,0,0,0,0,0
2025,69056,박민석,KT,0.263,19,21,19,5,5,1,1,0,8,1,0,0
2025,52060,박영현,KT,,5,0,0,0,0,0,0,0,0,0,0,0
2025,64166,배정대,KT,0.204,99,276,240,25,49,11,2,2,70,28,7,3
2025,69041,손동현,KT,,1,0,0,0,0,0,0,0,0,0,0,0
2025,64012,송민섭,KT,,3,0,0,0,0,0,0,0,0,0,0,0
2025,55013,스티븐슨,KT,0.262,39,168,149,26,39,12,0,3,60,14,1,0
2025,67006,안치영,KT,0.227,47,56,44,9,10,1,0,1,14,6,4,1
2025,52001,안현민,KT,0.334,112,482,395,72,132,19,4,22,225,80,0,3
2025,55005,오서진,KT,,3,0,0,0,0,0,0,0,0,0,0,0
2025,64504,오윤석,KT,0.256,77,184,156,30,40,8,1,0,50,19,8,1
2025,73117,우규민,KT,,2,0,0,0,0,0,0,0,0,0,0,0
2025,51013,유준규,KT,0.118,35,41,34,13,4,2,0,0,6,3,0,0
2025,50092,윤준혁,KT,0.059,28,18,17,4,1,1,0,0,2,0,1,0
2025,69054,이상동,KT,,2,0,0,0,0,0,0,0,0,0,0,0
2025,67048,이정현,KT,,2,0,0,0,0,0,0,0,0,0,0,0
2025,67644,이정훈,KT,0.258,59,148,132,20,34,4,0,4,50,14,0,0
2025,68504,이호연,KT,0.343,32,75,70,8,24,7,0,1,34,8,1,0
2025,78548,장성우,KT,0.247,129,480,413,44,102,13,0,14,157,58,2,8
2025,64115,장준원,KT,0.207,73,154,140,10,29,3,0,1,35,11,5,1
2025,66706,장진혁,KT,0.209,86,157,139,19,29,3,1,4,46,19,4,1
2025,68089,조대현,KT,0.187,64,90,75,7,14,4,0,0,18,11,6,0
2025,65060,주권,KT,,2,0,0,0,0,0,0,0,0,0,0,0
2025,79140,최동환,KT,,1,0,0,0,0,0,0,0,0,0,0,0
2025,51007,최성민,KT,0.105,32,21,19,3,2,0,0,0,2,2,1,0
2025,79240,허경민,KT,0.283,114,481,420,47,119,18,0,4,149,44,3,4
2025,76313,황재균,KT,0.275,112,424,385,50,106,19,0,7,146,48,1,2
2025,69100,구본혁,LG,0.286,131,397,343,41,98,16,2,1,121,38,12,0
2025,67504,김민수,LG,0.182,13,13,11,0,2,0,0,0,2,1,0,1
2025,52105,김성우,LG,0.2,7,5,5,0,1,0,0,0,1,1,0,0
2025,55167,김영우,LG,,4,0,0,0,0,0,0,0,0,0,0,0
2025,66162,김주성,LG,0.2,16,17,15,3,3,0,0,1,6,1,0,0
2025,62558,김준태,LG,1,2,2,1,1,1,0,0,0,1,0,0,0
2025,75867,김진성,LG,,5,0,0,0,0,0,0,0,0,0,0,0
2025,51154,김진수,LG,,1,0,0,0,0,0,0,0,0,0,0,0
2025,76290,김현수,LG,0.298,140,552,483,66,144,24,0,12,204,90,0,1
2025,54166,김현종,LG,0.4,10,6,5,3,2,1,0,0,3,0,0,0
2025,69102,문보경,LG,0.276,141,607,515,91,142,21,1,24,237,108,0,9
2025,68119,문성주,LG,0.305,135,542,475,57,145,20,2,3,178,70,0,9
2025,52121,문정빈,LG,0.167,21,33,30,5,5,0,0,2,11,4,0,0
2025,55164,박관우,LG,0.264,39,58,53,12,14,2,0,2,22,13,0,1
2025,79365,박동원,LG,0.253,139,523,451,57,114,25,0,22,205,76,3,5
2025,53139,박명근,LG,,5,0,0,0,0,0,0,0,0,0,0,0
2025,62415,박해민,LG,0.276,144,544,442,80,122,18,2,3,153,43,22,4
2025,65109,백승현,LG,,3,0,0,0,0,0,0,0,0,0,0,0
2025,54156,손용준,LG,0.2,9,16,15,3,3,0,0,0,3,1,0,0
2025,68110,송찬의,LG,0.211,66,166,147,18,31,9,1,3,51,20,1,1
2025,65207,신민재,LG,0.313,135,538,463,87,145,15,7,1,177,61,6,4
2025,53123,오스틴,LG,0.313,116,499,425,82,133,25,1,31,253,95,0,11
2025,79109,오지환,LG,0.253,127,472,419,57,106,24,1,16,180,62,7,6
2025,51526,우강훈,LG,,2,0,0,0,0,0,0,0,0,0,0,0
2025,50106,유영찬,LG,0,11,2,1,0,0,0,0,0,0,0,0,0
2025,51100,이영빈,LG,0.208,44,75,72,12,15,1,1,3,27,9,1,1
2025,61145,이우찬,LG,,1,0,0,0,0,0,0,0,0,0,0,0
2025,69134,이정용,LG,,8,0,0,0,0,0,0,0,0,0,0,0
2025,52154,이주헌,LG,0.219,76,156,128,22,28,3,0,4,43,9,2,0
2025,69108,이지강,LG,,6,0,0,0,0,0,0,0,0,0,0,0
2025,63950,장현식,LG,,6,0,0,0,0,0,0,0,0,0,0,0
2025,50054,천성호,LG,0.237,83,199,173,24,41,9,2,1,57,17,4,0
2025,65905,최승민,LG,0,19,6,5,6,0,0,0,0,0,0,0,0
2025,52103,최원영,LG,0.282,119,115,103,37,29,5,0,0,34,2,3,1
2025,63248,함덕주,LG,,3,0,0,0,0,0,0,0,0,0,0,0
2025,50108,함창건,LG,0.188,15,36,32,2,6,2,0,0,8,2,0,1
2025,66108,홍창기,LG,0.287,51,215,174,32,50,4,0,1,57,16,2,4
2025,54567,강성우,롯데,,1,0,0,0,0,0,0,0,0,0,0,0
2025,54506,강승구,롯데,0,1,1,1,0,0,0,0,0,0,0,0,0
2025,69517,고승민,롯데,0.271,121,538,469,71,127,21,2,4,164,45,6,4
2025,63543,구승민,롯데,,1,0,0,0,0,0,0,0,0,0,0,0
2025,65522,김강현,롯데,,1,0,0,0,0,0,0,0,0,0,0,0
2025,52504,김동혁,롯데,0.225,93,114,89,19,20,4,1,0,26,6,4,0
2025,77564,김민성,롯데,0.243,96,254,214,25,52,13,0,3,74,35,2,1
2025,76430,김상수,롯데,,1,0,0,0,0,0,0,0,0,0,0,0
2025,62528,김원중,롯데,,8,0,0,0,0,0,0,0,0,0,0,0
2025,51551,나승엽,롯데,0.229,105,392,328,40,75,12,2,9,118,44,3,1
2025,62931,노진혁,롯데,0.27,28,69,63,11,17,1,2,1,25,5,0,0
2025,54529,레이예스,롯데,0.326,144,643,573,75,187,44,1,13,272,107,0,9
2025,55509,박건우,롯데,0.667,6,3,3,1,2,0,0,0,2,1,0,0
2025,62802,박승욱,롯데,0.19,54,92,84,10,16,3,0,0,19,5,2,0
2025,55563,박재엽,롯데,0.286,9,16,14,2,4,1,0,1,8,3,0,0
2025,54503,박준우,롯데,,1,0,0,0,0,0,0,0,0,0,0,0
2025,69594,박진,롯데,,1,0,0,0,0,0,0,0,0,0,0,0
2025,55530,박찬형,롯데,0.341,48,148,129,21,44,8,2,3,65,19,0,1
2025,51528,손성빈,롯데,0.145,51,69,62,6,9,0,0,1,12,3,2,0
2025,50150,손호영,롯데,0.25,97,375,328,39,82,12,0,4,106,41,11,4
2025,69508,신윤후,롯데,0.167,12,13,12,1,2,0,0,0,2,0,1,0
2025,61102,유강남,롯데,0.274,110,350,303,35,83,18,0,5,116,38,3,5
2025,52591,윤동희,롯데,0.282,97,399,330,54,93,21,1,9,143,53,3,6
2025,67588,윤성빈,롯데,,1,0,0,0,0,0,0,0,0,0,0,0
2025,50608,이인한,롯데,,4,0,0,0,0,0,0,0,0,0,0,0
2025,55511,이태경,롯데,0,2,1,1,0,0,0,0,0,0,0,0,0
2025,54598,이호준,롯데,0.242,99,153,132,20,32,7,4,3,56,23,3,1
2025,68507,장두성,롯데,0.262,118,284,248,51,65,3,3,0,74,25,7,2
2025,68205,전민재,롯데,0.287,101,369,331,39,95,15,0,5,125,34,10,2
2025,78513,전준우,롯데,0.293,114,472,410,50,120,26,1,8,172,70,3,6
2025,68518,정보근,롯데,0.186,93,152,129,4,24,4,1,1,33,15,4,0
2025,68242,정철원,롯데,,2,0,0,0,0,0,0,0,0,0,0,0
2025,54537,정현수,롯데,,3,0,0,0,0,0,0,0,0,0,0,0
2025,60523,정훈,롯데,0.216,77,200,185,14,40,11,0,2,57,11,2,0
2025,52516,조세진,롯데,0.143,12,9,7,1,1,0,0,0,1,0,0,0
2025,62884,최항,롯데,0.167,8,7,6,1,1,0,0,0,1,1,0,0
2025,55506,한승현,롯데,0.059,19,19,17,1,1,0,0,0,1,1,0,1
2025,52568,한태양,롯데,0.274,108,267,230,42,63,14,2,2,87,22,3,0
2025,50500,황성빈,롯데,0.256,79,273,246,43,63,4,4,1,78,22,3,2
2025,54908,고승완,NC,0.2,17,11,10,5,2,0,0,0,2,0,0,0
2025,63963,권희동,NC,0.246,136,456,358,56,88,24,0,6,130,39,8,2
2025,69980,김범준,NC,0,1,1,1,0,0,0,0,0,0,0,0,0
2025,68900,김영규,NC,,1,0,0,0,0,0,0,0,0,0,0,0
2025,51903,김정호,NC,0.444,8,11,9,3,4,0,0,0,4,0,1,0
2025,51907,김주원,NC,0.289,144,624,539,98,156,26,8,15,243,65,4,2
2025,55995,김태훈,NC,,1,0,0,0,0,0,0,0,0,0,0,0
2025,50902,김한별,NC,0.313,76,72,64,14,20,2,0,0,22,5,2,0
2025,68912,김형준,NC,0.232,127,415,362,51,84,10,1,18,150,55,3,2
2025,51344,김휘집,NC,0.249,142,500,429,64,107,18,2,17,180,56,2,2
2025,54944,데이비슨,NC,0.293,112,439,386,63,113,18,0,36,239,97,0,14
2025,66965,도태훈,NC,0.182,61,98,77,9,14,4,1,1,23,8,6,0
2025,65949,류진욱,NC,,3,0,0,0,0,0,0,0,0,0,0,0
2025,79215,박건우,NC,0.289,124,442,384,43,111,24,1,9,164,67,1,5
2025,62907,박민우,NC,0.302,117,468,404,64,122,25,8,3,172,67,4,4
2025,62244,박세혁,NC,0.163,48,93,86,8,14,3,0,2,23,10,0,1
2025,50996,박시원,NC,0.204,52,60,54,12,11,2,0,1,16,4,1,0
2025,50906,박영빈,NC,0.25,16,5,4,8,1,0,0,0,1,1,0,0
2025,53992,박한결,NC,0.118,8,19,17,2,2,0,0,2,8,3,0,0
2025,64995,배재환,NC,,2,0,0,0,0,0,0,0,0,0,0,0
2025,69995,서호철,NC,0.266,103,292,263,25,70,7,1,3,88,30,10,4
2025,67962,소이현,NC,,2,0,0,0,0,0,0,0,0,0,0,0
2025,54904,손주환,NC,,2,0,0,0,0,0,0,0,0,0,0,0
2025,69203,송승환,NC,0.2,13,15,15,0,3,1,0,0,4,2,0,0
2025,50901,안인산,NC,0,4,7,6,0,0,0,0,0,0,1,0,1
2025,64022,안중열,NC,0.143,33,60,49,2,7,3,0,0,10,6,1,0
2025,68904,오영수,NC,0.232,67,179,155,14,36,5,0,3,50,23,0,0
2025,51996,오태양,NC,0.25,14,13,12,6,3,0,0,0,3,1,0,0
2025,63260,이우성,NC,0.25,105,337,300,28,75,22,1,3,108,33,1,3
2025,69969,전사민,NC,,1,0,0,0,0,0,0,0,0,0,0,0
2025,67905,천재환,NC,0.238,129,294,261,47,62,10,3,6,96,31,6,5
2025,66606,최원준,NC,0.242,126,449,413,62,100,13,3,6,137,44,2,5
2025,69992,최정원,NC,0.275,91,155,120,40,33,3,0,0,36,11,4,1
2025,64101,한석현,NC,0.195,61,138,113,18,22,5,0,3,36,21,4,2
2025,50903,한재환,NC,0.185,16,31,27,2,5,0,0,0,5,4,0,0
2025,50600,홍종표,NC,0.164,62,85,73,16,12,0,0,0,12,3,4,1
2025,74540,강민호,삼성,0.269,127,465,412,37,111,23,1,12,172,71,1,7
2025,62404,구자욱,삼성,0.319,142,616,529,106,169,43,2,19,273,96,1,8
2025,54401,김대호,삼성,,1,0,0,0,0,0,0,0,0,0,0,0
2025,69442,김도환,삼성,0.286,6,14,14,3,4,1,0,0,5,1,0,0
2025,67449,김성윤,삼성,0.331,127,538,456,92,151,29,9,6,216,61,10,2
2025,52430,김영웅,삼성,0.249,125,499,446,66,111,22,2,22,203,72,0,3
2025,65132,김재성,삼성,0.127,43,73,63,3,8,2,0,0,10,4,1,1
2025,65062,김재윤,삼성,,2,0,0,0,0,0,0,0,0,0,0,0
2025,52424,김재혁,삼성,0,8,4,3,2,0,0,0,0,0,0,0,0
2025,50458,김지찬,삼성,0.281,90,373,317,59,89,9,2,0,102,23,10,3
2025,69207,김태근,삼성,0.333,11,14,12,2,4,0,0,0,4,0,0,0
2025,65040,김태훈,삼성,0.237,51,98,93,4,22,1,0,2,29,8,2,0
2025,62360,김태훈,삼성,,1,0,0,0,0,0,0,0,0,0,0,0
2025,61404,김헌곤,삼성,0.225,77,191,173,21,39,6,0,2,51,11,2,1
2025,54460,김호진,삼성,,1,0,0,0,0,0,0,0,0,0,0,0
2025,54400,디아즈,삼성,0.314,144,628,551,93,173,32,0,50,355,158,0,11
2025,62234,류지혁,삼성,0.28,129,464,400,54,112,14,0,1,129,37,14,4
2025,75125,박병호,삼성,0.199,77,232,196,26,39,5,0,15,89,33,0,2
2025,69418,박승규,삼성,0.287,64,200,174,39,50,5,0,6,73,14,1,0
2025,53411,박진우,삼성,0,1,1,1,0,0,0,0,0,0,0,0,0
2025,55455,배찬승,삼성,,2,0,0,0,0,0,0,0,0,0,0,0
2025,55438,심재훈,삼성,0.184,31,43,38,8,7,0,0,0,7,2,1,0
2025,66406,안주형,삼성,0.235,8,18,17,3,4,0,0,1,7,2,0,0
2025,54408,양도근,삼성,0.259,116,198,166,23,43,5,0,0,48,16,11,1
2025,69403,양우현,삼성,0.188,14,16,16,3,3,1,0,0,4,4,0,0
2025,68415,양창섭,삼성,,1,0,0,0,0,0,0,0,0,0,0,0
2025,54404,육선엽,삼성,,2,0,0,0,0,0,0,0,0,0,0,0
2025,68463,윤정빈,삼성,0.175,25,46,40,3,7,1,0,0,8,3,0,2
2025,69428,이병헌,삼성,0.2,55,59,55,5,11,3,0,1,17,7,0,0
2025,66409,이성규,삼성,0.198,68,154,126,17,25,5,1,6,50,21,1,2
2025,60146,이승현,삼성,,2,0,0,0,0,0,0,0,0,0,0,0
2025,52415,이재현,삼성,0.254,139,555,457,82,116,29,1,16,195,67,10,8
2025,51460,이재희,삼성,,1,0,0,0,0,0,0,0,0,0,0,0
2025,51407,이창용,삼성,0.2,11,17,15,2,3,1,0,1,7,2,0,0
2025,69416,이해승,삼성,0.2,8,5,5,2,1,0,0,0,1,1,0,0
2025,53455,이호성,삼성,,2,0,0,0,0,0,0,0,0,0,0,0
2025,65586,전병우,삼성,0.273,59,97,77,11,21,2,0,1,26,13,0,0
2025,55435,차승준,삼성,0,1,1,1,0,0,0,0,0,0,0,0,0
2025,55440,함수호,삼성,0.214,6,14,14,1,3,0,0,0,3,1,0,0
2025,67005,홍현빈,삼성,0.125,32,38,32,8,4,2,0,0,6,0,2,0
2025,51868,고명준,SSG,0.278,130,500,471,46,131,20,1,17,204,64,0,7
2025,71837,김강민,SSG,,1,0,0,0,0,0,0,0,0,0,0,0
2025,51867,김건우,SSG,,1,0,0,0,0,0,0,0,0,0,0,0
2025,62934,김성욱,SSG,0.195,56,132,123,10,24,6,0,2,36,13,1,0
2025,76802,김성현,SSG,0.217,59,137,115,15,25,3,0,1,31,11,4,1
2025,67900,김수윤,SSG,0.091,7,12,11,0,1,0,0,0,1,0,0,0
2025,66917,김찬형,SSG,0.178,44,78,73,4,13,2,0,0,15,5,1,0
2025,69825,김창평,SSG,,4,0,0,1,0,0,0,0,0,0,0,0
2025,52803,김태윤,SSG,0.5,8,4,2,0,1,0,0,0,1,0,0,0
2025,65343,김택형,SSG,,1,0,0,0,0,0,0,0,0,0,0,0
2025,73211,노경은,SSG,,1,0,0,0,0,0,0,0,0,0,0,0
2025,50868,류효승,SSG,0.287,27,103,94,18,27,5,0,6,50,16,0,0
2025,55844,맥브룸,SSG,0.203,22,80,74,8,15,3,0,4,30,11,0,0
2025,67893,박성한,SSG,0.274,127,538,452,73,124,23,2,7,172,48,2,2
2025,54805,박지환,SSG,0.15,31,68,60,3,9,0,0,0,9,4,3,1
2025,52804,석정우,SSG,0.265,27,54,49,3,13,1,0,2,20,4,0,0
2025,66662,신범수,SSG,0.182,29,39,33,1,6,1,0,1,10,3,0,0
2025,66864,안상현,SSG,0.264,102,289,258,38,68,8,2,6,98,15,9,2
2025,53827,에레디아,SSG,0.339,96,415,375,46,127,18,0,13,184,54,0,2
2025,60558,오태곤,SSG,0.201,122,229,194,31,39,6,0,5,60,26,3,1
2025,53892,이로운,SSG,,1,0,0,0,0,0,0,0,0,0,0,0
2025,54806,이승민,SSG,0.2,2,5,5,0,1,0,0,0,1,0,0,0
2025,55832,이율예,SSG,0.231,8,13,13,3,3,0,0,3,12,7,0,0
2025,67807,이정범,SSG,0,3,3,3,0,0,0,0,0,0,0,0,0
2025,79456,이지영,SSG,0.239,76,216,197,13,47,6,1,3,64,18,4,2
2025,52807,임근우,SSG,0,3,5,5,0,0,0,0,0,0,0,0,0
2025,52809,전영준,SSG,,1,0,0,0,0,0,0,0,0,0,0,0
2025,54812,정준재,SSG,0.245,132,442,371,58,91,10,3,0,107,25,16,1
2025,54815,정현승,SSG,0.5,3,2,2,0,1,1,0,0,2,0,0,0
2025,51897,조병현,SSG,,2,0,0,0,0,0,0,0,0,0,0,0
2025,51865,조형우,SSG,0.238,102,294,269,23,64,8,0,4,84,29,1,2
2025,69804,채현우,SSG,0.188,41,52,48,8,9,1,1,1,15,9,0,1
2025,68856,최민준,SSG,,1,0,0,0,0,0,0,0,0,0,0,0
2025,68805,최상민,SSG,0.143,23,9,7,5,1,0,0,0,1,1,0,0
2025,75847,최정,SSG,0.244,95,406,340,54,83,12,0,23,164,63,0,3
2025,68868,최준우,SSG,0.191,78,192,152,17,29,0,0,3,38,22,3,4
2025,50854,최지훈,SSG,0.284,140,574,517,66,147,16,4,7,192,45,4,5
2025,54803,최현석,SSG,,1,0,0,0,0,0,0,0,0,0,0,0
2025,69813,하재훈,SSG,0.143,18,61,56,6,8,0,0,3,17,8,0,1
2025,68092,한두솔,SSG,,1,0,0,0,0,0,0,0,0,0,0,0
2025,62895,한유섬,SSG,0.273,128,511,455,50,124,24,0,15,193,71,1,2
2025,50840,현원회,SSG,0.305,21,62,59,6,18,1,0,1,22,6,0,0
2025,55897,홍대인,SSG,0.2,14,5,5,3,1,0,0,0,1,0,0,0
