YEAR,PLAYER_ID,PLAYER_NAME,BB%,K%,BB/K,OBP,SLG,OPS,ISO,Spd,BABIP,wSB,wRC,wRAA,wOBA,wRC+
2021,74540,강민호,9.70%,11.60%,0.83,0.359,0.474,0.833,0.186,1.1,0.291,-0.2,70,12.9,0.379,123
2021,68050,강백호,16.30%,13.60%,1.2,0.448,0.519,0.968,0.173,3.1,0.385,-0.5,126,48.9,0.442,163
2021,63123,강승호,6.50%,22.90%,0.28,0.301,0.375,0.677,0.136,6.3,0.297,0.6,34,-7.9,0.315,81
2021,62925,강진성,7.80%,14.70%,0.53,0.33,0.35,0.679,0.101,4,0.282,0.8,49,-7.4,0.324,87
2021,64610,강한울,11.20%,22.40%,0.5,0.34,0.281,0.621,0.022,2.3,0.343,-0.6,24,-7.7,0.306,76
2021,62404,구자욱,8.00%,16.00%,0.5,0.361,0.516,0.877,0.212,8.2,0.329,3.5,100,24.3,0.394,132
2021,71837,김강민,9.60%,20.00%,0.48,0.327,0.404,0.73,0.166,5,0.271,-0.8,31,-0.9,0.34,97
2021,66838,김동엽,4.90%,20.70%,0.24,0.286,0.351,0.637,0.114,3.1,0.28,-0.1,17,-7.6,0.297,70
2021,77564,김민성,9.90%,17.10%,0.58,0.313,0.35,0.663,0.128,2.1,0.254,-0.8,42,-10.3,0.314,80
2021,67504,김민수,8.00%,27.70%,0.29,0.312,0.352,0.664,0.111,2.5,0.333,-0.5,22,-5.2,0.315,81
2021,62864,김민식,13.60%,16.30%,0.84,0.336,0.288,0.624,0.068,1.3,0.259,-0.1,29,-8.5,0.308,77
2021,79402,김상수,10.50%,10.30%,1.02,0.32,0.301,0.62,0.065,3.2,0.259,-0.2,44,-16.4,0.302,73
2021,78603,김선빈,9.90%,6.90%,1.44,0.375,0.401,0.776,0.094,1,0.323,-0.2,79,9.4,0.365,114
2021,76802,김성현,10.60%,10.60%,1,0.356,0.426,0.782,0.143,3.3,0.296,0.5,38,4.2,0.363,113
2021,65898,김웅빈,12.20%,26.20%,0.47,0.357,0.384,0.741,0.142,2.6,0.323,-0.3,36,1.6,0.351,105
2021,63257,김인태,14.80%,16.00%,0.93,0.373,0.378,0.751,0.119,2.2,0.297,-1,57,5.3,0.36,110
2021,74206,김재호,11.60%,13.50%,0.85,0.306,0.261,0.567,0.052,2.2,0.24,-0.3,19,-12.3,0.282,60
2021,78224,김재환,14.30%,22.40%,0.64,0.382,0.501,0.883,0.227,3.1,0.316,-1.1,96,26.5,0.403,138
2021,50458,김지찬,8.00%,9.10%,0.87,0.331,0.304,0.636,0.03,6,0.3,2.7,32,-9.8,0.308,77
2021,78122,김태군,7.60%,10.90%,0.7,0.31,0.339,0.649,0.12,1.4,0.221,-0.5,27,-7.2,0.311,79
2021,66704,김태연,15.50%,20.00%,0.77,0.418,0.42,0.839,0.119,3.2,0.373,-0.8,36,9.4,0.398,135
2021,64984,김태진,5.60%,15.50%,0.36,0.314,0.341,0.655,0.066,5.5,0.325,-0.7,39,-12.1,0.307,76
2021,61404,김헌곤,9.30%,13.10%,0.71,0.353,0.354,0.707,0.075,3.8,0.313,-0.9,43,-1.8,0.338,96
2021,76290,김현수,12.90%,7.10%,1.83,0.376,0.435,0.811,0.15,2.4,0.279,0.2,88,15,0.376,120
2021,67304,김혜성,10.20%,15.30%,0.67,0.372,0.367,0.738,0.063,7,0.356,7.2,81,3,0.35,104
2021,62947,나성범,6.10%,24.90%,0.25,0.335,0.509,0.844,0.228,2.9,0.329,-0.4,95,18.6,0.382,124
2021,69737,노시환,15.90%,23.40%,0.68,0.386,0.466,0.852,0.195,3.6,0.328,0.4,73,16.3,0.389,129
2021,62931,노진혁,10.90%,23.40%,0.47,0.374,0.427,0.801,0.139,1.7,0.37,-0.4,57,9.7,0.376,121
2021,50165,라모스,8.80%,21.00%,0.42,0.317,0.422,0.739,0.178,1.2,0.276,-0.1,25,-0.2,0.343,99
2021,67872,로맥,14.00%,19.70%,0.71,0.34,0.425,0.765,0.2,2.2,0.235,0.1,56,4.2,0.356,108
2021,62234,류지혁,12.80%,14.10%,0.91,0.385,0.33,0.714,0.051,1.4,0.325,-0.1,42,1.6,0.35,104
2021,50506,마차도,10.80%,12.10%,0.89,0.359,0.361,0.719,0.082,4.3,0.31,-0.8,66,-0.4,0.343,99
2021,69102,문보경,14.00%,19.50%,0.72,0.337,0.363,0.701,0.133,3.6,0.269,0.1,38,-2.7,0.334,93
2021,79215,박건우,9.50%,13.70%,0.69,0.4,0.441,0.841,0.116,5.7,0.37,2.4,85,20.4,0.393,132
2021,73113,박경수,12.00%,27.60%,0.44,0.297,0.343,0.64,0.153,1.2,0.239,-0.5,26,-9.1,0.304,74
2021,64468,박계범,11.40%,17.70%,0.65,0.368,0.357,0.725,0.09,3.5,0.321,-0.7,49,1.9,0.35,104
2021,79365,박동원,11.00%,23.70%,0.46,0.342,0.458,0.8,0.208,2.6,0.289,0.3,69,9.6,0.369,116
2021,62907,박민우,10.20%,10.70%,0.96,0.36,0.339,0.699,0.078,7.8,0.291,1,26,-0.8,0.339,97
2021,75125,박병호,9.90%,29.60%,0.33,0.323,0.43,0.753,0.203,1,0.286,-0.1,59,0.6,0.346,101
2021,74465,박석민,13.20%,21.00%,0.63,0.361,0.48,0.841,0.222,1.3,0.283,-0.1,32,6.6,0.385,126
2021,67893,박성한,10.40%,15.50%,0.67,0.377,0.388,0.765,0.086,4.1,0.358,0,65,7.5,0.364,113
2021,62244,박세혁,8.10%,15.90%,0.51,0.296,0.27,0.566,0.051,3.5,0.264,-0.2,19,-14.2,0.277,57
2021,66928,박준영,8.60%,29.20%,0.29,0.301,0.337,0.638,0.128,5,0.28,-0.6,29,-9.6,0.306,75
2021,64646,박찬호,11.20%,15.10%,0.74,0.331,0.313,0.644,0.067,5.3,0.294,-0.1,47,-12.2,0.312,79
2021,62415,박해민,12.80%,15.00%,0.85,0.382,0.374,0.756,0.085,5.4,0.337,-0.2,74,7.2,0.361,111
2021,64166,배정대,10.90%,22.20%,0.49,0.351,0.376,0.727,0.119,5.2,0.322,1,74,0.6,0.345,101
2021,78168,서건창,11.50%,13.00%,0.88,0.35,0.343,0.693,0.09,4.8,0.286,0.4,69,-5.1,0.333,93
2021,77532,손아섭,10.00%,11.00%,0.91,0.39,0.397,0.787,0.077,4.5,0.359,-0.5,89,14,0.373,119
2021,65357,송성문,9.10%,15.30%,0.6,0.32,0.371,0.691,0.122,2.1,0.278,-0.1,30,-3.9,0.326,88
2021,65362,송우현,9.90%,17.40%,0.57,0.37,0.416,0.786,0.12,3.4,0.357,-0.3,40,5.4,0.368,116
2021,62556,신본기,10.70%,21.80%,0.49,0.333,0.299,0.632,0.063,2.6,0.31,-0.7,20,-5.3,0.311,79
2021,64006,심우준,6.90%,14.30%,0.48,0.323,0.371,0.694,0.102,5.9,0.302,0.4,50,-6.8,0.325,88
2021,51203,안재석,7.10%,23.70%,0.3,0.317,0.345,0.662,0.09,5,0.329,0.1,22,-5.5,0.313,80
2021,79608,안치홍,10.60%,11.80%,0.9,0.379,0.458,0.838,0.152,2.8,0.329,-2.2,76,16.1,0.386,127
2021,51004,알몬테,8.80%,20.00%,0.44,0.336,0.404,0.74,0.133,1.6,0.318,0.1,31,0.4,0.346,101
2021,50923,알테어,10.10%,27.60%,0.37,0.358,0.514,0.872,0.242,5.5,0.33,1.6,92,22.9,0.395,133
2021,64153,양석환,7.70%,24.90%,0.31,0.337,0.49,0.827,0.217,1.8,0.317,-1.1,80,13.2,0.374,120
2021,76232,양의지,12.10%,10.50%,1.15,0.414,0.581,0.995,0.256,2.8,0.315,-0.2,116,45.6,0.445,165
2021,75334,오재일,11.90%,21.90%,0.54,0.365,0.509,0.874,0.225,1.8,0.319,0,78,18.1,0.391,130
2021,79109,오지환,10.20%,15.40%,0.66,0.335,0.356,0.691,0.101,4.5,0.29,-0.4,59,-6.2,0.329,91
2021,60558,오태곤,5.50%,20.60%,0.27,0.313,0.426,0.739,0.157,5.4,0.309,0,30,-0.6,0.341,98
2021,61102,유강남,5.70%,17.00%,0.33,0.317,0.375,0.693,0.123,2.1,0.284,-0.2,48,-6.4,0.326,88
2021,74339,유한준,12.90%,10.60%,1.22,0.405,0.413,0.817,0.108,1.7,0.329,0.1,53,10.6,0.383,125
2021,71564,이대호,7.30%,10.80%,0.68,0.342,0.448,0.79,0.162,0.4,0.283,-0.2,63,6.4,0.361,111
2021,76849,이명기,15.90%,11.60%,1.37,0.41,0.387,0.798,0.094,3.6,0.333,-0.2,36,7.7,0.386,127
2021,64266,이성곤,13.90%,25.50%,0.55,0.377,0.374,0.75,0.109,3.5,0.372,-1.4,28,2.8,0.361,111
2021,74163,이용규,13.00%,8.40%,1.54,0.392,0.373,0.764,0.076,7.3,0.323,2.3,77,9.4,0.366,114
2021,75566,이원석,12.50%,17.20%,0.73,0.34,0.346,0.686,0.116,2.1,0.263,0.2,54,-5.9,0.329,90
2021,76812,이재원,9.30%,15.00%,0.62,0.358,0.362,0.72,0.081,1.5,0.327,-1,37,-1.1,0.34,97
2021,67341,이정후,11.40%,6.80%,1.68,0.438,0.522,0.959,0.162,5.4,0.373,0.5,108,41.4,0.44,162
2021,79456,이지영,7.40%,6.60%,1.12,0.328,0.305,0.633,0.03,4.5,0.292,0.3,23,-8.6,0.302,73
2021,64560,이창진,12.30%,18.40%,0.67,0.308,0.285,0.593,0.076,5.2,0.251,0.9,24,-12.2,0.291,66
2021,61186,이천웅,11.80%,10.90%,1.09,0.305,0.271,0.575,0.072,3.1,0.217,-0.3,16,-9.7,0.286,63
2021,78135,이형종,12.10%,23.10%,0.52,0.332,0.389,0.721,0.172,3.5,0.256,0.5,34,-0.6,0.341,98
2021,78548,장성우,13.00%,15.10%,0.86,0.335,0.371,0.706,0.142,1.4,0.244,-0.8,53,-3.8,0.334,93
2021,63202,장승현,9.00%,23.70%,0.38,0.332,0.322,0.654,0.09,1.2,0.31,-0.1,22,-4.2,0.319,84
2021,63700,장운호,10.70%,22.80%,0.47,0.332,0.27,0.603,0.035,2.6,0.318,-1.7,30,-11.6,0.301,72
2021,65586,전병우,12.60%,31.80%,0.4,0.319,0.308,0.627,0.121,4.1,0.27,0.1,25,-7.1,0.31,78
2021,78513,전준우,8.60%,11.50%,0.75,0.405,0.469,0.874,0.121,3.1,0.384,-0.4,106,30.2,0.406,140
2021,79231,정수빈,8.30%,14.20%,0.58,0.326,0.374,0.699,0.115,6.5,0.298,-0.8,39,-4.5,0.328,90
2021,68743,정은원,17.30%,17.30%,1,0.407,0.384,0.791,0.101,5.5,0.346,-1.3,93,18,0.381,124
2021,79150,정주현,11.20%,15.00%,0.75,0.327,0.337,0.664,0.099,4.2,0.274,-0.8,22,-4.1,0.32,84
2021,61869,정진기,4.90%,18.90%,0.26,0.265,0.358,0.622,0.135,5,0.25,-0.2,16,-9,0.289,65
2021,60523,정훈,12.10%,15.90%,0.76,0.38,0.438,0.819,0.146,4.1,0.332,1.2,84,15.2,0.378,122
2021,64868,조용호,14.50%,16.40%,0.88,0.348,0.271,0.62,0.037,4.4,0.288,-1.7,50,-13.4,0.311,79
2021,79192,채은성,8.50%,17.90%,0.48,0.359,0.452,0.812,0.176,3.1,0.305,-0.2,66,10.7,0.374,119
2021,66606,최원준,9.10%,10.20%,0.9,0.37,0.372,0.742,0.076,6.5,0.327,2.9,88,5.8,0.355,107
2021,78288,최재훈,15.40%,14.60%,1.06,0.405,0.387,0.791,0.112,2.3,0.317,-0.5,71,13.7,0.381,124
2021,75847,최정,15.10%,18.40%,0.82,0.41,0.562,0.972,0.284,3.9,0.277,-0.4,109,40.5,0.436,159
2021,69992,최정원,7.60%,16.80%,0.45,0.35,0.321,0.671,0.038,6.6,0.349,-1.2,26,-3.4,0.326,88
2021,76267,최주환,11.30%,17.90%,0.63,0.353,0.429,0.782,0.172,1.9,0.281,-0.2,65,7,0.363,112
2021,50854,최지훈,9.60%,13.30%,0.72,0.342,0.362,0.704,0.1,7.2,0.297,2.4,62,-3.8,0.335,94
2021,72443,최형우,15.00%,15.00%,1,0.354,0.375,0.73,0.142,1.8,0.253,-0.1,54,-1.2,0.341,98
2021,51817,추신수,17.80%,21.20%,0.84,0.409,0.451,0.86,0.187,5.3,0.315,0.8,98,27,0.403,138
2021,68362,추재현,8.70%,19.00%,0.46,0.336,0.366,0.702,0.115,3.4,0.305,-0.6,35,-2.1,0.335,94
2021,51309,크레익,8.10%,17.40%,0.47,0.32,0.383,0.703,0.135,1.6,0.282,-0.5,27,-3,0.329,90
2021,69652,터커,11.30%,12.20%,0.92,0.334,0.35,0.684,0.113,1.3,0.258,-0.2,59,-6.8,0.328,90
2021,51714,페레즈,6.70%,20.60%,0.33,0.321,0.409,0.73,0.142,3.8,0.316,-1.5,29,-1.5,0.337,95
2021,69209,페르난데스,10.50%,5.70%,1.86,0.391,0.443,0.833,0.128,1.4,0.313,-1.1,97,21.7,0.388,129
2021,51463,피렐라,9.30%,14.20%,0.65,0.358,0.493,0.851,0.209,4.5,0.293,-0.8,99,22.2,0.389,129
2021,62700,하주석,8.60%,22.70%,0.38,0.346,0.392,0.739,0.12,6.1,0.347,1.8,75,1.8,0.348,102
2021,68525,한동희,12.30%,19.20%,0.64,0.364,0.443,0.807,0.177,1.2,0.304,-0.6,73,12.3,0.375,120
2021,63722,한승택,11.70%,25.50%,0.46,0.321,0.296,0.616,0.079,0.8,0.295,-0.1,22,-7.6,0.304,74
2021,62895,한유섬,11.60%,18.50%,0.63,0.373,0.534,0.907,0.256,2.4,0.287,0,90,26.3,0.408,141
2021,79240,허경민,6.90%,6.80%,1.03,0.338,0.365,0.703,0.088,3.3,0.29,-1.8,59,-4.6,0.333,93
2021,68730,호잉,8.80%,18.20%,0.48,0.31,0.412,0.722,0.176,4.1,0.252,0,33,-3.2,0.33,91
2021,66108,홍창기,16.70%,14.60%,1.15,0.456,0.408,0.865,0.08,5,0.393,0.8,118,37.6,0.417,147
2021,65610,황대인,5.80%,20.10%,0.29,0.283,0.418,0.702,0.181,1.7,0.255,-0.1,32,-6,0.319,84
2021,76313,황재균,9.20%,18.20%,0.51,0.357,0.399,0.756,0.11,5,0.342,0.7,67,4.5,0.355,107
2021,51725,힐리,6.00%,21.60%,0.28,0.306,0.394,0.7,0.137,3.4,0.308,-0.1,29,-4,0.325,88
2022,74540,강민호,9.20%,13.10%,0.71,0.33,0.409,0.739,0.152,1.2,0.271,-0.2,54,2.3,0.337,104
2022,68050,강백호,8.70%,16.70%,0.52,0.312,0.371,0.683,0.127,1,0.275,-0.1,27,-3.4,0.314,89
2022,63123,강승호,6.00%,20.50%,0.29,0.31,0.399,0.708,0.135,4.6,0.316,0.3,54,-2.4,0.325,96
2022,64610,강한울,7.90%,19.00%,0.42,0.375,0.398,0.773,0.075,4.1,0.402,-0.2,35,5.6,0.36,119
2022,69517,고승민,9.50%,17.90%,0.53,0.381,0.453,0.834,0.137,2.8,0.377,-1.6,41,10.7,0.384,135
2022,62404,구자욱,6.10%,19.00%,0.32,0.338,0.399,0.736,0.108,6.5,0.354,1.5,54,2.6,0.338,105
2022,63963,권희동,11.10%,15.70%,0.7,0.331,0.315,0.646,0.092,3.5,0.253,-0.2,28,-4.3,0.311,87
2022,71837,김강민,8.90%,19.30%,0.46,0.375,0.449,0.824,0.146,2.1,0.363,-1.2,31,7.2,0.377,130
2022,52605,김도영,8.70%,24.40%,0.35,0.312,0.362,0.674,0.125,8.5,0.313,1.2,26,-3.3,0.314,89
2022,62864,김민식,12.00%,16.90%,0.71,0.32,0.297,0.618,0.077,2.5,0.264,-0.2,24,-7.1,0.296,77
2022,64004,김민혁,8.50%,14.30%,0.6,0.349,0.322,0.671,0.038,3.7,0.338,-2.8,46,-4.5,0.318,91
2022,79402,김상수,6.90%,16.90%,0.41,0.305,0.323,0.628,0.072,3.2,0.298,-0.2,23,-7.2,0.295,76
2022,78603,김선빈,11.10%,8.00%,1.38,0.373,0.35,0.724,0.063,3.5,0.31,1.4,75,6.3,0.345,109
2022,76802,김성현,8.60%,10.00%,0.86,0.295,0.275,0.57,0.056,3.4,0.24,-1.2,26,-15.6,0.274,63
2022,63257,김인태,14.70%,16.80%,0.87,0.366,0.336,0.702,0.089,1.9,0.29,0,34,1.5,0.338,105
2022,66715,김인환,5.60%,25.90%,0.22,0.305,0.417,0.722,0.156,2.6,0.32,0.2,49,-1,0.328,98
2022,74206,김재호,10.60%,12.50%,0.85,0.304,0.26,0.564,0.045,1.9,0.244,-0.6,19,-11.5,0.275,63
2022,78224,김재환,11.80%,25.70%,0.46,0.34,0.46,0.8,0.212,2.7,0.297,-0.3,73,12.6,0.362,121
2022,51907,김주원,9.20%,27.30%,0.34,0.334,0.392,0.726,0.165,6.3,0.299,0.6,40,2.3,0.34,106
2022,63920,김준완,16.10%,17.80%,0.9,0.337,0.243,0.58,0.054,3.5,0.238,-0.5,35,-11.3,0.294,76
2022,62558,김준태,12.20%,28.50%,0.43,0.36,0.403,0.762,0.13,3.8,0.386,0.2,36,4.6,0.353,115
2022,50458,김지찬,10.50%,14.90%,0.7,0.36,0.332,0.693,0.053,8,0.337,3.5,50,-0.3,0.33,99
2022,78122,김태군,7.20%,14.50%,0.5,0.358,0.38,0.739,0.083,2.2,0.343,0.1,30,2.5,0.345,109
2022,66704,김태연,10.30%,22.80%,0.45,0.325,0.337,0.662,0.097,2.4,0.305,-0.5,48,-6.4,0.313,88
2022,64984,김태진,6.20%,10.90%,0.57,0.315,0.295,0.61,0.028,3.5,0.302,-0.8,23,-8.7,0.29,73
2022,61404,김헌곤,3.80%,9.20%,0.41,0.224,0.241,0.465,0.049,3.6,0.206,0.1,7,-20.8,0.218,25
2022,76290,김현수,11.80%,10.30%,1.15,0.375,0.473,0.848,0.187,2.8,0.287,-0.4,96,25.1,0.385,136
2022,51417,김현준,10.70%,19.00%,0.56,0.365,0.35,0.715,0.074,5.6,0.353,0.1,52,3.1,0.34,106
2022,67304,김혜성,8.30%,14.70%,0.57,0.373,0.403,0.776,0.085,7.3,0.37,3.5,78,12.1,0.359,118
2022,51344,김휘집,9.90%,29.30%,0.34,0.326,0.336,0.662,0.114,2.2,0.308,-0.2,41,-4.6,0.316,90
2022,62947,나성범,9.90%,21.10%,0.47,0.402,0.508,0.91,0.188,4,0.388,0.4,116,40.8,0.412,154
2022,63704,노수광,8.90%,29.60%,0.3,0.299,0.362,0.661,0.133,7,0.329,0.6,35,-7.2,0.305,83
2022,69737,노시환,9.80%,19.40%,0.51,0.355,0.382,0.738,0.101,3.7,0.344,0.1,62,5.1,0.344,109
2022,62931,노진혁,10.00%,23.30%,0.43,0.353,0.455,0.807,0.174,2.3,0.342,0.2,65,12.4,0.366,124
2022,52806,라가레스,6.90%,8.90%,0.78,0.362,0.464,0.826,0.149,3.2,0.319,0.1,30,6.8,0.374,129
2022,52547,렉스,10.40%,17.50%,0.59,0.41,0.495,0.906,0.165,4.3,0.381,0.4,45,15.8,0.412,154
2022,62234,류지혁,11.70%,17.40%,0.67,0.371,0.348,0.719,0.072,4.4,0.342,-0.4,60,4.6,0.343,108
2022,52904,마티니,8.90%,14.90%,0.59,0.366,0.463,0.829,0.165,4.1,0.328,0.6,87,20,0.376,130
2022,69102,문보경,10.10%,12.00%,0.84,0.382,0.451,0.833,0.135,4.8,0.342,1.1,72,18,0.381,133
2022,68119,문성주,13.10%,9.20%,1.42,0.401,0.422,0.823,0.119,5,0.325,-1,61,15.8,0.383,135
2022,79215,박건우,9.50%,13.40%,0.71,0.408,0.458,0.867,0.123,2.5,0.375,-1,79,24.9,0.4,146
2022,79365,박동원,10.10%,21.30%,0.47,0.334,0.436,0.77,0.195,2.1,0.275,0,59,7.2,0.352,114
2022,62907,박민우,9.30%,12.20%,0.76,0.351,0.359,0.71,0.092,5.9,0.299,2.3,53,0,0.331,100
2022,75125,박병호,8.20%,26.90%,0.31,0.349,0.559,0.909,0.284,3,0.309,-0.5,84,27.2,0.403,148
2022,67893,박성한,10.60%,14.40%,0.74,0.375,0.374,0.749,0.077,4.5,0.351,-1.5,75,9.3,0.352,114
2022,62244,박세혁,8.20%,17.70%,0.46,0.32,0.316,0.636,0.068,2.5,0.299,-0.7,38,-9.2,0.301,80
2022,62802,박승욱,7.00%,30.30%,0.23,0.292,0.298,0.59,0.071,7.2,0.344,0.7,18,-8.9,0.28,66
2022,50709,박정현,5.50%,25.50%,0.21,0.289,0.317,0.606,0.073,5.5,0.322,0.7,18,-7.9,0.284,69
2022,66928,박준영,11.30%,22.50%,0.5,0.308,0.322,0.63,0.106,5.4,0.272,0.4,22,-5.7,0.3,79
2022,64646,박찬호,10.10%,11.80%,0.85,0.344,0.341,0.685,0.069,5.9,0.303,4.7,63,-3.2,0.324,95
2022,62415,박해민,6.90%,13.40%,0.52,0.347,0.368,0.715,0.079,7.3,0.332,1.9,76,1.4,0.334,102
2022,64166,배정대,9.40%,21.90%,0.43,0.339,0.352,0.691,0.087,5.1,0.339,1.8,65,-2.4,0.325,96
2022,78168,서건창,8.10%,17.80%,0.45,0.299,0.306,0.605,0.082,6.2,0.27,0.2,21,-8.1,0.288,72
2022,69995,서호철,5.60%,19.20%,0.29,0.265,0.272,0.537,0.067,4.6,0.25,0.1,13,-12.2,0.257,51
2022,52630,소크라테스,6.10%,14.60%,0.42,0.354,0.494,0.848,0.183,6,0.34,-0.4,86,21.4,0.381,133
2022,77532,손아섭,9.60%,12.30%,0.78,0.347,0.367,0.714,0.089,4.5,0.312,-0.2,73,1.1,0.333,101
2022,65357,송성문,7.50%,10.80%,0.69,0.302,0.371,0.673,0.124,2.9,0.256,-0.7,59,-11.5,0.306,84
2022,64006,심우준,9.60%,16.70%,0.57,0.316,0.302,0.617,0.062,7.2,0.284,3.5,40,-12.4,0.295,76
2022,50202,안권수,9.70%,15.00%,0.65,0.368,0.343,0.712,0.046,4.5,0.357,-1.2,33,1.6,0.339,105
2022,51203,안재석,7.20%,26.90%,0.27,0.281,0.294,0.574,0.081,3.9,0.288,0.7,19,-12.1,0.271,61
2022,79608,안치홍,9.10%,9.30%,0.98,0.354,0.436,0.79,0.152,4.4,0.292,0.3,78,12.8,0.36,120
2022,52009,알포드,10.20%,27.90%,0.37,0.362,0.509,0.871,0.223,4.6,0.366,0.4,52,14.7,0.39,139
2022,64153,양석환,7.20%,22.60%,0.32,0.309,0.432,0.742,0.188,3,0.276,0,54,2,0.337,104
2022,76232,양의지,11.80%,9.40%,1.25,0.38,0.48,0.86,0.197,2.4,0.274,-0.1,82,22.6,0.388,138
2022,78756,오선진,5.90%,16.70%,0.35,0.328,0.34,0.667,0.063,2,0.33,-0.8,32,-4,0.314,89
2022,68904,오영수,8.50%,22.40%,0.38,0.309,0.359,0.668,0.121,2.1,0.288,-2.2,26,-3.8,0.312,87
2022,64504,오윤석,10.10%,20.50%,0.49,0.322,0.343,0.665,0.108,1.8,0.281,-0.2,35,-4.5,0.314,89
2022,75334,오재일,10.60%,24.80%,0.43,0.345,0.491,0.837,0.223,1.9,0.325,-0.3,79,17,0.372,127
2022,79109,오지환,10.90%,18.80%,0.58,0.357,0.47,0.827,0.2,5.6,0.296,0.8,86,20.2,0.377,130
2022,60558,오태곤,5.10%,23.10%,0.22,0.293,0.342,0.635,0.11,6.5,0.294,0.4,26,-8.1,0.295,76
2022,61102,유강남,7.20%,20.90%,0.35,0.326,0.351,0.677,0.096,1.7,0.314,-0.3,50,-4.5,0.318,92
2022,71564,이대호,7.30%,9.50%,0.77,0.379,0.502,0.881,0.17,0.5,0.334,-0.4,99,29.8,0.396,143
2022,76849,이명기,8.80%,16.40%,0.54,0.328,0.313,0.642,0.057,4.4,0.313,-0.9,33,-6.6,0.306,83
2022,74163,이용규,13.80%,12.90%,1.07,0.326,0.221,0.548,0.022,4.7,0.234,1.4,25,-12.9,0.28,66
2022,75566,이원석,9.90%,20.90%,0.47,0.346,0.417,0.763,0.149,0.8,0.313,-0.2,44,4.8,0.349,112
2022,76812,이재원,9.00%,15.80%,0.57,0.296,0.278,0.574,0.077,2.8,0.228,0.1,21,-11.6,0.277,64
2022,68106,이재원,7.10%,30.40%,0.23,0.316,0.453,0.769,0.229,5.3,0.278,0.1,33,3.6,0.349,112
2022,52415,이재현,2.10%,18.40%,0.11,0.254,0.343,0.598,0.109,1.4,0.263,-0.1,17,-10.5,0.274,62
2022,67341,이정후,10.50%,5.10%,2.06,0.421,0.575,0.996,0.226,5.1,0.339,0.6,127,54.2,0.443,174
2022,79456,이지영,4.40%,9.80%,0.45,0.303,0.331,0.634,0.064,3.3,0.294,-0.5,40,-12.8,0.294,76
2022,66657,이진영,7.10%,37.50%,0.19,0.254,0.373,0.627,0.173,4.3,0.288,-0.5,20,-8.5,0.285,70
2022,64560,이창진,10.10%,15.60%,0.65,0.374,0.402,0.776,0.101,2.5,0.346,-1.7,57,9.7,0.362,121
2022,69453,이학주,6.20%,20.80%,0.3,0.263,0.302,0.565,0.095,4,0.256,-1.4,17,-13.2,0.265,56
2022,68504,이호연,5.00%,17.10%,0.29,0.289,0.332,0.621,0.088,4.8,0.291,0.3,18,-7.4,0.288,71
2022,78548,장성우,12.40%,18.80%,0.66,0.353,0.439,0.792,0.18,1.8,0.284,-0.1,60,10.7,0.364,122
2022,65586,전병우,7.40%,29.40%,0.25,0.288,0.315,0.603,0.112,0.6,0.28,-0.1,19,-7.8,0.287,71
2022,50820,전의산,9.00%,31.60%,0.29,0.316,0.481,0.797,0.232,2.5,0.324,-0.1,36,5.1,0.356,116
2022,78513,전준우,6.80%,14.10%,0.48,0.35,0.445,0.795,0.14,4,0.334,-0.3,72,12.1,0.361,120
2022,68518,정보근,6.20%,24.30%,0.25,0.25,0.216,0.466,0.025,1.7,0.257,0.1,8,-18.1,0.227,31
2022,79231,정수빈,8.60%,12.30%,0.7,0.323,0.331,0.654,0.072,6.2,0.291,0.5,45,-8.4,0.307,84
2022,68743,정은원,14.10%,18.10%,0.78,0.379,0.37,0.749,0.094,3.5,0.335,-1.1,81,11.4,0.355,116
2022,60523,정훈,9.40%,19.40%,0.48,0.317,0.303,0.62,0.058,3.6,0.299,0.2,30,-9.3,0.295,77
2022,64868,조용호,9.20%,13.90%,0.66,0.374,0.382,0.756,0.074,3.7,0.358,-0.6,71,8.9,0.353,114
2022,79192,채은성,5.10%,16.70%,0.31,0.354,0.437,0.79,0.141,3,0.333,-2,73,11.8,0.36,119
2022,78288,최재훈,10.10%,14.90%,0.68,0.339,0.299,0.638,0.077,1.8,0.257,-0.5,45,-6.2,0.313,88
2022,75847,최정,13.10%,19.00%,0.69,0.386,0.505,0.891,0.239,4.1,0.282,0,87,28.4,0.404,148
2022,76267,최주환,8.70%,16.50%,0.53,0.288,0.362,0.651,0.151,2.8,0.229,-0.1,31,-8,0.3,79
2022,50854,최지훈,7.30%,12.00%,0.61,0.362,0.427,0.789,0.123,6.5,0.335,2.9,91,16.4,0.364,122
2022,72443,최형우,13.80%,17.40%,0.79,0.366,0.421,0.787,0.156,2.1,0.303,-0.1,75,13,0.363,121
2022,51817,추신수,14.20%,20.00%,0.71,0.382,0.43,0.813,0.171,5,0.303,0.6,76,18.3,0.378,131
2022,52827,크론,3.50%,26.30%,0.13,0.255,0.42,0.675,0.198,1.7,0.256,-0.1,24,-5.8,0.302,81
2022,52712,터크먼,9.90%,16.00%,0.62,0.366,0.428,0.794,0.139,5.2,0.334,-1.1,92,16.9,0.365,122
2022,69209,페르난데스,6.40%,8.20%,0.78,0.353,0.4,0.752,0.091,1.1,0.327,-0.3,71,7.3,0.348,111
2022,52366,푸이그,10.60%,18.30%,0.58,0.367,0.474,0.841,0.197,2.8,0.309,-0.4,86,22.6,0.384,135
2022,51463,피렐라,8.70%,12.90%,0.68,0.411,0.565,0.976,0.223,5.2,0.361,0.5,124,50.9,0.435,169
2022,52526,피터스,7.30%,21.80%,0.34,0.299,0.402,0.701,0.174,3.1,0.257,-0.4,39,-2.7,0.321,94
2022,62700,하주석,6.40%,26.10%,0.25,0.309,0.342,0.651,0.083,5.5,0.347,0.8,46,-10.3,0.303,82
2022,68525,한동희,6.60%,12.80%,0.52,0.359,0.458,0.817,0.151,0.7,0.33,-0.3,74,16,0.372,127
2022,62895,한유섬,12.10%,25.10%,0.48,0.372,0.478,0.851,0.214,2.1,0.328,-0.5,86,23,0.385,136
2022,79240,허경민,7.30%,8.10%,0.9,0.36,0.398,0.759,0.109,3.9,0.299,0.5,65,7.7,0.351,113
2022,66108,홍창기,11.20%,14.30%,0.79,0.39,0.355,0.745,0.069,6.1,0.339,0.8,72,10.5,0.357,117
2022,65610,황대인,6.90%,17.60%,0.39,0.315,0.401,0.716,0.145,0.6,0.288,-0.3,60,-1.2,0.328,98
2022,50500,황성빈,6.20%,15.60%,0.4,0.341,0.366,0.707,0.072,6.2,0.35,-3.2,41,-0.4,0.329,99
2022,76313,황재균,9.10%,17.00%,0.54,0.335,0.38,0.715,0.118,4,0.306,-0.2,67,-0.3,0.33,100
2023,74540,강민호,9.90%,13.10%,0.75,0.366,0.445,0.811,0.154,3.2,0.307,0.4,73,14.9,0.375,125
2023,68050,강백호,11.40%,20.30%,0.56,0.347,0.416,0.763,0.151,4.1,0.311,0.4,35,3.2,0.352,110
2023,63123,강승호,5.90%,24.00%,0.25,0.316,0.387,0.703,0.122,6.5,0.341,-0.1,51,-2.7,0.329,95
2023,64610,강한울,8.30%,22.50%,0.37,0.282,0.269,0.551,0.052,4.7,0.288,-1.2,15,-13.1,0.265,54
2023,69517,고승민,13.60%,20.80%,0.66,0.331,0.318,0.649,0.094,5.6,0.285,0.1,30,-6,0.311,83
2023,61353,고종욱,4.90%,20.30%,0.24,0.329,0.393,0.721,0.096,2.7,0.365,-0.7,34,0.1,0.337,100
2023,53506,구드럼,11.40%,22.90%,0.5,0.373,0.387,0.76,0.092,1.9,0.389,-0.2,27,3.3,0.357,114
2023,62404,구자욱,10.30%,15.70%,0.65,0.407,0.494,0.902,0.159,4.1,0.387,0.3,93,31.9,0.417,153
2023,63963,권희동,13.10%,13.40%,0.98,0.388,0.405,0.792,0.12,2.5,0.315,0.2,55,11.5,0.376,126
2023,52605,김도영,9.90%,16.10%,0.61,0.371,0.453,0.824,0.15,8.3,0.349,3,59,13.2,0.381,129
2023,53344,김동헌,7.00%,22.70%,0.31,0.318,0.308,0.626,0.066,2.9,0.312,-0.2,22,-6.1,0.303,78
2023,53554,김민석,6.80%,24.70%,0.28,0.314,0.338,0.652,0.083,5.1,0.341,1.6,44,-9.5,0.309,82
2023,77564,김민성,7.90%,18.40%,0.43,0.327,0.379,0.705,0.129,2.7,0.288,-0.3,37,-0.5,0.334,99
2023,62864,김민식,9.70%,17.90%,0.54,0.302,0.316,0.618,0.098,2,0.257,-0.2,28,-9.7,0.296,74
2023,64004,김민혁,8.00%,10.70%,0.75,0.356,0.385,0.741,0.088,5.8,0.328,0.1,57,4.6,0.35,109
2023,79402,김상수,10.70%,13.30%,0.81,0.353,0.339,0.692,0.068,3.1,0.312,-2,59,-0.9,0.334,98
2023,78603,김선빈,8.00%,5.50%,1.46,0.381,0.358,0.739,0.038,2.3,0.338,-0.3,62,6.7,0.355,112
2023,62934,김성욱,7.80%,30.90%,0.25,0.303,0.38,0.683,0.156,5.4,0.306,0.6,22,-2.2,0.322,91
2023,67449,김성윤,5.10%,12.90%,0.4,0.354,0.404,0.759,0.09,8.4,0.352,2.1,36,3.5,0.353,111
2023,76802,김성현,8.20%,10.20%,0.81,0.328,0.323,0.651,0.055,3.3,0.298,0.1,35,-6.8,0.311,84
2023,66715,김인환,9.60%,24.90%,0.38,0.301,0.338,0.64,0.114,2.1,0.287,-0.1,33,-9.5,0.302,78
2023,74206,김재호,9.90%,7.90%,1.25,0.376,0.372,0.749,0.089,3.7,0.302,0.5,40,4.9,0.357,114
2023,78224,김재환,14.90%,20.70%,0.72,0.343,0.331,0.674,0.111,2.3,0.266,0,53,-3.8,0.326,93
2023,51907,김주원,9.30%,22.40%,0.42,0.328,0.34,0.668,0.107,5.7,0.289,1.4,50,-5.4,0.322,90
2023,63920,김준완,11.60%,25.30%,0.46,0.315,0.259,0.574,0.037,1.8,0.311,-0.2,18,-8.8,0.285,67
2023,50458,김지찬,13.50%,10.10%,1.33,0.408,0.33,0.738,0.038,6.4,0.331,1.8,50,7.9,0.365,119
2023,78122,김태군,4.40%,8.20%,0.54,0.305,0.308,0.614,0.049,2.7,0.279,-0.3,29,-11.6,0.292,71
2023,66704,김태연,9.60%,21.10%,0.46,0.337,0.363,0.7,0.102,3.4,0.323,0.4,32,-1.1,0.331,97
2023,64984,김태진,2.40%,11.00%,0.22,0.295,0.303,0.598,0.025,1.3,0.309,-0.2,16,-8.7,0.282,65
2023,76290,김현수,10.50%,9.60%,1.09,0.365,0.384,0.749,0.091,2.6,0.314,-0.5,72,6.5,0.352,110
2023,51417,김현준,6.30%,17.50%,0.36,0.327,0.346,0.673,0.072,5.3,0.332,-1.5,50,-6.1,0.32,89
2023,67304,김혜성,9.20%,12.30%,0.75,0.397,0.447,0.845,0.112,6.8,0.376,3.1,100,27,0.393,137
2023,51344,김휘집,11.00%,22.30%,0.49,0.338,0.374,0.712,0.125,1.3,0.31,-0.3,52,0.4,0.337,101
2023,62947,나성범,10.30%,14.20%,0.72,0.427,0.671,1.098,0.306,2.8,0.366,-0.2,60,29.8,0.49,200
2023,69737,노시환,12.40%,19.80%,0.63,0.388,0.541,0.929,0.243,2.6,0.332,-0.5,109,39.2,0.422,156
2023,62931,노진혁,11.50%,21.50%,0.54,0.347,0.377,0.724,0.12,4.6,0.328,0.7,48,2,0.343,104
2023,53327,도슨,6.90%,15.70%,0.44,0.398,0.454,0.853,0.118,6.2,0.389,0.7,43,12.2,0.397,140
2023,66965,도태훈,12.60%,15.90%,0.79,0.376,0.322,0.698,0.088,3.3,0.273,-0.3,38,2.4,0.347,107
2023,50350,러셀,7.20%,16.60%,0.44,0.34,0.403,0.743,0.116,2.8,0.333,0,30,1.9,0.347,107
2023,52547,렉스,12.00%,23.10%,0.52,0.338,0.345,0.682,0.099,2.9,0.313,-0.6,25,-2.2,0.324,92
2023,53211,로하스,11.90%,14.70%,0.81,0.345,0.474,0.819,0.221,2.7,0.26,-0.8,69,14,0.375,126
2023,62234,류지혁,8.80%,14.00%,0.63,0.34,0.31,0.65,0.042,5.8,0.312,3.5,53,-8.7,0.315,86
2023,53955,마틴,11.30%,21.30%,0.53,0.36,0.455,0.815,0.172,4.8,0.33,1.3,74,14.9,0.375,125
2023,69102,문보경,10.80%,15.20%,0.71,0.378,0.449,0.828,0.148,5.1,0.345,-2,83,19.9,0.384,131
2023,64007,문상철,4.80%,24.50%,0.2,0.298,0.414,0.712,0.155,2.7,0.318,0,36,-2.7,0.326,93
2023,68119,문성주,12.50%,6.20%,2,0.393,0.374,0.768,0.078,5.8,0.313,-1.2,76,13.4,0.369,121
2023,53764,문현빈,6.90%,17.50%,0.39,0.324,0.362,0.686,0.096,4.2,0.317,0.2,51,-5.1,0.322,91
2023,79215,박건우,10.50%,13.30%,0.79,0.397,0.48,0.877,0.162,3.7,0.349,-1.2,91,28.4,0.406,145
2023,73113,박경수,13.60%,20.80%,0.65,0.315,0.286,0.601,0.086,0.6,0.261,-0.2,19,-6.9,0.296,73
2023,79365,박동원,10.30%,18.90%,0.54,0.337,0.447,0.784,0.195,1.8,0.271,-0.8,65,8.6,0.36,115
2023,62907,박민우,7.90%,11.20%,0.7,0.381,0.405,0.786,0.088,7.3,0.356,2.2,73,12.9,0.369,121
2023,75125,박병호,9.30%,23.10%,0.4,0.357,0.443,0.8,0.16,2.1,0.339,0,71,12.9,0.37,122
2023,67893,박성한,11.00%,10.60%,1.04,0.347,0.366,0.713,0.1,2.8,0.284,0.1,63,1.2,0.339,102
2023,62244,박세혁,10.60%,15.20%,0.7,0.307,0.347,0.654,0.136,4.5,0.232,-0.4,28,-5.2,0.313,85
2023,62802,박승욱,10.40%,25.70%,0.4,0.364,0.369,0.733,0.083,6.3,0.407,1,43,3.5,0.35,109
2023,64646,박찬호,7.90%,11.00%,0.71,0.356,0.378,0.734,0.077,6.6,0.333,2.2,64,4.1,0.347,107
2023,62415,박해민,8.10%,13.30%,0.61,0.35,0.36,0.71,0.075,5.7,0.327,-0.3,67,1.1,0.339,102
2023,64166,배정대,10.50%,21.10%,0.5,0.356,0.347,0.703,0.071,4.8,0.353,1,43,0,0.336,100
2023,69727,변우혁,10.20%,32.70%,0.31,0.314,0.35,0.664,0.125,1.2,0.319,-0.2,23,-3.4,0.317,87
2023,69995,서호철,4.60%,11.70%,0.39,0.329,0.38,0.709,0.096,4,0.313,-1.6,50,-1.2,0.333,98
2023,52630,소크라테스,8.60%,13.20%,0.65,0.344,0.463,0.806,0.177,5.3,0.299,0,87,14.9,0.368,121
2023,77532,손아섭,8.20%,11.00%,0.75,0.392,0.44,0.832,0.102,5.5,0.375,1,96,24.3,0.388,134
2023,65357,송성문,8.90%,8.70%,1.03,0.325,0.358,0.683,0.095,3.3,0.276,-0.1,45,-6.4,0.317,88
2023,65207,신민재,8.80%,10.30%,0.85,0.344,0.309,0.652,0.032,7.2,0.312,-0.4,34,-5,0.317,87
2023,50202,안권수,9.70%,12.90%,0.75,0.341,0.321,0.662,0.052,5.6,0.306,-0.2,32,-4.2,0.318,88
2023,79608,안치홍,9.90%,10.70%,0.92,0.374,0.4,0.774,0.108,2.8,0.314,-1.1,69,10.8,0.365,119
2023,52009,알포드,8.60%,25.60%,0.34,0.356,0.456,0.813,0.167,6.2,0.375,1.7,81,16.8,0.376,126
2023,64153,양석환,7.00%,22.90%,0.31,0.332,0.452,0.784,0.174,3.1,0.328,0.4,78,9.7,0.358,114
2023,76232,양의지,11.20%,11.00%,1.02,0.396,0.474,0.87,0.169,3.2,0.317,0.9,85,25.2,0.401,142
2023,53827,에레디아,7.40%,14.30%,0.52,0.384,0.46,0.844,0.137,3.7,0.363,-1.4,84,22.4,0.392,136
2023,53123,오스틴,9.20%,13.00%,0.71,0.377,0.516,0.892,0.202,4.5,0.327,-0.3,99,31.3,0.407,146
2023,68904,오영수,7.10%,23.10%,0.31,0.305,0.346,0.651,0.111,3.7,0.296,-0.8,23,-5.4,0.307,81
2023,64504,오윤석,5.80%,19.70%,0.3,0.313,0.387,0.7,0.136,4.7,0.305,0,25,-1.5,0.327,94
2023,75334,오재일,11.80%,30.20%,0.39,0.302,0.356,0.658,0.152,1.8,0.269,0,36,-6.8,0.312,84
2023,79109,오지환,12.70%,16.50%,0.77,0.37,0.394,0.764,0.126,5.3,0.312,-0.4,69,10.5,0.364,118
2023,60558,오태곤,5.90%,22.00%,0.27,0.293,0.375,0.668,0.136,7.1,0.289,3.4,30,-5.8,0.312,84
2023,53716,윌리엄스,2.90%,23.10%,0.13,0.275,0.403,0.678,0.159,2.4,0.286,-0.4,27,-5.3,0.311,84
2023,61102,유강남,9.20%,15.90%,0.58,0.342,0.384,0.725,0.122,2,0.291,-0.6,49,2,0.343,104
2023,52591,윤동희,6.60%,16.30%,0.41,0.333,0.354,0.687,0.067,2.8,0.34,-2.3,46,-3.8,0.325,92
2023,63905,윤형준,4.20%,24.60%,0.17,0.291,0.385,0.676,0.133,2.7,0.316,-0.4,24,-4.2,0.313,85
2023,65703,이도윤,5.20%,15.90%,0.33,0.302,0.317,0.619,0.065,5.6,0.304,0.5,30,-11.1,0.294,73
2023,63260,이우성,7.80%,20.30%,0.38,0.363,0.417,0.78,0.115,3.5,0.368,0.8,55,8,0.362,117
2023,75566,이원석,9.90%,19.40%,0.51,0.326,0.298,0.624,0.052,0.9,0.307,-0.7,32,-8.8,0.303,78
2023,67207,이유찬,8.40%,21.30%,0.39,0.316,0.31,0.626,0.067,7,0.314,1,22,-6.2,0.302,78
2023,52415,이재현,9.70%,16.50%,0.58,0.33,0.378,0.707,0.129,3.7,0.281,-0.7,62,-0.9,0.334,99
2023,67341,이정후,12.70%,5.90%,2.13,0.406,0.455,0.86,0.136,4.1,0.324,-0.4,63,17.7,0.396,139
2023,50167,이주형,7.80%,21.80%,0.36,0.39,0.507,0.897,0.181,5.8,0.405,0,42,13.7,0.41,148
2023,79456,이지영,5.10%,16.70%,0.31,0.291,0.294,0.585,0.047,3.3,0.303,-0.4,17,-10.1,0.28,63
2023,66657,이진영,12.60%,30.10%,0.42,0.344,0.394,0.738,0.145,3.9,0.35,0.7,54,4,0.349,108
2023,64560,이창진,12.00%,15.50%,0.77,0.362,0.389,0.751,0.119,6.1,0.313,0.7,38,4.1,0.355,112
2023,78135,이형종,10.50%,21.10%,0.5,0.33,0.324,0.653,0.106,2.2,0.279,-0.3,38,-5.6,0.317,87
2023,68504,이호연,6.80%,17.50%,0.39,0.339,0.354,0.693,0.075,4.6,0.331,-0.2,27,-1,0.331,96
2023,64346,임병욱,4.50%,33.60%,0.14,0.292,0.405,0.697,0.146,6.2,0.367,0.7,23,-2.7,0.321,90
2023,64340,임지열,11.40%,26.10%,0.44,0.35,0.365,0.715,0.109,2.1,0.343,0,30,1.2,0.343,104
2023,78548,장성우,9.10%,15.10%,0.6,0.351,0.422,0.773,0.134,1.2,0.318,-0.6,63,8.3,0.36,115
2023,78513,전준우,9.30%,11.60%,0.8,0.381,0.471,0.852,0.158,4.6,0.328,0.3,90,24,0.392,136
2023,79231,정수빈,11.00%,10.80%,1.02,0.375,0.371,0.746,0.084,7.8,0.324,3.7,78,9.2,0.357,113
2023,68743,정은원,13.50%,15.90%,0.85,0.333,0.268,0.601,0.046,3.2,0.268,-0.5,41,-12.7,0.3,76
2023,60523,정훈,11.20%,16.70%,0.67,0.358,0.438,0.796,0.159,4.2,0.316,0.2,33,5.9,0.369,122
2023,66209,조수행,9.20%,15.30%,0.61,0.298,0.251,0.549,0.032,7.6,0.26,2.5,17,-12.2,0.272,58
2023,79192,채은성,8.70%,17.10%,0.51,0.351,0.428,0.779,0.165,1.3,0.286,-0.5,81,11.2,0.361,116
2023,66606,최원준,11.30%,14.20%,0.79,0.338,0.328,0.666,0.076,6.2,0.298,0.3,29,-3,0.322,91
2023,78288,최재훈,13.40%,11.50%,1.17,0.392,0.294,0.686,0.046,1.1,0.286,-0.7,52,3.3,0.347,107
2023,75847,최정,10.70%,15.80%,0.68,0.388,0.548,0.936,0.251,3.7,0.307,-0.3,102,36.8,0.423,157
2023,76267,최주환,9.20%,19.70%,0.47,0.31,0.43,0.74,0.195,0.9,0.254,-0.3,57,1.1,0.339,102
2023,50854,최지훈,5.80%,9.90%,0.58,0.315,0.357,0.672,0.089,7.8,0.297,3,52,-7.6,0.317,87
2023,72443,최형우,12.80%,16.30%,0.78,0.4,0.487,0.887,0.186,1.7,0.337,-0.5,89,29.2,0.411,149
2023,51817,추신수,14.10%,17.10%,0.82,0.377,0.395,0.772,0.144,3.9,0.287,-0.5,66,11.7,0.369,122
2023,51463,피렐라,6.90%,11.40%,0.61,0.339,0.425,0.764,0.14,2.9,0.302,-0.9,79,7.8,0.353,111
2023,69813,하재훈,8.30%,23.10%,0.36,0.374,0.468,0.842,0.164,6.7,0.378,2,36,9.3,0.389,135
2023,68525,한동희,7.40%,16.40%,0.45,0.279,0.304,0.583,0.082,1.8,0.253,-0.9,26,-15.8,0.278,62
2023,62895,한유섬,8.80%,20.90%,0.42,0.355,0.393,0.748,0.12,3,0.333,-0.4,50,4.8,0.352,110
2023,79240,허경민,7.40%,5.50%,1.35,0.326,0.371,0.697,0.105,3.9,0.267,0.2,52,-3.7,0.326,93
2023,66108,홍창기,13.30%,12.90%,1.04,0.443,0.412,0.854,0.079,4.8,0.389,-5.3,111,35.5,0.409,147
2023,76313,황재균,9.80%,14.00%,0.7,0.366,0.413,0.778,0.118,3.7,0.337,-1,64,10.4,0.366,119
2024,74540,강민호,7.70%,11.50%,0.67,0.365,0.496,0.861,0.194,2.9,0.305,0.3,73,11.8,0.38,119
2024,68050,강백호,9.60%,20.70%,0.46,0.36,0.48,0.84,0.191,3.3,0.333,-0.2,95,12,0.373,115
2024,63123,강승호,5.70%,27.90%,0.2,0.328,0.476,0.804,0.196,7,0.367,0.5,77,0.8,0.352,101
2024,51868,고명준,6.80%,24.60%,0.28,0.303,0.385,0.689,0.135,1.9,0.31,-1.5,38,-11.9,0.312,76
2024,69517,고승민,7.70%,14.70%,0.53,0.358,0.476,0.834,0.168,4.9,0.338,-1.3,81,9.3,0.37,113
2024,54344,고영우,9.70%,24.50%,0.39,0.329,0.319,0.648,0.063,2.4,0.349,-0.2,28,-11.1,0.306,72
2024,69100,구본혁,9.80%,13.10%,0.75,0.335,0.327,0.662,0.071,4.9,0.293,-0.6,40,-12.5,0.313,76
2024,62404,구자욱,9.70%,12.90%,0.75,0.417,0.627,1.044,0.284,4.4,0.346,0.3,126,48.9,0.45,164
2024,63963,권희동,15.10%,12.30%,1.22,0.417,0.452,0.868,0.151,3.5,0.324,0.4,90,21.2,0.398,131
2024,53312,김건희,6.40%,29.00%,0.22,0.3,0.418,0.718,0.161,1,0.333,-0.2,31,-7.6,0.319,80
2024,66112,김기연,7.80%,16.60%,0.47,0.337,0.377,0.714,0.099,1.8,0.32,-1.2,33,-5.3,0.328,86
2024,52605,김도영,10.60%,17.60%,0.6,0.42,0.647,1.067,0.3,8.9,0.375,5.6,141,56.9,0.456,167
2024,53554,김민석,4.90%,25.10%,0.19,0.269,0.298,0.568,0.07,5.1,0.304,-0.5,15,-14.6,0.262,52
2024,64004,김민혁,8.90%,11.50%,0.78,0.41,0.419,0.829,0.066,4,0.399,-0.5,64,11.2,0.383,121
2024,79402,김상수,8.80%,14.00%,0.63,0.351,0.379,0.73,0.103,5,0.319,-0.7,53,-4.1,0.339,93
2024,78603,김선빈,6.40%,8.40%,0.77,0.38,0.447,0.827,0.118,2.9,0.347,0.2,74,10.7,0.377,117
2024,62934,김성욱,7.50%,19.20%,0.39,0.291,0.38,0.671,0.176,5.8,0.21,-0.1,39,-16.3,0.304,71
2024,52430,김영웅,8.80%,30.50%,0.29,0.321,0.485,0.806,0.232,5.1,0.314,0.5,70,1.4,0.353,102
2024,62332,김재현,4.30%,19.30%,0.22,0.297,0.281,0.579,0.038,2.2,0.306,-0.5,23,-21.1,0.275,52
2024,78224,김재환,11.40%,30.40%,0.38,0.368,0.525,0.893,0.243,1.9,0.367,-0.6,93,18.7,0.389,125
2024,51907,김주원,10.70%,23.40%,0.46,0.371,0.379,0.75,0.127,5.6,0.326,0,65,0.8,0.352,101
2024,50458,김지찬,11.20%,7.50%,1.5,0.405,0.384,0.789,0.068,7.5,0.341,6,82,9.9,0.371,114
2024,78122,김태군,4.40%,8.90%,0.5,0.328,0.383,0.711,0.119,1.1,0.268,-0.2,31,-5.3,0.327,85
2024,66704,김태연,9.50%,18.90%,0.51,0.363,0.436,0.798,0.145,3.1,0.342,-0.3,69,5,0.362,108
2024,64984,김태진,3.50%,13.40%,0.26,0.249,0.286,0.534,0.063,4.6,0.258,-0.1,9,-18.8,0.242,31
2024,61404,김헌곤,7.10%,16.10%,0.44,0.358,0.434,0.792,0.132,4.1,0.341,-0.4,45,2.6,0.36,106
2024,76290,김현수,8.10%,13.00%,0.62,0.357,0.418,0.775,0.124,3.9,0.326,0.3,80,0.9,0.352,101
2024,51417,김현준,5.40%,23.90%,0.22,0.279,0.29,0.568,0.066,5.4,0.299,0.3,13,-14.9,0.266,46
2024,68912,김형준,10.90%,34.80%,0.31,0.285,0.373,0.658,0.178,0.9,0.261,-0.2,37,-18.7,0.298,67
2024,67304,김혜성,8.30%,10.90%,0.76,0.383,0.458,0.84,0.132,6.6,0.35,2.7,90,13.8,0.378,118
2024,51344,김휘집,9.30%,21.20%,0.44,0.337,0.41,0.747,0.152,3.6,0.305,-1,70,-5.8,0.338,92
2024,62947,나성범,9.00%,23.10%,0.39,0.357,0.511,0.868,0.219,1.8,0.336,-0.3,68,10.9,0.38,119
2024,51551,나승엽,14.10%,17.00%,0.83,0.411,0.469,0.88,0.157,3.5,0.37,-0.2,87,20.5,0.399,131
2024,69737,노시환,10.00%,21.50%,0.47,0.356,0.454,0.81,0.183,4.5,0.316,0.8,86,4.7,0.359,106
2024,54944,데이비슨,6.90%,25.00%,0.27,0.37,0.633,1.003,0.327,2.1,0.334,-0.8,113,36.6,0.425,148
2024,53327,도슨,9.10%,12.60%,0.72,0.399,0.508,0.906,0.178,3.7,0.361,-0.9,79,20.7,0.406,136
2024,52025,라모스,7.80%,17.20%,0.45,0.36,0.482,0.843,0.177,4,0.344,-1.1,54,6.7,0.373,114
2024,54529,레이예스,7.30%,13.00%,0.56,0.394,0.51,0.904,0.159,4.2,0.383,0.5,113,27.6,0.401,132
2024,67025,로하스,13.10%,17.20%,0.77,0.421,0.568,0.989,0.24,2.7,0.364,-0.6,138,47.4,0.432,152
2024,62234,류지혁,9.50%,20.10%,0.47,0.341,0.325,0.666,0.066,5.2,0.325,0,37,-10.1,0.316,79
2024,54424,맥키넌,12.40%,10.50%,1.18,0.381,0.386,0.767,0.092,1.8,0.319,-0.1,44,1.1,0.354,103
2024,69102,문보경,10.80%,18.60%,0.58,0.372,0.507,0.879,0.206,3.7,0.337,-1.9,100,18.3,0.385,122
2024,64007,문상철,11.20%,21.30%,0.52,0.351,0.435,0.786,0.179,3.5,0.291,0.4,56,1.4,0.354,103
2024,68119,문성주,13.60%,10.50%,1.29,0.411,0.38,0.791,0.066,4.9,0.356,-1.1,56,7.6,0.374,116
2024,53764,문현빈,8.30%,18.30%,0.45,0.34,0.412,0.752,0.135,3.5,0.328,-2,37,-2.5,0.34,94
2024,79215,박건우,9.10%,14.90%,0.61,0.409,0.542,0.951,0.198,4.5,0.38,0.5,71,21.7,0.42,144
2024,79365,박동원,11.00%,22.50%,0.49,0.349,0.461,0.81,0.189,1.8,0.317,-0.1,71,4,0.359,106
2024,62907,박민우,10.20%,15.00%,0.68,0.406,0.446,0.853,0.118,5.8,0.38,2.6,89,17.6,0.389,125
2024,75125,박병호,11.60%,29.80%,0.39,0.333,0.449,0.781,0.217,3.3,0.279,0.5,55,0,0.35,100
2024,67893,박성한,11.30%,15.20%,0.74,0.38,0.411,0.791,0.11,4.1,0.343,0.7,82,6,0.362,108
2024,62802,박승욱,10.00%,25.60%,0.39,0.351,0.365,0.716,0.104,3.2,0.352,-1.9,56,-7.2,0.332,89
2024,66928,박준영,9.90%,27.40%,0.36,0.313,0.409,0.721,0.183,5.6,0.287,0.3,24,-4.4,0.326,84
2024,54805,박지환,4.80%,24.50%,0.2,0.317,0.386,0.703,0.11,6.3,0.355,0,27,-6.8,0.318,80
2024,64646,박찬호,8.30%,7.60%,1.09,0.363,0.386,0.75,0.08,4.6,0.324,-2.7,76,-2.3,0.345,97
2024,62415,박해민,8.30%,18.30%,0.46,0.336,0.359,0.695,0.095,7.7,0.315,2,61,-13.4,0.322,82
2024,64166,배정대,6.90%,23.60%,0.29,0.279,0.292,0.57,0.088,5.5,0.267,-0.3,19,-14.4,0.271,57
2024,64166,배정대,10.60%,24.10%,0.44,0.355,0.394,0.748,0.119,3.5,0.359,-1.9,61,-2.8,0.343,96
2024,68305,변상권,4.70%,22.00%,0.22,0.289,0.342,0.631,0.091,1.6,0.305,-0.1,19,-12.3,0.288,61
2024,78168,서건창,14.50%,12.50%,1.16,0.416,0.404,0.82,0.094,4.7,0.356,-0.1,41,7.3,0.384,122
2024,69995,서호철,5.30%,17.80%,0.3,0.342,0.393,0.735,0.107,3.2,0.337,-1.6,70,-6.2,0.337,92
2024,52630,소크라테스,6.80%,15.10%,0.45,0.359,0.516,0.875,0.207,5,0.33,-0.2,98,17,0.383,121
2024,77532,손아섭,4.50%,18.30%,0.25,0.314,0.396,0.711,0.111,3.9,0.332,0,39,-9.2,0.32,81
2024,50150,손호영,4.00%,15.10%,0.26,0.354,0.538,0.892,0.221,5.5,0.338,-0.8,72,13.9,0.388,124
2024,65357,송성문,10.60%,13.60%,0.78,0.409,0.518,0.927,0.178,6,0.369,3.7,113,32.1,0.412,139
2024,65207,신민재,13.50%,9.90%,1.36,0.401,0.357,0.757,0.059,7.5,0.335,0.7,69,4.4,0.361,107
2024,79608,안치홍,9.20%,13.10%,0.7,0.37,0.427,0.797,0.127,2.3,0.327,-0.8,78,6.2,0.364,109
2024,64153,양석환,8.30%,21.60%,0.38,0.316,0.488,0.804,0.242,3.6,0.259,-0.8,81,0.7,0.351,101
2024,76232,양의지,8.20%,11.50%,0.71,0.379,0.479,0.858,0.165,2.5,0.325,-0.4,79,13,0.381,120
2024,53827,에레디아,4.70%,12.40%,0.38,0.399,0.538,0.937,0.177,2.7,0.382,-1.1,112,32.1,0.413,140
2024,53123,오스틴,10.10%,13.60%,0.74,0.384,0.573,0.957,0.254,4.5,0.319,-1.8,113,31.7,0.411,139
2024,64504,오윤석,9.00%,20.40%,0.44,0.369,0.489,0.857,0.195,4.3,0.349,-0.6,33,5.5,0.382,120
2024,75334,오재일,10.50%,25.70%,0.41,0.321,0.422,0.743,0.179,1.7,0.296,-0.2,41,-5.6,0.331,88
2024,79109,오지환,11.90%,24.80%,0.48,0.35,0.411,0.761,0.157,6.3,0.329,1.2,57,-0.6,0.349,99
2024,60558,오태곤,10.80%,25.30%,0.42,0.355,0.449,0.804,0.174,6.2,0.351,3.3,41,2.2,0.359,106
2024,52591,윤동희,10.90%,18.60%,0.59,0.376,0.453,0.829,0.16,4.4,0.347,-2.9,96,13.2,0.375,116
2024,65703,이도윤,7.00%,15.00%,0.46,0.332,0.333,0.665,0.057,5.3,0.326,-1,38,-12.6,0.311,75
2024,66409,이성규,8.70%,30.70%,0.28,0.339,0.5,0.839,0.258,5.9,0.293,0.6,54,5.9,0.369,112
2024,74163,이용규,13.70%,14.50%,0.94,0.429,0.372,0.8,0.066,4.2,0.367,-0.8,37,6.7,0.385,122
2024,63260,이우성,9.80%,19.80%,0.49,0.361,0.401,0.762,0.113,4.2,0.349,0.6,61,0.2,0.351,100
2024,67207,이유찬,8.40%,19.50%,0.43,0.341,0.364,0.705,0.087,5.5,0.343,0.1,30,-5.1,0.327,86
2024,52415,이재현,12.70%,18.10%,0.7,0.365,0.419,0.784,0.159,3.5,0.295,-0.4,65,3.5,0.359,106
2024,50167,이주형,9.10%,22.20%,0.41,0.352,0.402,0.754,0.135,5.6,0.33,0.8,71,-1.7,0.347,98
2024,79456,이지영,4.20%,8.10%,0.51,0.32,0.349,0.669,0.07,4.5,0.294,0.8,43,-15.1,0.309,74
2024,64560,이창진,18.20%,14.60%,1.25,0.401,0.33,0.731,0.068,3.4,0.31,-0.9,35,1.2,0.356,103
2024,78548,장성우,12.30%,17.60%,0.7,0.355,0.45,0.805,0.182,2.9,0.29,0.7,70,4.4,0.36,107
2024,66706,장진혁,8.90%,22.00%,0.4,0.335,0.412,0.747,0.149,5.5,0.321,-0.3,41,-2.9,0.34,93
2024,68205,전민재,6.20%,19.20%,0.32,0.301,0.298,0.6,0.052,5.3,0.301,-0.2,21,-16.5,0.281,56
2024,78513,전준우,10.10%,17.40%,0.58,0.369,0.485,0.854,0.191,3.4,0.327,-0.2,78,12.8,0.381,120
2024,79231,정수빈,11.70%,11.80%,0.99,0.376,0.361,0.737,0.076,7,0.319,3.7,81,-1.6,0.347,98
2024,54812,정준재,7.90%,20.40%,0.39,0.371,0.405,0.776,0.098,8.3,0.394,0.6,34,1.6,0.358,105
2024,60523,정훈,10.80%,19.40%,0.56,0.343,0.432,0.774,0.165,1.5,0.309,-0.5,44,-0.4,0.349,99
2024,60523,정훈,5.00%,20.00%,0.25,0.268,0.308,0.576,0.092,1.1,0.266,-0.2,13,-11,0.267,55
2024,66209,조수행,8.60%,13.90%,0.62,0.334,0.293,0.627,0.027,8.3,0.312,8.7,35,-16.6,0.3,68
2024,79192,채은성,9.80%,16.70%,0.59,0.351,0.463,0.815,0.193,1.8,0.29,-0.6,73,5.8,0.364,109
2024,50054,천성호,7.10%,16.90%,0.42,0.346,0.368,0.714,0.073,7.3,0.356,1.2,30,-4.3,0.331,88
2024,67905,천재환,5.50%,22.00%,0.25,0.335,0.405,0.739,0.121,5.8,0.352,0.5,29,-2.8,0.336,91
2024,66606,최원준,9.80%,13.00%,0.76,0.371,0.42,0.791,0.128,6,0.323,-0.5,74,5.4,0.363,108
2024,50707,최인호,10.20%,12.70%,0.81,0.367,0.395,0.762,0.11,5.9,0.324,0.4,33,0.5,0.352,101
2024,78288,최재훈,9.50%,16.70%,0.57,0.371,0.336,0.706,0.079,1.4,0.304,-0.3,44,-3.2,0.339,93
2024,75847,최정,10.00%,20.70%,0.48,0.384,0.594,0.978,0.303,4.6,0.306,0.2,108,33.8,0.422,146
2024,76267,최주환,8.60%,16.90%,0.51,0.325,0.39,0.715,0.133,1.6,0.288,-0.8,61,-12.3,0.324,83
2024,50854,최지훈,9.20%,13.10%,0.7,0.345,0.418,0.763,0.143,8,0.303,3.6,72,-1.7,0.346,98
2024,72443,최형우,10.70%,17.70%,0.6,0.361,0.499,0.86,0.219,3,0.301,-0.6,77,11.6,0.378,118
2024,51817,추신수,12.30%,22.50%,0.54,0.373,0.403,0.776,0.123,4.6,0.355,0.3,43,2,0.358,105
2024,54730,페라자,12.10%,24.70%,0.49,0.364,0.486,0.85,0.211,3,0.332,-1.3,82,11.5,0.376,116
2024,69813,하재훈,5.70%,28.40%,0.2,0.292,0.417,0.709,0.169,5.6,0.318,1.9,33,-9.9,0.314,77
2024,62895,한유섬,8.80%,27.20%,0.32,0.314,0.453,0.767,0.218,1.6,0.282,-0.8,65,-5.5,0.338,92
2024,68646,한준수,6.60%,15.20%,0.44,0.351,0.456,0.808,0.15,1.5,0.34,-0.2,45,2.4,0.359,106
2024,79240,허경민,7.50%,5.20%,1.44,0.384,0.427,0.811,0.118,3.8,0.312,0.1,74,9.1,0.372,114
2024,66108,홍창기,15.10%,14.60%,1.03,0.447,0.41,0.857,0.074,3.9,0.398,-3.9,115,29.3,0.403,134
2024,50500,황성빈,7.60%,13.80%,0.55,0.375,0.437,0.812,0.117,9.5,0.368,5.1,62,6.8,0.37,112
2024,54795,황영묵,8.00%,14.40%,0.55,0.365,0.372,0.738,0.072,4.5,0.351,-2.9,51,-1.9,0.344,96
2024,76313,황재균,6.30%,17.70%,0.36,0.309,0.383,0.692,0.124,2.4,0.297,-2.4,56,-16.5,0.314,77
2025,74540,강민호,8.20%,14.80%,0.55,0.336,0.417,0.754,0.148,2,0.293,-0.9,58,1.9,0.341,103
2025,68050,강백호,11.90%,17.30%,0.69,0.358,0.467,0.825,0.202,2.4,0.288,-1.7,56,10.8,0.373,124
2025,63123,강승호,6.00%,28.20%,0.21,0.302,0.372,0.674,0.136,6.9,0.318,1.2,40,-8.7,0.309,82
2025,51868,고명준,4.00%,19.80%,0.2,0.306,0.433,0.739,0.155,2.6,0.315,-0.1,59,-1.8,0.332,97
2025,69517,고승민,10.40%,15.40%,0.67,0.35,0.35,0.699,0.079,4.3,0.319,-0.1,63,-2.9,0.329,96
2025,69100,구본혁,9.10%,11.10%,0.82,0.364,0.353,0.716,0.067,4.6,0.326,-0.6,49,0.9,0.339,102
2025,62404,구자욱,11.90%,14.80%,0.8,0.402,0.516,0.918,0.197,4.1,0.351,-0.3,111,36.3,0.41,148
2025,51003,권동진,9.70%,29.40%,0.33,0.304,0.303,0.606,0.077,5.5,0.333,-0.1,26,-11.7,0.289,69
2025,63963,권희동,16.90%,17.50%,0.96,0.393,0.363,0.756,0.117,2.7,0.299,-1.7,66,10,0.364,118
2025,53312,김건희,3.80%,29.70%,0.13,0.27,0.345,0.615,0.102,3.5,0.342,-0.3,27,-15.2,0.281,64
2025,66614,김규성,9.50%,22.10%,0.43,0.313,0.301,0.614,0.067,4.5,0.296,-0.1,20,-7.4,0.294,73
2025,66112,김기연,7.80%,18.00%,0.43,0.307,0.315,0.622,0.068,2.2,0.297,-0.1,21,-8.3,0.293,72
2025,53554,김민석,4.90%,25.10%,0.19,0.269,0.298,0.568,0.07,5.1,0.304,-0.5,15,-14.6,0.262,52
2025,77564,김민성,13.00%,18.90%,0.69,0.353,0.346,0.699,0.103,1.5,0.299,-0.7,30,-0.8,0.332,97
2025,64004,김민혁,6.00%,9.80%,0.61,0.341,0.329,0.67,0.042,5.5,0.321,0.4,44,-6.5,0.317,87
2025,76430,김상수,12.30%,13.50%,0.91,0.349,0.335,0.684,0.082,2.6,0.283,-0.3,48,-3.9,0.325,93
2025,78603,김선빈,10.10%,11.40%,0.89,0.395,0.428,0.823,0.107,4,0.359,0.4,49,11.3,0.383,130
2025,67449,김성윤,12.10%,10.00%,1.2,0.419,0.474,0.892,0.143,7.7,0.364,1.5,97,31.6,0.41,148
2025,52430,김영웅,9.60%,28.70%,0.34,0.323,0.455,0.778,0.206,4.4,0.313,-0.1,66,5.2,0.349,109
2025,63257,김인태,16.00%,25.30%,0.63,0.356,0.328,0.683,0.115,2.3,0.29,-0.7,27,-0.8,0.332,97
2025,78224,김재환,14.00%,23.60%,0.59,0.354,0.404,0.758,0.163,4.4,0.295,0.1,54,4.5,0.35,109
2025,51907,김주원,10.10%,17.80%,0.57,0.379,0.451,0.83,0.161,8,0.34,3.3,98,22.4,0.381,130
2025,50458,김지찬,10.20%,11.80%,0.86,0.364,0.322,0.685,0.041,7,0.322,2.6,43,-2.1,0.329,95
2025,78122,김태군,6.20%,7.30%,0.85,0.331,0.373,0.704,0.114,1.6,0.262,-0.3,31,-2.1,0.326,94
2025,66704,김태연,6.80%,18.20%,0.37,0.329,0.34,0.669,0.079,3.6,0.319,-0.7,36,-5.3,0.317,87
2025,64984,김태진,6.60%,17.40%,0.38,0.281,0.341,0.622,0.108,3.2,0.268,-0.5,25,-12.3,0.285,67
2025,76290,김현수,11.60%,13.20%,0.88,0.384,0.422,0.806,0.124,2.9,0.331,0.1,84,16.9,0.375,125
2025,68912,김형준,10.80%,30.40%,0.36,0.32,0.414,0.735,0.182,3.8,0.3,0.2,51,0.4,0.337,101
2025,65653,김호령,8.90%,24.70%,0.36,0.359,0.434,0.793,0.151,6.2,0.378,1.6,55,8.6,0.365,119
2025,51344,김휘집,8.00%,17.80%,0.45,0.349,0.42,0.769,0.17,5.3,0.277,0.6,69,8.2,0.357,114
2025,62947,나성범,13.50%,25.50%,0.53,0.381,0.444,0.825,0.176,0.7,0.347,-0.4,49,10.9,0.381,129
2025,51551,나승엽,14.00%,16.60%,0.85,0.347,0.36,0.707,0.131,2.1,0.259,-0.4,47,-0.9,0.334,98
2025,69737,노시환,11.20%,20.00%,0.56,0.354,0.497,0.851,0.237,4.9,0.28,0.1,97,20.8,0.378,127
2025,54944,데이비슨,7.10%,26.90%,0.26,0.346,0.619,0.965,0.326,1.9,0.313,-0.2,81,27.8,0.416,152
2025,54400,디아즈,9.60%,15.90%,0.6,0.381,0.644,1.025,0.33,1.6,0.299,-0.4,129,52.5,0.441,169
2025,54529,레이예스,9.00%,10.30%,0.88,0.386,0.475,0.86,0.148,3.3,0.346,0.3,101,23.2,0.382,130
2025,67025,로하스,12.50%,18.50%,0.68,0.333,0.426,0.759,0.187,2,0.26,-0.6,49,2.5,0.344,105
2025,62234,류지혁,7.10%,15.70%,0.45,0.351,0.323,0.674,0.043,3.9,0.336,-1,51,-5.2,0.322,91
2025,55703,리베라토,8.40%,17.20%,0.49,0.366,0.524,0.891,0.211,4.3,0.347,-0.2,93,26.5,0.397,140
2025,69102,문보경,13.00%,17.80%,0.73,0.371,0.46,0.831,0.184,3.3,0.301,-0.5,94,19.7,0.377,127
2025,64007,문상철,12.00%,21.10%,0.57,0.325,0.347,0.672,0.133,3.5,0.252,-0.5,22,-3.1,0.318,88
2025,68119,문성주,10.00%,10.90%,0.92,0.375,0.375,0.749,0.069,3.1,0.336,-1.2,72,6.3,0.351,110
2025,53764,문현빈,6.40%,13.90%,0.46,0.37,0.453,0.822,0.133,4.7,0.353,0.1,89,17.3,0.373,124
2025,79215,박건우,10.60%,14.30%,0.75,0.37,0.427,0.797,0.138,3,0.322,-1,64,10.3,0.366,119
2025,79365,박동원,11.90%,23.70%,0.5,0.342,0.455,0.797,0.202,2.7,0.297,0.3,73,9.6,0.359,115
2025,62907,박민우,9.40%,13.70%,0.69,0.384,0.426,0.809,0.124,7.8,0.349,1.6,70,12.8,0.371,122
2025,75125,박병호,11.60%,30.20%,0.39,0.315,0.454,0.769,0.255,0.9,0.212,-0.2,31,2.3,0.349,108
2025,67893,박성한,14.70%,17.30%,0.85,0.384,0.381,0.765,0.106,3.4,0.331,-2.3,76,10.8,0.361,116
2025,69418,박승규,10.50%,21.50%,0.49,0.377,0.42,0.796,0.132,4.5,0.352,-1,30,5.6,0.371,123
2025,50357,박주홍,10.60%,25.40%,0.42,0.31,0.331,0.64,0.105,7.2,0.303,1.5,27,-7.8,0.302,77
2025,55252,박준순,3.40%,18.80%,0.18,0.307,0.379,0.687,0.096,6,0.338,0.8,31,-5.7,0.312,84
2025,64646,박찬호,10.40%,11.60%,0.9,0.363,0.359,0.721,0.072,5.5,0.319,2.1,74,1.9,0.34,103
2025,62415,박해민,12.50%,17.30%,0.72,0.379,0.346,0.725,0.07,6.6,0.341,3.1,71,4.9,0.348,107
2025,64166,배정대,6.90%,23.60%,0.29,0.279,0.292,0.57,0.088,5.5,0.267,-0.3,19,-14.4,0.271,57
2025,69995,서호철,2.70%,17.50%,0.16,0.301,0.335,0.636,0.068,4.5,0.315,-0.2,26,-9.5,0.295,73
2025,77532,손아섭,8.90%,14.20%,0.63,0.352,0.371,0.723,0.083,2.9,0.338,-2.2,50,-0.1,0.336,100
2025,50150,손호영,5.90%,17.60%,0.33,0.313,0.323,0.636,0.073,4.5,0.298,1,35,-10.7,0.3,77
2025,65357,송성문,10.50%,14.90%,0.71,0.387,0.53,0.917,0.214,6.2,0.341,3.4,116,37.8,0.41,148
2025,55013,스티븐슨,8.30%,25.60%,0.33,0.341,0.403,0.744,0.141,4.7,0.35,0.5,43,2.4,0.345,106
2025,65207,신민재,11.50%,10.60%,1.09,0.395,0.382,0.777,0.069,6.2,0.352,-1.6,78,12.7,0.366,119
2025,64006,심우준,6.20%,17.80%,0.35,0.287,0.3,0.587,0.069,6.9,0.279,1.5,21,-12.9,0.277,61
2025,66864,안상현,6.20%,29.40%,0.21,0.314,0.38,0.694,0.116,6.9,0.367,0.5,31,-3.8,0.32,89
2025,52001,안현민,15.60%,14.90%,1.04,0.448,0.57,1.018,0.235,5.1,0.362,0.3,104,45.4,0.455,177
2025,64153,양석환,8.20%,27.90%,0.29,0.32,0.401,0.72,0.153,2.5,0.326,-0.1,34,-1.5,0.33,96
2025,76232,양의지,9.70%,12.20%,0.79,0.406,0.533,0.939,0.196,2.5,0.353,-0.7,97,34.2,0.419,154
2025,55392,어준서,8.30%,20.80%,0.4,0.305,0.327,0.632,0.09,3.8,0.291,-0.2,32,-11.3,0.297,74
2025,53827,에레디아,7.50%,14.90%,0.5,0.398,0.491,0.888,0.152,1.3,0.377,-1.2,72,21.8,0.402,143
2025,50208,오명진,7.30%,25.30%,0.29,0.321,0.366,0.687,0.103,5.1,0.352,-0.7,40,-5.6,0.317,88
2025,69636,오선우,7.20%,33.30%,0.22,0.323,0.432,0.755,0.167,2.2,0.375,-1.3,60,2.5,0.343,104
2025,53123,오스틴,12.20%,12.40%,0.98,0.393,0.595,0.988,0.282,3.5,0.297,0.1,98,37,0.429,161
2025,79109,오지환,7.80%,24.40%,0.32,0.314,0.43,0.744,0.177,3.9,0.306,-1.6,58,0.2,0.337,100
2025,60558,오태곤,13.10%,25.80%,0.51,0.31,0.309,0.619,0.108,6.1,0.26,1.3,21,-7.1,0.297,75
2025,55645,위즈덤,10.70%,29.20%,0.37,0.321,0.535,0.856,0.3,3.9,0.257,0.2,74,15.3,0.376,126
2025,61102,유강남,7.40%,18.90%,0.39,0.352,0.383,0.734,0.109,1.3,0.329,-0.4,44,1.8,0.343,104
2025,52591,윤동희,12.30%,16.30%,0.75,0.386,0.433,0.82,0.152,3.9,0.321,-0.5,62,13,0.377,127
2025,65703,이도윤,4.00%,18.80%,0.21,0.296,0.34,0.636,0.08,5.4,0.32,-0.1,24,-9.8,0.292,71
2025,63260,이우성,9.20%,19.60%,0.47,0.321,0.36,0.681,0.11,3,0.308,-0.4,36,-5,0.317,88
2025,68700,이원석,9.30%,20.60%,0.45,0.29,0.292,0.583,0.09,7,0.245,2.7,19,-11.2,0.279,63
2025,67207,이유찬,10.60%,21.20%,0.5,0.328,0.29,0.618,0.048,5.6,0.315,1.2,29,-9.2,0.299,76
2025,52415,이재현,12.40%,21.40%,0.58,0.36,0.427,0.786,0.173,4.4,0.303,0.2,79,11.2,0.362,117
2025,50167,이주형,7.20%,22.40%,0.32,0.337,0.368,0.704,0.128,5.3,0.3,2,61,-2,0.331,97
2025,79456,이지영,5.10%,10.20%,0.5,0.283,0.325,0.608,0.086,3.2,0.253,-0.2,17,-9.3,0.282,65
2025,66657,이진영,10.40%,25.40%,0.41,0.35,0.417,0.767,0.143,2.2,0.347,-1.9,49,4.8,0.353,111
2025,64340,임지열,10.10%,26.60%,0.38,0.322,0.382,0.704,0.138,5.4,0.316,-0.4,47,-3.3,0.326,93
2025,68507,장두성,8.50%,22.50%,0.38,0.332,0.298,0.631,0.036,8,0.349,0.9,27,-7.7,0.302,78
2025,78548,장성우,11.50%,20.00%,0.57,0.333,0.38,0.713,0.133,1,0.283,-1,56,-2.4,0.33,96
2025,68205,전민재,6.00%,17.10%,0.35,0.337,0.378,0.715,0.091,2.5,0.34,-1.1,44,-1.3,0.332,97
2025,78513,전준우,9.30%,15.00%,0.62,0.369,0.42,0.788,0.127,2.7,0.332,-0.6,67,9.9,0.363,117
2025,55397,전태현,9.70%,28.50%,0.34,0.304,0.258,0.562,0.027,4.3,0.336,0.6,15,-10.4,0.273,59
2025,79231,정수빈,11.20%,10.40%,1.07,0.355,0.348,0.704,0.091,6.6,0.28,-1,65,-1.4,0.333,98
2025,54812,정준재,11.50%,21.00%,0.55,0.34,0.288,0.629,0.043,7.4,0.326,3.4,43,-10.6,0.306,80
2025,60523,정훈,5.00%,20.00%,0.25,0.268,0.308,0.576,0.092,1.1,0.266,-0.2,13,-11,0.267,55
2025,51865,조형우,6.50%,21.80%,0.3,0.294,0.312,0.606,0.074,1,0.296,-0.3,24,-12,0.285,67
2025,79192,채은성,5.90%,18.20%,0.32,0.347,0.467,0.814,0.179,1.9,0.326,-1.2,77,13,0.367,120
2025,67905,천재환,5.80%,19.70%,0.29,0.292,0.368,0.659,0.13,7.8,0.277,0.6,28,-8,0.302,78
2025,66606,최원준,5.10%,15.80%,0.32,0.289,0.332,0.62,0.09,7.3,0.276,1.3,37,-17.3,0.288,68
2025,78288,최재훈,13.20%,13.80%,0.96,0.414,0.353,0.767,0.067,1.5,0.336,-0.7,52,9.6,0.371,123
2025,75847,최정,12.60%,23.20%,0.54,0.36,0.482,0.842,0.238,2.1,0.265,-0.2,63,13.2,0.377,127
2025,76267,최주환,7.10%,13.00%,0.55,0.33,0.425,0.755,0.15,1.4,0.295,-0.5,64,2.4,0.342,104
2025,50854,최지훈,7.50%,15.20%,0.49,0.342,0.371,0.713,0.087,6,0.327,1.9,67,-2.5,0.331,96
2025,72443,최형우,12.20%,17.90%,0.68,0.399,0.529,0.928,0.222,2.4,0.341,-0.4,100,33.6,0.413,150
2025,54444,카디네스,8.90%,18.60%,0.48,0.33,0.372,0.702,0.119,2.3,0.297,-1,41,-3.3,0.325,92
2025,55208,케이브,7.30%,19.60%,0.37,0.351,0.463,0.814,0.164,6.2,0.35,2.3,87,14.5,0.367,120
2025,55734,플로리얼,8.40%,22.80%,0.37,0.333,0.45,0.783,0.178,6.4,0.332,1,38,3.6,0.352,110
2025,62700,하주석,3.90%,21.60%,0.18,0.337,0.391,0.728,0.094,2.9,0.377,-0.4,37,0,0.336,100
2025,62895,한유섬,9.00%,23.50%,0.38,0.347,0.424,0.771,0.152,1.7,0.339,-0.3,69,6.8,0.353,111
2025,68646,한준수,9.40%,17.40%,0.54,0.304,0.369,0.673,0.143,2.5,0.25,-0.3,28,-5.7,0.31,83
2025,52568,한태양,12.00%,25.80%,0.46,0.367,0.378,0.746,0.104,5.1,0.384,-0.6,36,3.2,0.351,110
2025,79240,허경민,8.10%,7.30%,1.11,0.362,0.355,0.717,0.071,2.8,0.299,-0.2,60,1,0.339,102
2025,66108,홍창기,13.50%,18.60%,0.73,0.399,0.328,0.727,0.04,4.3,0.358,0.3,29,2.8,0.353,111
2025,50500,황성빈,6.60%,16.80%,0.39,0.315,0.317,0.632,0.061,9.1,0.308,3,25,-8.3,0.298,75
2025,54795,황영묵,7.00%,12.90%,0.54,0.329,0.358,0.686,0.085,3.7,0.314,-1.4,31,-3.7,0.32,89
2025,76313,황재균,8.00%,19.80%,0.4,0.336,0.379,0.715,0.104,2.9,0.334,-0.3,50,-1.7,0.331,97
