YEAR,PLAYER_ID,PLAYER_NAME,K/9,BB/9,K/BB,HR/9,K%,BB%,K-BB%,WHIP,BABIP,LOB%,ERA,FIP,E-F
2021,51833,가빌리오,7.75,3.32,2.33,0.77,19.90%,8.50%,11.40%,1.45,0.34,61.30%,5.86,4.01,1.86
2021,50705,강재민,7.82,3.69,2.12,0.28,20.40%,9.70%,10.80%,1.22,0.271,83.30%,2.13,3.43,-1.29
2021,64001,고영표,7.02,1.46,4.81,0.49,19.60%,4.10%,15.50%,1.04,0.285,73.50%,2.92,3.16,-0.25
2021,67119,고우석,10.55,3.57,2.96,0.47,28.30%,9.60%,18.80%,1.21,0.308,84.30%,2.17,2.96,-0.78
2021,68220,곽빈,8.76,7.21,1.22,0.64,21.10%,17.40%,3.70%,1.59,0.272,74.70%,4.1,5.03,-0.92
2021,63543,구승민,9.39,4.48,2.1,0.72,24.80%,11.80%,13.00%,1.25,0.268,69.30%,4.33,3.93,0.41
2021,77263,김강률,7.14,4.35,1.64,0.35,17.80%,10.90%,7.00%,1.53,0.323,84.20%,2.09,3.71,-1.62
2021,51715,김기중,6.04,6.04,1,0.67,13.80%,13.80%,0.00%,1.84,0.328,72.90%,4.7,5.15,-0.45
2021,61365,김대우,4.76,2.65,1.8,1.24,11.50%,6.40%,5.10%,1.63,0.333,61.20%,6.35,5.01,1.34
2021,60337,김대유,9.95,2.66,3.73,0.36,26.80%,7.20%,19.60%,0.93,0.236,80.80%,2.13,3.01,-0.88
2021,50360,김동혁,3.29,3.73,0.88,0.55,8.20%,9.30%,-1.10%,1.5,0.296,66.20%,5.05,5.1,-0.05
2021,67246,김명신,5.78,1.88,3.07,0.81,14.90%,4.80%,10.00%,1.28,0.3,65.80%,4.3,4.06,0.24
2021,68200,김민규,6.23,4.47,1.39,1.44,14.90%,10.70%,4.20%,1.63,0.302,67.10%,6.07,5.68,0.39
2021,65048,김민수,8.53,3.72,2.29,0.31,21.70%,9.50%,12.30%,1.38,0.32,73.60%,2.79,3.23,-0.44
2021,65764,김민우,7.24,4.4,1.64,0.87,18.90%,11.50%,7.40%,1.33,0.264,74.10%,4,4.53,-0.54
2021,65769,김범수,8.92,5.35,1.67,0.25,21.90%,13.20%,8.80%,1.56,0.325,62.30%,5.22,3.54,1.68
2021,76430,김상수,6.79,4.63,1.47,1.54,16.10%,11.00%,5.10%,1.73,0.324,78.40%,5.09,5.6,-0.51
2021,68900,김영규,5.94,3.96,1.5,1.41,14.70%,9.80%,4.90%,1.52,0.288,67.90%,5.37,5.37,0
2021,62528,김원중,9.19,4.02,2.29,0.86,23.90%,10.40%,13.40%,1.24,0.263,75.80%,3.59,3.97,-0.38
2021,68659,김유신,4.8,5.8,0.83,1.82,11.60%,14.10%,-2.40%,1.8,0.302,62.60%,7.62,6.89,0.73
2021,50157,김윤식,7.56,4.86,1.56,0.41,18.60%,12.00%,6.60%,1.52,0.31,68.10%,4.32,4.08,0.24
2021,67391,김재웅,7.93,5.57,1.42,0.84,19.30%,13.60%,5.80%,1.54,0.28,77.60%,3.54,4.65,-1.11
2021,65062,김재윤,8.39,3.15,2.67,0.66,22.90%,8.60%,14.30%,1.18,0.278,82.40%,2.49,3.42,-0.92
2021,62360,김태훈,7.27,4.62,1.58,0.14,18.40%,11.70%,6.70%,1.45,0.303,73.40%,3.22,3.45,-0.24
2021,79847,김태훈,7.6,5.9,1.29,1.09,18.20%,14.10%,4.10%,1.6,0.291,73.00%,4.97,5.65,-0.68
2021,65343,김택형,7.41,5.02,1.48,0.36,19.60%,13.30%,6.30%,1.37,0.282,81.50%,2.39,3.95,-1.56
2021,73211,노경은,5.59,3.83,1.46,1.76,13.00%,8.90%,4.10%,1.83,0.349,62.20%,7.35,6.07,1.28
2021,50040,데스파이네,7.87,3.72,2.12,0.48,20.10%,9.50%,10.60%,1.34,0.295,72.80%,3.39,3.58,-0.19
2021,51234,로켓,8.13,3.05,2.67,0.36,20.70%,7.80%,13.00%,1.4,0.344,79.30%,2.98,3.31,-0.33
2021,69940,루친스키,8.92,2.77,3.22,0.6,23.50%,7.30%,16.20%,1.2,0.296,71.60%,3.17,3.27,-0.09
2021,51619,멩덴,7.8,2.63,2.97,0.9,20.70%,7.00%,13.70%,1.2,0.283,73.20%,3.6,3.93,-0.33
2021,51439,몽고메리,9.34,6.45,1.45,0.51,22.30%,15.40%,6.90%,1.58,0.293,65.60%,5.26,4.32,0.94
2021,62869,문승원,5.72,3.22,1.78,0.18,15.10%,8.50%,6.60%,1.19,0.258,69.30%,2.86,3.46,-0.6
2021,51257,미란다,11.66,3.26,3.57,0.57,31.70%,8.90%,22.80%,1.14,0.303,81.70%,2.33,2.62,-0.29
2021,64021,박세웅,6.9,2.93,2.36,1.1,18.20%,7.70%,10.50%,1.19,0.254,73.30%,3.98,4.5,-0.53
2021,63292,박소준,4.98,4.37,1.14,0.45,12.00%,10.60%,1.50%,1.64,0.32,61.00%,5.58,4.44,1.14
2021,60841,박종훈,6.79,2.82,2.41,0.33,18.50%,7.70%,10.80%,1.05,0.245,73.50%,2.82,3.58,-0.76
2021,67646,박진태,6.23,4.98,1.25,0.83,14.80%,11.80%,3.00%,1.6,0.302,67.20%,5.95,5.36,0.59
2021,65516,배제성,8.64,5.21,1.66,0.38,21.90%,13.20%,8.70%,1.47,0.303,70.80%,3.68,3.67,0.01
2021,77446,백정현,6.22,3.08,2.02,0.86,16.80%,8.30%,8.50%,1.24,0.271,81.40%,2.63,4.2,-1.58
2021,50404,뷰캐넌,8.24,3,2.75,0.66,21.40%,7.80%,13.60%,1.31,0.307,75.50%,3.1,3.44,-0.34
2021,50636,브룩스,6.35,1.85,3.44,0.46,16.50%,4.80%,11.70%,1.4,0.346,72.80%,3.35,3.19,0.15
2021,67313,브리검,7.23,3.84,1.88,0.89,19.60%,10.40%,9.20%,1.23,0.261,76.50%,2.95,4.43,-1.48
2021,69539,서준원,6.17,4.83,1.28,0.83,14.40%,11.30%,3.10%,1.87,0.364,59.40%,7.33,4.84,2.49
2021,61895,서진용,8.29,5.75,1.44,1.2,20.90%,14.50%,6.40%,1.49,0.262,82.40%,3.34,5.1,-1.75
2021,50030,소형준,6.43,3.86,1.67,0.45,16.30%,9.80%,6.50%,1.46,0.312,65.40%,4.16,3.9,0.26
2021,69962,송명기,7.44,4.23,1.76,0.88,17.80%,10.10%,7.70%,1.66,0.344,66.40%,5.91,4.52,1.39
2021,51136,수아레즈,9.83,3.2,3.07,0.31,26.60%,8.70%,18.00%,1.14,0.292,79.00%,2.18,2.72,-0.54
2021,50558,스트레일리,8.91,3.64,2.45,0.65,23.00%,9.40%,13.60%,1.38,0.323,68.90%,4.02,3.59,0.43
2021,68902,신민혁,6.64,2.73,2.43,1.06,17.10%,7.00%,10.10%,1.37,0.305,71.60%,4.41,4.35,0.06
2021,61411,심창민,10.17,5.61,1.81,1.4,24.40%,13.40%,10.90%,1.54,0.291,71.80%,5.08,5.27,-0.19
2021,68341,안우진,9.2,3.43,2.68,1.09,24.40%,9.10%,15.30%,1.2,0.269,75.60%,3.26,4.15,-0.89
2021,65056,엄상백,7.69,4.78,1.61,1.2,19.70%,12.30%,7.50%,1.31,0.234,77.20%,4.1,5.07,-0.97
2021,75421,오승환,8.23,2.31,3.56,0.43,22.50%,6.30%,16.20%,1.16,0.303,81.70%,2.02,2.95,-0.93
2021,50859,오원석,7.77,5.97,1.3,0.9,17.90%,13.80%,4.20%,1.8,0.334,64.40%,5.89,5.12,0.77
2021,69343,요키시,6.5,2.28,2.85,0.6,17.70%,6.20%,11.50%,1.2,0.291,73.90%,2.88,3.53,-0.65
2021,73117,우규민,6.75,1.6,4.22,0.89,17.40%,4.10%,13.30%,1.32,0.323,75.80%,3.2,3.72,-0.52
2021,76118,원종현,7.64,3.91,1.96,0.85,18.40%,9.40%,9.00%,1.7,0.367,76.70%,4.25,4.28,-0.04
2021,69446,원태인,7.49,2.9,2.58,0.6,20.20%,7.80%,12.40%,1.23,0.293,76.70%,2.95,3.55,-0.59
2021,79229,유희관,3.29,3.43,0.96,1.43,7.30%,7.60%,-0.30%,2.08,0.382,64.20%,7.71,5.9,1.81
2021,63464,윤대경,6.26,3.94,1.59,0.93,16.00%,10.10%,5.90%,1.38,0.277,76.60%,3.94,4.78,-0.84
2021,68619,윤중현,3.59,3.38,1.06,0.76,8.80%,8.30%,0.50%,1.48,0.292,72.90%,3.92,5.22,-1.3
2021,65616,이민우,4.42,4.89,0.9,1.26,10.20%,11.30%,-1.10%,1.91,0.345,59.30%,8.05,6.02,2.03
2021,50126,이민호,7.83,3.52,2.22,1.02,21.00%,9.40%,11.50%,1.17,0.249,69.30%,4.3,4.55,-0.25
2021,68529,이승헌,4.84,6.71,0.72,0.31,11.20%,15.50%,-4.30%,1.87,0.323,67.70%,5.77,5.26,0.51
2021,66291,이영하,6.06,6.52,0.93,1.03,14.60%,15.70%,-1.10%,1.75,0.295,64.10%,6.29,5.64,0.66
2021,51648,이의리,8.84,5.32,1.66,0.57,23.00%,13.90%,9.20%,1.32,0.255,71.70%,3.61,3.98,-0.37
2021,64565,이인복,6.6,2.05,3.21,0.73,16.60%,5.20%,11.40%,1.45,0.347,72.40%,4.11,3.81,0.3
2021,60263,이재학,7.05,5.64,1.25,1.52,17.60%,14.10%,3.50%,1.52,0.258,73.80%,5.2,6.01,-0.8
2021,69134,이정용,9.56,2.97,3.22,0.52,26.10%,8.10%,18.00%,1.12,0.28,73.60%,2.97,2.94,0.03
2021,60768,이태양,5.38,2.78,1.94,2.17,13.60%,7.00%,6.60%,1.5,0.292,74.40%,5.73,6.18,-0.45
2021,62754,임기영,7.59,2.65,2.87,0.88,19.50%,6.80%,12.70%,1.31,0.303,66.30%,4.88,3.97,0.91
2021,61101,임찬규,6.65,4.07,1.63,0.69,17.30%,10.60%,6.70%,1.29,0.257,68.10%,3.87,4.27,-0.39
2021,77318,장시환,6.13,6.26,0.98,0.52,13.70%,14.00%,-0.30%,1.96,0.35,58.30%,7.04,5.02,2.02
2021,51895,장지훈,5.71,2.13,2.68,0.67,14.90%,5.60%,9.40%,1.28,0.298,68.00%,3.92,3.84,0.08
2021,63950,장현식,9.39,4.93,1.9,0.82,23.80%,12.50%,11.30%,1.42,0.294,82.20%,3.29,4.14,-0.86
2021,69159,정우영,5.68,3.6,1.58,0,15.60%,9.90%,5.70%,1.06,0.229,79.20%,2.22,3.59,-1.38
2021,78148,정찬헌,4.64,2.13,2.19,0.47,11.90%,5.40%,6.40%,1.4,0.318,70.40%,4.01,3.8,0.21
2021,50662,정해영,6.75,3.86,1.75,0.69,18.00%,10.30%,7.70%,1.18,0.237,85.10%,2.2,4.25,-2.04
2021,64768,조이현,6.48,3.51,1.85,1.35,16.50%,8.90%,7.60%,1.5,0.309,62.80%,5.67,4.96,0.71
2021,65707,주현상,5.9,3.75,1.57,1.07,15.10%,9.60%,5.50%,1.33,0.255,78.90%,3.58,4.83,-1.26
2021,68856,최민준,6.49,5.23,1.24,1.15,15.60%,12.60%,3.00%,1.66,0.306,69.80%,5.86,5.49,0.37
2021,67263,최원준,6.42,2.1,3.05,0.85,16.80%,5.50%,11.30%,1.24,0.291,76.30%,3.3,3.98,-0.68
2021,65320,최원태,5.84,3.33,1.75,0.69,14.50%,8.20%,6.20%,1.51,0.319,65.10%,4.58,4.3,0.28
2021,67421,최지광,8.59,4.73,1.81,0.88,21.20%,11.70%,9.50%,1.56,0.324,69.30%,4.91,4.34,0.57
2021,68419,최채흥,6.03,2.72,2.22,1.18,15.20%,6.90%,8.40%,1.47,0.317,72.70%,4.56,4.6,-0.04
2021,51722,카펜터,9.48,3.81,2.49,0.85,24.00%,9.70%,14.30%,1.31,0.291,69.10%,3.97,4.01,-0.04
2021,69103,켈리,7.22,3.05,2.37,0.61,19.10%,8.10%,11.00%,1.24,0.285,78.00%,3.15,3.76,-0.61
2021,69032,쿠에바스,9.3,3.46,2.69,0.71,24.00%,8.90%,15.10%,1.33,0.309,69.70%,3.91,3.45,0.46
2021,50815,킹험,8.19,2.56,3.2,0.69,22.20%,6.90%,15.20%,1.1,0.263,71.10%,3.19,3.42,-0.23
2021,51967,파슨스,10.02,4.26,2.35,0.61,25.60%,10.90%,14.70%,1.29,0.289,74.50%,3.72,3.61,0.11
2021,51863,폰트,9.7,2.78,3.49,0.74,26.00%,7.50%,18.50%,1.09,0.266,66.80%,3.46,3.25,0.21
2021,51567,프랑코,7.44,4.5,1.65,1.2,18.30%,11.10%,7.20%,1.48,0.29,67.80%,5.4,5.26,0.14
2021,62363,한현희,6.41,3.15,2.03,0.42,16.40%,8.10%,8.30%,1.35,0.303,68.70%,3.89,3.73,0.16
2021,61643,홍건희,9.93,3.27,3.04,0.36,27.10%,8.90%,18.20%,1.24,0.325,78.60%,2.78,2.69,0.09
2022,50705,강재민,6.84,508.00%,134.00%,123.00%,16.80%,12.50%,4.30%,1.42,0.242,75.90%,4.21,5.47,-1.27
2022,64001,고영표,7.7,114.00%,678.00%,35.00%,20.60%,3.00%,17.50%,1.17,0.331,73.10%,3.26,2.72,0.54
2022,67119,고우석,11.87,312.00%,381.00%,89.00%,33.30%,8.80%,24.60%,0.96,0.235,92.90%,1.48,3.03,-1.54
2022,68220,곽빈,8.41,366.00%,230.00%,79.00%,21.40%,9.30%,12.10%,1.37,0.307,74.10%,3.78,4.01,-0.23
2022,63543,구승민,11.18,508.00%,220.00%,44.00%,29.30%,13.30%,16.00%,1.31,0.293,79.70%,2.9,3.18,-0.27
2022,65933,구창모,8.7,234.00%,372.00%,56.00%,23.90%,6.40%,17.50%,1.08,0.281,80.70%,2.1,3.06,-0.96
2022,77829,김광현,7.94,234.00%,340.00%,52.00%,22.00%,6.50%,15.60%,1.07,0.272,80.80%,2.13,3.14,-1.01
2022,68585,김도규,7.94,335.00%,237.00%,35.00%,20.60%,8.70%,11.90%,1.31,0.311,66.00%,3.71,3.39,0.32
2022,67246,김명신,6.89,282.00%,244.00%,56.00%,18.30%,7.50%,10.80%,1.26,0.293,72.90%,3.62,3.63,-0.01
2022,65048,김민수,10.15,167.00%,607.00%,33.00%,27.80%,4.60%,23.20%,1,0.297,82.10%,1.9,2.3,-0.4
2022,65764,김민우,7.12,464.00%,154.00%,88.00%,18.10%,11.80%,6.30%,1.39,0.268,72.00%,4.36,4.68,-0.32
2022,65769,김범수,7.91,477.00%,166.00%,68.00%,20.10%,12.10%,8.00%,1.5,0.314,69.50%,4.36,4.25,0.12
2022,68928,김시훈,8.53,464.00%,184.00%,76.00%,21.60%,11.80%,9.90%,1.42,0.293,77.50%,3.24,4.18,-0.94
2022,68900,김영규,6.27,300.00%,209.00%,68.00%,17.10%,8.20%,8.90%,1.18,0.27,75.60%,3.41,4.2,-0.79
2022,64596,김유영,7.76,529.00%,147.00%,71.00%,17.30%,11.80%,5.50%,2,0.393,71.40%,5.65,4.53,1.12
2022,50157,김윤식,6.38,213.00%,300.00%,39.00%,16.80%,5.60%,11.20%,1.33,0.325,73.30%,3.31,3.18,0.13
2022,67391,김재웅,8.04,416.00%,193.00%,57.00%,22.00%,11.40%,10.60%,1.09,0.217,87.30%,2.01,3.91,-1.9
2022,65062,김재윤,10.58,285.00%,371.00%,68.00%,29.20%,7.90%,21.30%,1.01,0.252,68.30%,3.26,2.87,0.39
2022,75867,김진성,8.38,341.00%,245.00%,93.00%,22.90%,9.30%,13.60%,1.14,0.248,78.50%,3.1,3.96,-0.86
2022,65343,김택형,9.25,328.00%,282.00%,119.00%,23.80%,8.40%,15.30%,1.31,0.295,69.20%,4.92,4.2,0.72
2022,67539,나균안,9.41,283.00%,332.00%,38.00%,24.30%,7.30%,17.00%,1.38,0.355,69.60%,3.98,2.77,1.2
2022,50720,남지민,4.15,455.00%,91.00%,91.00%,9.80%,10.80%,-1.00%,1.73,0.313,61.60%,6.37,5.3,1.07
2022,73211,노경은,6.21,260.00%,239.00%,56.00%,17.00%,7.10%,9.90%,1.15,0.271,76.40%,3.05,3.74,-0.69
2022,52833,노바,4.52,353.00%,128.00%,71.00%,11.00%,8.60%,2.40%,1.62,0.326,57.40%,6.5,4.72,1.78
2022,52637,놀린,7.84,174.00%,450.00%,51.00%,21.10%,4.70%,16.40%,1.12,0.296,77.30%,2.47,3.06,-0.59
2022,50040,데스파이네,6.79,265.00%,256.00%,77.00%,17.00%,6.60%,10.30%,1.51,0.347,68.40%,4.53,3.95,0.58
2022,52707,라미레즈,6.47,510.00%,127.00%,55.00%,16.50%,13.00%,3.50%,1.36,0.253,69.70%,4.13,4.67,-0.54
2022,69940,루친스키,9.02,158.00%,571.00%,65.00%,24.30%,4.30%,20.10%,1.13,0.311,72.20%,2.97,2.88,0.1
2022,52808,모리만도,8,275.00%,291.00%,24.00%,22.00%,7.60%,14.50%,1.06,0.264,80.00%,1.67,2.93,-1.26
2022,64021,박세웅,8.35,183.00%,456.00%,46.00%,21.50%,4.70%,16.80%,1.35,0.355,67.00%,3.78,2.86,0.92
2022,68249,박신지,5.55,584.00%,95.00%,102.00%,12.10%,12.80%,-0.60%,2.01,0.345,66.30%,6.71,5.72,0.99
2022,52060,박영현,9.58,348.00%,275.00%,87.00%,25.10%,9.10%,16.00%,1.28,0.295,72.90%,3.66,3.58,0.08
2022,52528,반즈,7.73,227.00%,340.00%,39.00%,20.30%,6.00%,14.30%,1.19,0.301,66.90%,3.62,3.18,0.44
2022,65516,배제성,7.49,387.00%,193.00%,67.00%,19.40%,10.00%,9.40%,1.39,0.303,67.70%,4.21,3.92,0.29
2022,77446,백정현,5.05,267.00%,189.00%,159.00%,12.50%,6.60%,5.90%,1.53,0.311,73.30%,5.27,5.57,-0.3
2022,52043,벤자민,7.17,223.00%,321.00%,102.00%,20.00%,6.20%,13.80%,1.02,0.238,78.80%,2.7,4.05,-1.35
2022,50404,뷰캐넌,6.58,219.00%,300.00%,56.00%,16.90%,5.60%,11.30%,1.34,0.321,77.50%,3.04,3.52,-0.48
2022,52257,브랜든,5.54,332.00%,167.00%,69.00%,14.50%,8.70%,5.80%,1.23,0.248,70.30%,3.6,4.21,-0.61
2022,69539,서준원,6.75,345.00%,196.00%,45.00%,17.00%,8.70%,8.30%,1.47,0.328,68.70%,4.8,3.84,0.96
2022,61895,서진용,7.35,481.00%,153.00%,67.00%,18.50%,12.10%,6.40%,1.49,0.298,74.00%,4.01,4.36,-0.35
2022,50030,소형준,6.15,205.00%,300.00%,42.00%,16.60%,5.50%,11.10%,1.15,0.281,70.20%,3.05,3.3,-0.26
2022,69962,송명기,8.86,451.00%,196.00%,117.00%,21.40%,10.90%,10.50%,1.58,0.332,71.30%,4.51,4.93,-0.42
2022,52457,수아레즈,8.24,259.00%,318.00%,36.00%,22.30%,7.00%,15.30%,1.16,0.291,73.80%,2.49,2.92,-0.43
2022,52234,스탁,7.53,453.00%,166.00%,49.00%,19.10%,11.50%,7.60%,1.48,0.315,69.20%,3.55,4.02,-0.47
2022,50558,스트레일리,7.94,318.00%,250.00%,72.00%,21.20%,8.50%,12.70%,1.22,0.285,77.30%,2.31,3.92,-1.61
2022,52557,스파크맨,9.46,457.00%,207.00%,64.00%,23.10%,11.10%,11.90%,1.65,0.373,65.60%,5.31,3.78,1.54
2022,68902,신민혁,7.99,236.00%,339.00%,114.00%,20.20%,6.00%,14.20%,1.34,0.314,70.90%,4.56,4.2,0.36
2022,68341,안우진,10.29,253.00%,407.00%,18.00%,29.20%,7.20%,22.10%,0.95,0.265,75.40%,2.11,2.17,-0.06
2022,52308,애플러,5.52,257.00%,215.00%,83.00%,13.80%,6.40%,7.40%,1.51,0.333,74.60%,4.3,4.25,0.04
2022,77637,양현종,7.24,257.00%,282.00%,72.00%,19.00%,6.70%,12.20%,1.25,0.292,67.40%,3.85,3.63,0.22
2022,65056,엄상백,8.91,295.00%,302.00%,90.00%,23.90%,7.90%,16.00%,1.22,0.294,79.20%,2.95,3.68,-0.73
2022,75421,오승환,8.05,205.00%,392.00%,126.00%,21.30%,5.40%,15.90%,1.26,0.307,80.90%,3.32,4.06,-0.75
2022,50859,오원석,7,363.00%,193.00%,100.00%,17.70%,9.20%,8.50%,1.5,0.32,71.20%,4.5,4.45,0.05
2022,69343,요키시,7.48,160.00%,467.00%,39.00%,20.60%,4.40%,16.20%,1.09,0.295,74.60%,2.57,2.81,-0.23
2022,76118,원종현,7.11,242.00%,294.00%,71.00%,19.20%,6.50%,12.70%,1.14,0.267,77.30%,2.98,3.59,-0.61
2022,69446,원태인,7.08,207.00%,342.00%,87.00%,18.60%,5.40%,13.10%,1.29,0.311,73.00%,3.92,3.74,0.18
2022,63464,윤대경,6.09,203.00%,300.00%,72.00%,14.60%,4.90%,9.70%,1.63,0.373,55.10%,7.53,3.93,3.6
2022,68619,윤중현,4.53,235.00%,193.00%,67.00%,11.30%,5.80%,5.40%,1.43,0.311,65.40%,5.03,4.32,0.72
2022,50126,이민호,5.51,324.00%,170.00%,106.00%,13.50%,8.00%,5.60%,1.58,0.328,67.50%,5.51,4.85,0.66
2022,67603,이승호,7.87,483.00%,163.00%,125.00%,20.50%,12.60%,7.90%,1.41,0.276,84.10%,3.58,5.14,-1.56
2022,66291,이영하,7.57,520.00%,146.00%,46.00%,18.00%,12.30%,5.60%,1.68,0.334,64.80%,4.93,4.18,0.74
2022,77211,이용찬,9.05,193.00%,469.00%,45.00%,24.10%,5.10%,19.00%,1.14,0.306,82.60%,2.08,2.71,-0.64
2022,51648,이의리,9.41,432.00%,218.00%,105.00%,24.00%,11.00%,13.00%,1.31,0.269,71.00%,3.86,4.34,-0.48
2022,64565,이인복,5.04,213.00%,237.00%,43.00%,13.00%,5.50%,7.50%,1.44,0.337,69.40%,4.19,3.59,0.6
2022,60263,이재학,7.12,534.00%,133.00%,49.00%,17.70%,13.30%,4.40%,1.42,0.262,62.30%,4.75,4.47,0.28
2022,69134,이정용,6.07,273.00%,222.00%,46.00%,16.00%,7.20%,8.80%,1.18,0.262,67.80%,3.19,3.61,-0.43
2022,60768,이태양,4.9,193.00%,254.00%,121.00%,12.90%,5.10%,7.80%,1.25,0.275,76.60%,3.62,4.72,-1.1
2022,62754,임기영,5.71,251.00%,228.00%,125.00%,14.80%,6.50%,8.30%,1.34,0.287,75.30%,4.24,4.78,-0.54
2022,61101,임찬규,6.51,339.00%,192.00%,87.00%,16.30%,8.50%,7.80%,1.47,0.314,68.30%,5.04,4.43,0.61
2022,79764,장민재,5.33,277.00%,192.00%,107.00%,14.10%,7.30%,6.80%,1.29,0.274,77.40%,3.55,4.66,-1.11
2022,77318,장시환,9.47,466.00%,203.00%,57.00%,23.90%,11.80%,12.10%,1.43,0.309,63.70%,4.38,3.61,0.78
2022,51895,장지훈,5.4,180.00%,300.00%,98.00%,14.30%,4.80%,9.50%,1.22,0.281,71.40%,4.25,4.27,-0.02
2022,63950,장현식,6.92,450.00%,154.00%,69.00%,17.20%,11.20%,6.00%,1.54,0.309,80.90%,3.12,4.31,-1.19
2022,69159,정우영,6.21,497.00%,125.00%,47.00%,16.10%,12.90%,3.20%,1.38,0.269,83.10%,2.64,4.55,-1.91
2022,78148,정찬헌,4.33,289.00%,150.00%,134.00%,10.80%,7.20%,3.60%,1.53,0.309,69.80%,5.36,5.43,-0.07
2022,68242,정철원,5.82,322.00%,181.00%,50.00%,16.00%,8.80%,7.10%,1.18,0.26,75.20%,3.1,3.87,-0.77
2022,50662,정해영,6.91,289.00%,239.00%,48.00%,18.10%,7.60%,10.50%,1.29,0.293,75.20%,3.38,3.42,-0.04
2022,65060,주권,5.51,142.00%,388.00%,53.00%,15.30%,3.90%,11.30%,1.3,0.342,71.20%,3.91,3.31,0.6
2022,65707,주현상,5.37,228.00%,236.00%,81.00%,13.40%,5.70%,7.70%,1.5,0.337,55.60%,6.83,4.3,2.53
2022,68856,최민준,6.32,448.00%,141.00%,132.00%,16.70%,11.80%,4.90%,1.24,0.211,68.50%,3.95,5.37,-1.42
2022,51264,최승용,6.17,415.00%,149.00%,77.00%,15.10%,10.20%,5.00%,1.58,0.314,65.30%,5.3,4.48,0.82
2022,67263,최원준,6.16,202.00%,305.00%,115.00%,15.80%,5.20%,10.70%,1.33,0.303,74.40%,3.6,4.38,-0.78
2022,65320,최원태,5.37,341.00%,158.00%,43.00%,14.10%,9.00%,5.20%,1.27,0.267,67.40%,3.75,3.99,-0.24
2022,50556,최준용,10.14,254.00%,400.00%,127.00%,26.40%,6.60%,19.80%,1.17,0.283,72.00%,4.06,3.97,0.09
2022,69103,켈리,8.28,189.00%,437.00%,54.00%,23.00%,5.30%,17.80%,1.08,0.289,78.40%,2.54,2.9,-0.36
2022,52606,파노니,7.95,261.00%,304.00%,54.00%,21.00%,6.90%,14.10%,1.23,0.299,73.20%,2.72,3.25,-0.53
2022,52720,페냐,9.58,399.00%,240.00%,53.00%,24.60%,10.20%,14.30%,1.37,0.322,70.00%,3.72,3.44,0.29
2022,51863,폰트,8.32,166.00%,500.00%,88.00%,23.30%,4.70%,18.70%,0.95,0.246,75.70%,2.69,3.37,-0.68
2022,52145,플럿코,8.28,211.00%,392.00%,72.00%,23.10%,5.90%,17.20%,1.01,0.253,76.30%,2.39,3.24,-0.85
2022,61666,한승혁,7.73,448.00%,173.00%,45.00%,18.40%,10.60%,7.70%,1.74,0.374,67.00%,5.27,3.94,1.33
2022,62363,한현희,6.84,278.00%,246.00%,104.00%,17.10%,6.90%,10.10%,1.38,0.301,69.30%,4.75,4.51,0.24
2022,50449,허윤동,5.89,556.00%,106.00%,131.00%,13.60%,12.90%,0.80%,1.78,0.311,65.70%,6.55,6.05,0.49
2022,61643,홍건희,8.71,305.00%,286.00%,73.00%,22.60%,7.90%,14.70%,1.27,0.299,68.90%,3.48,3.52,-0.03
2022,50441,황동재,7.19,421.00%,171.00%,122.00%,17.00%,9.90%,7.10%,1.84,0.374,58.50%,7.06,4.86,2.2
2023,64001,고영표,5.87,0.98,6,0.36,16.10%,2.70%,13.50%,1.15,0.312,76.30%,2.78,3.1,-0.31
2023,72523,고효준,10.24,6.52,1.57,0.47,25.20%,16.00%,9.20%,1.57,0.311,70.20%,4.5,4.12,0.38
2023,68220,곽빈,7.49,4.1,1.83,0.49,20.20%,11.00%,9.10%,1.21,0.254,77.10%,2.9,3.93,-1.04
2023,63543,구승민,9.33,4.1,2.28,0.57,22.80%,10.00%,12.80%,1.48,0.33,71.70%,3.96,3.75,0.21
2023,65933,구창모,9.75,2.79,3.5,0.7,27.30%,7.80%,19.50%,1.05,0.264,72.30%,2.96,3.17,-0.21
2023,77829,김광현,6.36,3.74,1.7,0.59,16.70%,9.80%,6.90%,1.38,0.297,72.90%,3.53,4.12,-0.59
2023,51715,김기중,7.35,4.63,1.59,0.64,18.20%,11.50%,6.70%,1.54,0.327,69.70%,4.63,4.71,-0.08
2023,62360,김대우,6.89,3.09,2.23,0.98,17.70%,7.90%,9.70%,1.38,0.301,66.50%,4.5,4.46,0.04
2023,51230,김동주,6.78,4.02,1.69,0.57,17.70%,10.50%,7.20%,1.38,0.294,71.40%,4.14,4.22,-0.08
2023,67246,김명신,7.41,3.08,2.41,0.34,19.50%,8.10%,11.40%,1.25,0.296,70.40%,3.65,3.5,0.14
2023,65764,김민우,7.49,4.88,1.54,1.05,17.70%,11.50%,6.20%,1.78,0.354,59.60%,6.79,4.99,1.81
2023,65769,김범수,7.51,4.76,1.58,0.43,18.40%,11.70%,6.70%,1.56,0.318,69.90%,4.19,4.09,0.1
2023,76430,김상수,6.23,3.63,1.71,0.17,16.50%,9.60%,6.90%,1.27,0.28,69.50%,3.12,3.65,-0.54
2023,68928,김시훈,8.37,5.81,1.44,0.51,20.00%,13.90%,6.10%,1.73,0.342,69.50%,4.27,4.27,0
2023,68900,김영규,7.01,3.36,2.09,0.29,19.40%,9.30%,10.10%,1.1,0.249,71.00%,3.06,3.43,-0.37
2023,62528,김원중,11.59,3.53,3.28,0.28,30.90%,9.40%,21.50%,1.19,0.325,72.90%,2.97,2.65,0.32
2023,50157,김윤식,5.06,3.01,1.68,0.48,13.10%,7.80%,5.30%,1.49,0.333,72.90%,4.22,4.1,0.12
2023,67391,김재웅,6.94,3.62,1.92,0.3,18.40%,9.60%,8.80%,1.34,0.303,66.10%,4.22,3.5,0.72
2023,65062,김재윤,8.22,1.78,4.62,0.27,22.90%,5.00%,17.90%,1.02,0.28,72.10%,2.6,2.61,0
2023,75867,김진성,8.83,3.33,2.65,1.02,25.60%,9.60%,15.90%,0.95,0.198,89.60%,2.18,4.03,-1.85
2023,62360,김태훈,5.68,6.11,0.93,1.14,13.10%,14.10%,-1.00%,1.85,0.311,60.70%,7.11,5.96,1.15
2023,67539,나균안,7.87,2.9,2.71,0.55,20.00%,7.40%,12.70%,1.4,0.33,71.70%,3.8,3.53,0.27
2023,73211,노경은,7.05,3.9,1.81,0.43,18.20%,10.10%,8.10%,1.37,0.298,75.60%,3.58,3.91,-0.33
2023,65949,류진욱,8.33,4.3,1.94,0.13,23.10%,11.90%,11.20%,1.09,0.233,75.80%,2.15,3.22,-1.07
2023,53833,맥카티,8.03,3.12,2.58,0.69,21.40%,8.30%,13.10%,1.3,0.307,71.80%,3.39,3.68,-0.29
2023,53322,맥키니,5.92,5.46,1.08,1.52,14.60%,13.40%,1.10%,1.63,0.28,61.90%,6.52,6.15,0.37
2023,53645,메디나,5.59,4.5,1.24,0.93,13.40%,10.80%,2.60%,1.6,0.307,64.10%,6.05,5.47,0.58
2023,52701,문동주,7.21,3.19,2.26,0.46,18.90%,8.30%,10.50%,1.31,0.301,71.00%,3.72,3.62,0.1
2023,62869,문승원,5.57,3,1.86,1.03,13.60%,7.30%,6.30%,1.65,0.349,69.10%,5.23,4.82,0.41
2023,53139,박명근,7.01,4.91,1.43,0.7,16.90%,11.90%,5.10%,1.5,0.285,67.20%,5.08,4.84,0.24
2023,67703,박상원,8.32,4.23,1.97,0.29,20.60%,10.50%,10.10%,1.49,0.328,65.10%,3.65,3.53,0.12
2023,64021,박세웅,7.54,3.45,2.19,0.47,19.60%,9.00%,10.70%,1.32,0.3,70.10%,3.45,3.63,-0.18
2023,52060,박영현,9.44,2.75,3.43,0.36,25.60%,7.50%,18.20%,1.14,0.299,75.20%,2.75,2.82,-0.07
2023,60841,박종훈,6.3,6.75,0.93,0.9,14.70%,15.70%,-1.00%,1.71,0.289,68.40%,6.19,6.26,-0.08
2023,67266,박치국,8.2,3.59,2.29,0.51,20.30%,8.90%,11.40%,1.42,0.321,76.50%,3.59,3.8,-0.21
2023,52528,반즈,7.77,2.96,2.63,0.32,20.00%,7.60%,12.40%,1.33,0.324,74.50%,3.28,3.38,-0.11
2023,65516,배제성,5.46,5.32,1.03,0.41,13.30%,12.90%,0.30%,1.7,0.319,70.40%,4.49,4.61,-0.12
2023,77446,백정현,5.45,2.68,2.03,0.54,14.60%,7.20%,7.40%,1.29,0.292,70.70%,3.67,3.86,-0.19
2023,52043,벤자민,8.79,2.48,3.55,0.68,22.90%,6.50%,16.40%,1.21,0.293,65.30%,3.55,3.31,0.24
2023,50404,뷰캐넌,6.65,2.06,3.23,0.19,17.70%,5.50%,12.20%,1.15,0.287,69.90%,2.54,2.98,-0.44
2023,52257,브랜든,8.6,2.58,3.33,0.34,23.40%,7.00%,16.40%,1.05,0.27,75.60%,2.49,3.19,-0.7
2023,53665,산체스,8.34,2.12,3.93,0.99,20.70%,5.30%,15.40%,1.48,0.36,59.00%,5.94,3.87,2.07
2023,53714,산체스,7.07,2,3.54,0.93,18.30%,5.20%,13.10%,1.3,0.312,71.10%,3.79,3.98,-0.19
2023,61895,서진용,7.89,6.04,1.31,0.37,19.70%,15.10%,4.60%,1.52,0.288,83.90%,2.47,4.36,-1.89
2023,69041,손동현,4.89,2.57,1.9,0.61,13.20%,7.00%,6.30%,1.21,0.269,71.40%,3.42,4.13,-0.71
2023,69962,송명기,5.61,4.05,1.38,1.04,13.70%,9.90%,3.80%,1.47,0.277,67.90%,4.83,5.32,-0.49
2023,52457,수아레즈,7.33,2.67,2.75,0.25,18.40%,6.70%,11.70%,1.49,0.356,68.60%,3.92,3.08,0.84
2023,50558,스트레일리,7.84,4.15,1.89,0.67,19.20%,10.20%,9.10%,1.48,0.315,71.30%,4.37,4.38,-0.01
2023,68902,신민혁,7.16,1.84,3.88,1.03,18.70%,4.80%,13.90%,1.2,0.286,67.50%,3.98,4.06,-0.08
2023,68341,안우진,9.8,2.27,4.32,0.3,27.00%,6.30%,20.70%,1.06,0.29,75.80%,2.39,2.43,-0.04
2023,69045,알칸타라,7.59,1.64,4.63,0.75,20.80%,4.50%,16.30%,1.07,0.277,76.40%,2.67,3.42,-0.75
2023,53664,앤더슨,7.29,2.96,2.46,0.68,19.00%,7.70%,11.30%,1.29,0.294,64.90%,3.76,3.83,-0.07
2023,61268,양현,2.53,3.32,0.76,0.79,6.10%,8.00%,-1.90%,1.82,0.355,68.00%,5.05,5.08,-0.03
2023,77637,양현종,7,2.53,2.77,0.68,18.20%,6.60%,11.70%,1.34,0.315,71.80%,3.68,3.69,-0.01
2023,65056,엄상백,7.17,2.34,3.07,0.48,19.60%,6.40%,13.20%,1.16,0.287,69.30%,3.63,3.34,0.29
2023,53825,엘리아스,6.37,2.26,2.82,0.82,17.00%,6.00%,10.90%,1.32,0.317,74.60%,3.7,4.06,-0.36
2023,75421,오승환,6.32,2.15,2.93,1.29,16.70%,5.70%,11.00%,1.15,0.247,78.20%,3.45,4.68,-1.23
2023,50859,오원석,5.47,4.29,1.28,0.68,13.60%,10.60%,2.90%,1.57,0.312,65.30%,5.23,4.79,0.44
2023,53927,와이드너,7.75,3.13,2.48,0.55,20.00%,8.10%,11.90%,1.32,0.306,62.80%,4.54,3.67,0.87
2023,69343,요키시,6.99,1.92,3.64,0.41,17.80%,4.90%,12.90%,1.45,0.363,65.00%,4.39,3.22,1.17
2023,69446,원태인,6.12,2.04,3,0.9,16.10%,5.40%,10.70%,1.27,0.296,77.10%,3.18,4.14,-0.96
2023,53546,윌커슨,9.15,2.26,4.05,0.34,24.80%,6.10%,18.70%,1.09,0.29,71.90%,2.26,2.69,-0.43
2023,50106,유영찬,7.28,5.29,1.38,0.53,18.00%,13.10%,4.90%,1.4,0.256,77.80%,3.44,4.62,-1.18
2023,53613,윤영철,5.43,3.52,1.54,0.73,14.00%,9.10%,4.90%,1.4,0.289,71.70%,4.04,4.45,-0.42
2023,53892,이로운,8.12,4.53,1.79,1.09,19.40%,10.80%,8.60%,1.66,0.335,66.50%,5.62,4.74,0.88
2023,52397,이명종,4.11,3.79,1.08,0.79,10.00%,9.20%,0.80%,1.58,0.307,69.70%,5.21,5.21,0
2023,60146,이승현,6.3,2.25,2.8,0.75,15.90%,5.70%,10.20%,1.38,0.312,71.10%,3.6,3.83,-0.23
2023,51948,이용준,6.72,5.91,1.14,0.67,16.40%,14.50%,2.00%,1.55,0.271,67.70%,4.3,4.94,-0.64
2023,77211,이용찬,7.52,2.8,2.68,0.74,20.10%,7.50%,12.60%,1.18,0.273,69.10%,4.13,3.88,0.26
2023,51648,이의리,10.66,6.36,1.68,0.27,26.10%,15.60%,10.50%,1.49,0.294,70.60%,3.96,3.73,0.24
2023,60263,이재학,5.75,4.41,1.3,0.8,14.70%,11.30%,3.40%,1.31,0.238,67.40%,4.54,4.97,-0.43
2023,69134,이정용,5.19,1.97,2.63,0.52,13.10%,5.00%,8.10%,1.37,0.31,66.70%,4.15,3.72,0.43
2023,69108,이지강,5.03,3.71,1.36,0.53,12.70%,9.40%,3.30%,1.29,0.255,56.90%,3.97,4.68,-0.71
2023,60768,이태양,6.46,1.88,3.43,0.63,17.10%,5.00%,12.10%,1.21,0.292,70.10%,3.23,3.59,-0.36
2023,62754,임기영,6.26,2.09,3,0.66,17.60%,5.90%,11.70%,0.91,0.212,71.60%,2.96,3.88,-0.91
2023,61101,임찬규,6.41,3.36,1.91,0.62,16.30%,8.50%,7.80%,1.35,0.287,73.80%,3.42,4.1,-0.68
2023,79764,장민재,7.96,2.87,2.77,1.57,19.80%,7.10%,12.70%,1.46,0.322,67.30%,4.83,5.07,-0.24
2023,51359,장재영,8.41,8.29,1.02,0.5,19.80%,19.50%,0.30%,1.8,0.304,69.30%,5.53,5.35,0.17
2023,63950,장현식,7.76,4.59,1.69,1.06,19.50%,11.50%,8.00%,1.65,0.349,77.00%,4.06,4.79,-0.73
2023,66609,전상현,7.67,3.99,1.92,0.15,20.00%,10.40%,9.60%,1.3,0.285,75.40%,2.15,3.3,-1.15
2023,69159,정우영,7.14,2.96,2.41,0.17,16.70%,6.90%,9.80%,1.55,0.363,59.80%,4.7,3.92,0.78
2023,78148,정찬헌,4.38,1.63,2.69,0.5,11.90%,4.40%,7.50%,1.17,0.278,57.20%,4.75,3.78,0.97
2023,68242,정철원,6.81,3.96,1.72,0.99,17.50%,10.20%,7.30%,1.35,0.266,72.10%,3.96,4.72,-0.76
2023,65707,주현상,6.79,2.26,3,0.3,19.70%,6.60%,13.20%,0.84,0.202,79.70%,1.96,3.23,-1.27
2023,68856,최민준,5.55,2.85,1.95,1.05,14.10%,7.30%,6.90%,1.57,0.343,77.50%,4.2,4.68,-0.48
2023,66920,최성영,5.13,4.32,1.19,0.81,12.50%,10.60%,2.00%,1.64,0.32,72.90%,4.86,5.1,-0.24
2023,51264,최승용,6.65,2.76,2.41,0.73,17.10%,7.10%,10.00%,1.35,0.306,70.70%,3.97,4,-0.03
2023,67263,최원준,5.93,2.34,2.54,0.92,15.30%,6.00%,9.20%,1.37,0.315,68.90%,4.93,4.52,0.41
2023,65320,최원태,7.24,2.82,2.57,0.74,18.70%,7.30%,11.40%,1.33,0.305,69.70%,4.3,3.94,0.36
2023,52639,최지민,6.67,3.94,1.69,0.61,18.00%,10.70%,7.40%,1.2,0.247,83.60%,2.12,4.31,-2.19
2023,68419,최채흥,4.69,2.27,2.06,1.28,11.20%,5.40%,5.80%,1.67,0.346,59.10%,6.68,5.11,1.57
2023,69103,켈리,6.5,1.96,3.31,0.5,17.30%,5.20%,12.10%,1.24,0.308,65.90%,3.83,3.44,0.39
2023,69032,쿠에바스,7.87,1.89,4.17,0.31,21.70%,5.20%,16.50%,1.04,0.276,76.30%,2.6,2.79,-0.19
2023,53909,태너,6.54,1.81,3.62,0.84,17.70%,4.90%,12.80%,1.1,0.263,72.30%,2.92,3.8,-0.88
2023,52606,파노니,7.21,2.51,2.87,0.66,18.80%,6.60%,12.30%,1.32,0.315,68.20%,4.26,3.66,0.61
2023,52720,페냐,7.46,2.99,2.49,0.71,19.60%,7.90%,11.70%,1.17,0.263,69.80%,3.6,4.07,-0.47
2023,53913,페디,10.43,1.75,5.97,0.45,29.50%,4.90%,24.60%,0.95,0.284,79.60%,2,2.38,-0.38
2023,52145,플럿코,7.37,2.26,3.26,0.36,19.80%,6.10%,13.70%,1.18,0.297,78.90%,2.41,3.12,-0.71
2023,64350,하영민,8.77,4.3,2.04,0.69,20.60%,10.10%,10.50%,1.76,0.38,65.20%,4.64,3.94,0.71
2023,50726,한승주,7,3.95,1.77,0.76,17.20%,9.70%,7.50%,1.58,0.335,76.20%,3.95,4.43,-0.49
2023,62363,한현희,6.4,3.81,1.68,0.95,15.50%,9.20%,6.30%,1.61,0.333,67.00%,5.45,4.94,0.51
2023,63248,함덕주,9.54,3.56,2.68,0.16,26.60%,9.90%,16.70%,0.97,0.225,80.60%,1.62,2.81,-1.19
2023,61643,홍건희,9.05,3.5,2.58,0.58,22.40%,8.70%,13.70%,1.48,0.337,73.80%,3.21,3.4,-0.19
2023,53375,후라도,7.2,2.01,3.59,0.34,19.30%,5.40%,13.90%,1.12,0.281,73.50%,2.65,3.11,-0.47
2024,64001,고영표,7.11,1.26,5.64,0.54,17.30%,3.10%,14.30%,1.55,0.39,66.60%,4.95,3.7,1.25
2024,53609,곽도규,10.35,5.5,1.88,0.65,25.80%,13.70%,12.10%,1.38,0.275,75.60%,3.56,4.43,-0.87
2024,68220,곽빈,8.27,4.08,2.03,0.59,21.50%,10.60%,10.90%,1.3,0.279,67.60%,4.24,4.23,0.01
2024,63543,구승민,9.68,5.46,1.77,0.94,22.20%,12.50%,9.70%,1.79,0.365,71.60%,4.84,5.08,-0.25
2024,77829,김광현,8.54,4.05,2.11,1.33,21.70%,10.30%,11.40%,1.45,0.305,70.40%,4.93,5.23,-0.3
2024,51713,김규연,6.1,4.27,1.43,0.92,14.80%,10.40%,4.40%,1.59,0.313,53.60%,7.02,5.34,1.67
2024,51715,김기중,5.95,4.12,1.44,1.22,13.60%,9.40%,4.20%,1.86,0.364,68.70%,6.56,5.87,0.69
2024,68043,김민,8.96,3.14,2.85,0.58,22.90%,8.00%,14.90%,1.44,0.351,70.80%,4.31,3.72,0.58
2024,65048,김민수,8.3,3.65,2.27,0.89,20.90%,9.20%,11.70%,1.44,0.315,58.10%,5.2,4.44,0.76
2024,76430,김상수,6.84,3.18,2.15,0.61,17.40%,8.10%,9.30%,1.32,0.287,65.30%,4.15,4.37,-0.22
2024,66018,김선기,5.07,3.54,1.43,1.53,12.00%,8.40%,3.60%,1.59,0.294,69.90%,5.54,6.25,-0.71
2024,68928,김시훈,6.2,4.95,1.25,0.59,15.50%,12.40%,3.10%,1.57,0.308,69.10%,4.53,4.95,-0.42
2024,62528,김원중,9.66,4.41,2.19,0.57,24.50%,11.20%,13.40%,1.42,0.318,74.90%,3.55,3.94,-0.39
2024,54319,김윤하,4.9,3.99,1.23,0.68,11.80%,9.60%,2.20%,1.62,0.316,60.70%,6.04,5.13,0.91
2024,69745,김도현,7.08,3.72,1.9,1.08,17.10%,9.00%,8.10%,1.57,0.329,71.70%,4.92,5.34,-0.42
2024,69367,김인범,3.84,4.41,0.87,1.28,9.10%,10.40%,-1.30%,1.67,0.297,73.00%,5.4,6.59,-1.19
2024,64580,김재열,8.78,3.8,2.31,0.52,23.60%,10.20%,13.40%,1.27,0.293,82.30%,2.49,3.82,-1.33
2024,65062,김재윤,6.95,3.41,2.04,1.77,18.00%,8.80%,9.20%,1.26,0.232,71.40%,4.09,5.95,-1.86
2024,75867,김진성,7.81,2.94,2.65,1.41,20.70%,7.80%,12.90%,1.21,0.266,75.70%,3.97,5.33,-1.36
2024,51516,김진욱,9.25,4.68,1.98,1.38,22.40%,11.30%,11.10%,1.57,0.315,69.60%,5.31,5.36,-0.04
2024,62360,김태훈,6.36,3.27,1.95,1.03,16.40%,8.40%,8.00%,1.3,0.27,75.50%,3.96,5.14,-1.19
2024,54263,김택연,10.8,4.29,2.52,0.28,28.20%,11.20%,17.00%,1.26,0.302,82.90%,2.08,3.36,-1.29
2024,67539,나균안,9.12,5.79,1.57,1.85,19.50%,12.40%,7.10%,2.21,0.414,64.10%,8.51,6.53,1.98
2024,54640,네일,8.32,2.11,3.94,0.66,21.50%,5.50%,16.00%,1.27,0.318,70.60%,2.53,3.74,-1.21
2024,73211,노경은,7.64,3.44,2.22,1.08,20.30%,9.10%,11.10%,1.23,0.262,82.80%,2.9,4.9,-1.99
2024,54443,레예스,7.13,1.88,3.8,0.94,18.50%,4.90%,13.60%,1.31,0.319,74.90%,3.81,4.29,-0.48
2024,76715,류현진,7.67,1.88,4.09,0.68,19.90%,4.90%,15.00%,1.36,0.343,69.60%,3.87,3.71,0.15
2024,52701,문동주,7.76,3.07,2.53,1.13,19.10%,7.60%,11.60%,1.67,0.383,69.80%,5.17,4.79,0.38
2024,62869,문승원,7.95,3.6,2.21,1.5,20.00%,9.10%,10.90%,1.52,0.322,75.60%,4.5,5.4,-0.9
2024,54720,바리아,8.06,1.75,4.61,0.97,20.50%,4.40%,16.00%,1.42,0.354,62.70%,5.15,3.94,1.2
2024,67703,박상원,8.78,2.97,2.95,0.27,23.40%,7.90%,15.50%,1.19,0.302,57.70%,4.59,3.49,1.1
2024,64021,박세웅,6.44,2.91,2.21,0.68,16.30%,7.40%,9.00%,1.41,0.315,64.20%,4.78,4.45,0.32
2024,52060,박영현,10.21,2.58,3.95,1.41,28.10%,7.10%,21.00%,1.11,0.27,79.20%,3.52,4.38,-0.85
2024,52528,반즈,10.21,2.75,3.72,1.08,27.40%,7.40%,20.00%,1.23,0.318,79.60%,3.35,4.05,-0.7
2024,54243,발라조빅,10.89,4.42,2.46,0.47,27.60%,11.20%,16.40%,1.44,0.345,68.90%,4.26,3.59,0.67
2024,77446,백정현,6.41,3.09,2.07,1.49,15.60%,7.50%,8.10%,1.67,0.346,66.80%,5.95,5.54,0.41
2024,52043,벤자민,9.38,2.89,3.25,1.68,24.40%,7.50%,16.90%,1.26,0.28,67.00%,4.63,5.14,-0.51
2024,52257,브랜든,9,1.32,6.82,0.36,23.80%,3.50%,20.30%,1.15,0.324,65.30%,3.12,2.87,0.25
2024,53714,산체스,9.45,3.54,2.67,0.34,22.90%,8.60%,14.30%,1.52,0.372,71.40%,4.22,3.88,0.34
2024,67143,손주영,6.97,3.36,2.07,0.68,17.60%,8.50%,9.10%,1.46,0.324,73.00%,3.79,4.52,-0.72
2024,53898,송영진,6.07,4.62,1.31,0.91,14.70%,11.20%,3.50%,1.64,0.312,60.00%,5.8,5.28,0.52
2024,54843,시라카와,7.22,5.18,1.39,0.94,17.40%,12.50%,4.90%,1.6,0.301,62.40%,5.65,5.39,0.26
2024,68902,신민혁,5.5,1.19,4.63,1.49,14.10%,3.10%,11.10%,1.29,0.295,71.10%,4.31,5.25,-0.93
2024,69045,알칸타라,4.76,3.08,1.55,1.4,12.60%,8.10%,4.40%,1.24,0.238,69.10%,4.76,5.83,-1.08
2024,54833,앤더슨,12.29,4.12,2.98,0.86,31.90%,10.70%,21.20%,1.31,0.327,72.40%,3.89,3.84,0.05
2024,77637,양현종,6.78,2.15,3.15,1.1,17.70%,5.60%,12.10%,1.25,0.289,70.50%,4.1,4.66,-0.56
2024,65056,엄상백,9.13,2.41,3.79,1.49,23.60%,6.20%,17.30%,1.31,0.313,70.80%,4.88,4.82,0.07
2024,54134,엔스,8.43,2.68,3.14,0.86,22.00%,7.00%,15.00%,1.31,0.315,69.60%,4.19,4.12,0.07
2024,53825,엘리아스,7.57,2.18,3.47,0.95,19.80%,5.70%,14.10%,1.26,0.304,71.60%,4.08,4.31,-0.23
2024,75421,오승환,6.87,2.95,2.33,1.47,16.00%,6.90%,9.20%,1.69,0.347,71.90%,4.91,5.49,-0.59
2024,50859,오원석,8.28,4.81,1.72,1.26,20.40%,11.80%,8.50%,1.54,0.306,72.60%,5.03,5.65,-0.62
2024,54755,와이스,9.62,2.85,3.38,0.79,25.50%,7.60%,18.00%,1.16,0.28,67.50%,3.73,3.79,-0.06
2024,54063,원상현,8.13,4.27,1.9,0.83,18.20%,9.60%,8.60%,2.08,0.438,64.80%,7.03,4.65,2.37
2024,69446,원태인,6.71,2.37,2.83,0.96,17.80%,6.30%,11.50%,1.2,0.274,74.80%,3.66,4.56,-0.9
2024,53546,윌커슨,7.64,1.24,6.19,0.82,20.50%,3.30%,17.20%,1.21,0.319,69.70%,3.84,3.68,0.16
2024,50106,유영찬,10.88,4.24,2.57,0.28,26.90%,10.50%,16.40%,1.43,0.339,76.80%,2.97,3.29,-0.33
2024,79229,유희관,3.29,3.43,0.96,1.43,7.30%,7.60%,-0.30%,2.08,0.382,64.20%,7.71,5.9,1.81
2024,53613,윤영철,6.39,4.74,1.35,0.88,16.00%,11.90%,4.10%,1.53,0.294,71.40%,4.19,5.22,-1.03
2024,53892,이로운,6.59,6.91,0.95,0.64,14.80%,15.50%,-0.70%,1.96,0.339,65.20%,5.95,5.68,0.27
2024,65616,이민우,4.42,4.89,0.9,1.26,10.20%,11.30%,-1.10%,1.91,0.345,59.30%,8.05,6.02,2.03
2024,65616,이민우,8.02,3.76,2.13,0.82,20.90%,9.80%,11.10%,1.44,0.325,75.30%,3.76,4.46,-0.69
2024,52204,이병헌,7.85,4.68,1.68,0.41,20.00%,11.90%,8.10%,1.45,0.309,77.80%,2.89,4.3,-1.41
2024,51454,이승현,7.01,3.81,1.84,0.93,17.70%,9.60%,8.10%,1.43,0.299,73.50%,4.23,5.01,-0.78
2024,60146,이승현,7.61,3.43,2.22,0.9,19.20%,8.70%,10.60%,1.51,0.341,73.60%,4.48,4.64,-0.17
2024,66291,이영하,8.13,4.96,1.64,0.55,19.80%,12.10%,7.70%,1.5,0.294,69.90%,3.99,4.48,-0.49
2024,77211,이용찬,8.12,3.48,2.33,0.99,18.70%,8.00%,10.70%,1.9,0.413,59.00%,6.13,4.65,1.48
2024,60263,이재학,8.37,3.62,2.31,1.47,21.00%,9.10%,11.90%,1.44,0.301,66.10%,5.52,5.33,0.19
2024,69108,이지강,6.54,4.36,1.5,0.84,15.60%,10.40%,5.20%,1.62,0.315,65.90%,4.53,5.07,-0.54
2024,63959,임정호,7.53,4.09,1.84,0.49,18.90%,10.30%,8.60%,1.44,0.307,64.30%,4.42,4.31,0.11
2024,61101,임찬규,9.13,2.82,3.24,0.81,23.60%,7.30%,16.30%,1.39,0.346,76.30%,3.83,3.94,-0.11
2024,78352,임창민,8.28,4.97,1.67,0.66,19.80%,11.90%,7.90%,1.66,0.335,76.40%,3.98,4.63,-0.66
2024,77318,장시환,6.13,6.26,0.98,0.52,13.70%,14.00%,-0.30%,1.96,0.35,58.30%,7.04,5.02,2.02
2024,63950,장현식,8.96,4.06,2.21,0.96,22.70%,10.30%,12.40%,1.45,0.316,70.10%,3.94,4.57,-0.63
2024,66609,전상현,7.36,2.73,2.7,0.68,19.90%,7.40%,12.50%,1.14,0.266,65.80%,4.09,4.23,-0.14
2024,50662,정해영,8.88,2.84,3.13,1.42,23.80%,7.60%,16.20%,1.24,0.289,94.70%,2.49,4.83,-2.35
2024,51897,조병현,11.84,3.82,3.1,0.99,31.80%,10.30%,21.50%,1.14,0.267,69.10%,3.58,3.9,-0.32
2024,65060,주권,4.81,1.71,2.82,1.09,12.20%,4.30%,7.90%,1.53,0.351,53.50%,6.67,4.97,1.7
2024,52330,주승우,7.49,3.14,2.39,0.7,19.10%,8.00%,11.10%,1.32,0.297,71.20%,4.35,4.43,-0.07
2024,65707,주현상,8.07,1.01,8,1.14,24.00%,3.00%,21.00%,0.84,0.232,80.60%,2.65,3.97,-1.32
2024,67263,최원준,5.89,2.78,2.12,1.72,14.70%,6.90%,7.80%,1.45,0.295,64.50%,6.46,6.12,0.34
2024,65320,최원태,7.32,4.05,1.81,0.71,18.60%,10.30%,8.30%,1.44,0.306,70.10%,4.26,4.62,-0.35
2024,53259,최준호,7.22,3.73,1.93,1.37,18.50%,9.60%,8.90%,1.37,0.275,67.40%,5.1,5.53,-0.43
2024,54920,카스타노,7.17,2.01,3.56,0.89,18.70%,5.30%,13.40%,1.27,0.308,62.90%,4.35,4.3,0.06
2024,69103,켈리,5.46,1.98,2.76,1.03,13.90%,5.10%,8.90%,1.37,0.309,67.50%,4.51,4.84,-0.33
2024,69032,쿠에바스,8,3.06,2.61,0.88,20.90%,8.00%,12.90%,1.25,0.282,68.90%,4.1,4.39,-0.29
2024,64350,하영민,6.05,3.47,1.74,0.48,15.10%,8.60%,6.40%,1.5,0.321,67.80%,4.37,4.35,0.02
2024,54930,하트,10.43,2.18,4.79,0.63,28.80%,6.00%,22.80%,1.03,0.29,77.40%,2.69,3.28,-0.58
2024,68092,한두솔,10.31,4.7,2.19,0.46,24.90%,11.40%,13.60%,1.57,0.351,61.00%,5.01,3.83,1.17
2024,66557,한승혁,9.19,5.46,1.68,0.29,22.10%,13.10%,9.00%,1.61,0.341,65.30%,5.03,4.23,0.8
2024,62363,한현희,8.25,2.83,2.92,0.83,20.50%,7.00%,13.50%,1.52,0.368,69.70%,5.19,4.44,0.74
2024,54354,헤이수스,9.35,2.31,4.05,1.16,24.50%,6.00%,18.40%,1.25,0.317,76.20%,3.68,4.36,-0.68
2024,61643,홍건희,6.83,5.01,1.36,0.76,17.00%,12.50%,4.50%,1.48,0.284,82.60%,2.73,5.25,-2.52
2024,52641,황동하,7.05,3.83,1.84,1.13,17.50%,9.50%,8.00%,1.48,0.302,67.90%,4.44,5.33,-0.88
2024,54729,황준서,8.75,6.38,1.37,1.13,20.50%,15.00%,5.60%,1.82,0.345,74.60%,5.38,5.76,-0.39
2024,53375,후라도,7.99,1.51,5.28,0.9,21.70%,4.10%,17.60%,1.14,0.302,74.20%,3.36,3.92,-0.56
2025,55460,가라비토,9.65,4.25,2.27,0.69,25.70%,11.30%,14.40%,1.19,0.258,75.10%,2.64,3.94,-1.3
2025,55532,감보아,9.75,4.08,2.39,0.5,24.60%,10.30%,14.30%,1.35,0.304,67.80%,3.58,3.47,0.11
2025,64001,고영표,8.61,1.68,5.13,0.56,22.50%,4.40%,18.10%,1.24,0.336,72.10%,3.3,3.18,0.12
2025,68220,곽빈,8.81,3.38,2.61,0.74,23.00%,8.80%,14.20%,1.25,0.284,66.50%,4.2,3.74,0.46
2025,65522,김강현,4.5,2.63,1.71,1.13,11.80%,6.90%,4.90%,1.25,0.258,71.10%,4,5.24,-1.24
2025,51867,김건우,9.27,6.68,1.39,0.27,22.60%,16.30%,6.30%,1.55,0.291,73.40%,3.82,4.32,-0.5
2025,77829,김광현,8.63,3.13,2.76,0.81,21.70%,7.90%,13.80%,1.49,0.35,66.10%,5,3.83,1.17
2025,52995,김녹원,4.76,6.04,0.79,1.29,11.30%,14.40%,-3.10%,1.74,0.283,64.90%,6.56,6.39,0.17
2025,68043,김민,9.19,2.4,3.82,0.99,24.40%,6.40%,18.00%,1.21,0.31,82.00%,2.97,3.92,-0.95
2025,65048,김민수,6.15,2.56,2.4,0.85,15.70%,6.50%,9.10%,1.48,0.335,66.70%,4.96,4.22,0.73
2025,53754,김서현,9.68,4.23,2.29,0.55,25.40%,11.10%,14.30%,1.26,0.289,79.60%,3.14,3.85,-0.72
2025,66018,김선기,4.96,5.42,0.91,0.69,11.30%,12.30%,-1.00%,1.83,0.328,68.00%,5.65,5.57,0.08
2025,54368,김연주,4.88,4.35,1.12,1.74,11.20%,10.00%,1.20%,1.78,0.315,69.00%,6.62,6.68,-0.06
2025,55167,김영우,8.4,4.5,1.87,0.3,22.00%,11.80%,10.20%,1.32,0.287,82.10%,2.4,3.66,-1.26
2025,62528,김원중,10.24,4.9,2.09,0.59,25.40%,12.10%,13.20%,1.5,0.329,82.40%,2.67,3.76,-1.09
2025,54319,김윤하,5.32,4.5,1.18,1.64,12.30%,10.40%,1.90%,1.78,0.316,61.00%,6.14,6.23,-0.09
2025,69745,김도현,5.1,2.37,2.15,0.79,12.70%,5.90%,6.80%,1.45,0.317,64.00%,4.81,4.48,0.33
2025,65062,김재윤,6.71,2.03,3.31,1.56,17.80%,5.40%,12.40%,1.21,0.269,64.90%,4.99,4.94,0.06
2025,63765,김종수,8.34,5.09,1.64,0.71,20.90%,12.80%,8.20%,1.46,0.292,74.40%,3.25,4.5,-1.25
2025,75867,김진성,8.02,3.06,2.63,0.89,21.60%,8.20%,13.40%,1.2,0.274,75.80%,3.44,3.97,-0.53
2025,67954,김진호,8.71,5.6,1.56,0.62,22.20%,14.20%,7.90%,1.35,0.257,77.00%,3.36,4.65,-1.29
2025,62360,김태훈,10.04,3.53,2.85,1.09,25.80%,9.10%,16.70%,1.39,0.328,72.50%,4.48,4.05,0.43
2025,54263,김택연,10.72,4.21,2.55,0.81,28.10%,11.00%,17.10%,1.18,0.256,69.70%,3.53,3.87,-0.34
2025,67539,나균안,7.6,3.28,2.32,0.85,19.30%,8.30%,11.00%,1.41,0.312,72.90%,3.87,4.19,-0.32
2025,54640,네일,8.32,2.25,3.71,0.33,22.90%,6.20%,16.70%,1.07,0.287,79.40%,2.25,3.09,-0.85
2025,73211,노경은,7.65,2.81,2.72,0.23,21.30%,7.80%,13.40%,1.06,0.261,77.50%,2.14,3.12,-0.98
2025,55536,데이비슨,8.68,3.5,2.48,0.73,22.50%,9.10%,13.40%,1.39,0.326,75.90%,3.65,3.86,-0.21
2025,55903,라일리,11.3,2.93,3.86,0.94,30.50%,7.90%,22.60%,1.12,0.284,70.10%,3.45,3.32,0.13
2025,54443,레예스,6.3,2.16,2.92,0.9,16.30%,5.60%,10.70%,1.26,0.288,67.80%,4.14,4.24,-0.1
2025,55912,로건,7.75,3.49,2.22,0.94,19.40%,8.70%,10.60%,1.43,0.308,68.60%,4.53,4.41,0.12
2025,55322,로젠버그,9.56,2.99,3.2,0.6,25.00%,7.80%,17.20%,1.17,0.282,69.40%,3.23,3.34,-0.11
2025,65949,류진욱,7.77,3.82,2.04,0.82,20.70%,10.20%,10.50%,1.18,0.247,75.40%,3.27,4.44,-1.17
2025,76715,류현진,7.88,1.61,4.88,0.78,21.30%,4.40%,16.90%,1.21,0.321,76.20%,3.23,3.44,-0.21
2025,53973,목지훈,6.98,6.52,1.07,0.93,16.10%,15.00%,1.10%,1.9,0.341,68.50%,6.05,5.67,0.38
2025,52701,문동주,10.04,2.31,4.35,0.52,26.90%,6.20%,20.80%,1.18,0.323,65.30%,4.02,2.81,1.21
2025,62869,문승원,5.21,3.25,1.61,1.37,13.50%,8.40%,5.10%,1.4,0.28,70.20%,5.13,5.49,-0.36
2025,67703,박상원,7.02,2.84,2.48,0.54,17.70%,7.10%,10.50%,1.32,0.301,67.50%,4.19,3.97,0.22
2025,64021,박세웅,8.74,3.02,2.89,0.84,21.60%,7.50%,14.10%,1.48,0.344,65.20%,4.93,3.87,1.06
2025,50812,박시후,5.85,4.99,1.17,0.86,14.70%,12.60%,2.20%,1.41,0.253,76.40%,3.27,5.34,-2.07
2025,68249,박신지,5.4,4.35,1.24,0.45,13.60%,11.00%,2.70%,1.4,0.272,76.70%,2.85,4.59,-1.74
2025,52060,박영현,10.04,4.43,2.26,1.17,25.20%,11.10%,14.10%,1.48,0.322,79.90%,3.39,4.47,-1.08
2025,53301,박윤성,6.97,3.31,2.11,1.57,17.70%,8.40%,9.30%,1.43,0.293,70.50%,4.53,5.32,-0.79
2025,69328,박주성,4.5,2.77,1.63,1.56,11.10%,6.80%,4.30%,1.52,0.298,60.50%,6.58,5.79,0.79
2025,69594,박진,6.49,2.86,2.27,1.3,16.60%,7.30%,9.30%,1.41,0.301,67.10%,5.32,4.87,0.45
2025,67266,박치국,8.23,3.03,2.71,0.58,21.00%,7.70%,13.30%,1.27,0.297,63.40%,3.75,3.8,-0.04
2025,64995,배재환,7.61,5.52,1.38,0.45,18.80%,13.70%,5.20%,1.41,0.266,65.40%,4.48,4.79,-0.31
2025,55455,배찬승,10.13,6.04,1.68,0.53,24.50%,14.60%,9.90%,1.66,0.343,74.60%,3.91,4.1,-0.19
2025,54610,성영탁,5.16,2.24,2.31,0.34,15.20%,6.60%,8.60%,0.97,0.235,83.00%,1.55,3.54,-1.99
2025,50030,소형준,7.51,1.77,4.24,0.37,19.90%,4.70%,15.20%,1.25,0.327,71.10%,3.3,2.96,0.34
2025,69041,손동현,8.44,1.84,4.58,0.92,21.40%,4.70%,16.70%,1.33,0.331,70.20%,3.84,3.67,0.17
2025,67143,손주영,7.76,2.88,2.69,0.47,20.50%,7.60%,12.90%,1.32,0.322,71.40%,3.41,3.44,-0.03
2025,54904,손주환,6.45,3.31,1.95,0.87,16.50%,8.50%,8.00%,1.39,0.296,66.70%,4.35,4.43,-0.08
2025,51111,송승기,7.81,3.06,2.55,0.94,19.90%,7.80%,12.10%,1.38,0.305,77.50%,3.5,4.1,-0.6
2025,53898,송영진,5.68,4.41,1.29,1.42,13.90%,10.80%,3.10%,1.71,0.328,68.00%,5.83,5.84,-0.02
2025,68902,신민혁,5.73,1.77,3.23,1.57,14.80%,4.60%,10.20%,1.32,0.291,70.40%,4.77,5.16,-0.39
2025,69045,알칸타라,6.84,0.74,9.2,0.82,18.70%,2.00%,16.70%,1.12,0.304,72.00%,3.27,3.45,-0.18
2025,54833,앤더슨,12.84,2.67,4.8,0.68,35.30%,7.30%,28.00%,1,0.287,78.60%,2.25,2.62,-0.37
2025,68415,양창섭,6.43,2.71,2.37,0.43,16.30%,6.90%,9.40%,1.37,0.32,72.70%,3.43,3.97,-0.54
2025,77637,양현종,6.41,3.35,1.91,0.71,16.10%,8.40%,7.70%,1.49,0.321,60.90%,5.06,4.23,0.82
2025,65056,엄상백,8.26,4.24,1.95,1.45,19.50%,10.00%,9.50%,1.79,0.378,68.80%,6.58,5.42,1.17
2025,54119,에르난데스,9.95,3.27,3.04,0.95,26.40%,8.70%,17.80%,1.17,0.275,69.30%,4.23,3.93,0.3
2025,67116,오석주,6.79,4.47,1.52,0.62,17.50%,11.50%,6.00%,1.39,0.286,77.70%,3.7,4.68,-0.98
2025,50859,오원석,7.69,3.54,2.17,0.68,20.00%,9.20%,10.80%,1.38,0.311,73.30%,3.67,3.99,-0.32
2025,55633,올러,10.21,2.84,3.6,0.48,27.30%,7.60%,19.70%,1.15,0.302,68.70%,3.62,2.98,0.64
2025,54755,와이스,10.43,2.82,3.7,0.65,28.60%,7.70%,20.80%,1.02,0.261,74.80%,2.87,3.23,-0.36
2025,54063,원상현,7.11,5.53,1.29,1.26,17.40%,13.50%,3.90%,1.6,0.282,70.50%,5.21,5.58,-0.37
2025,76118,원종현,6.63,2.98,2.22,0.83,16.10%,7.30%,8.90%,1.58,0.346,57.30%,6.13,4.33,1.8
2025,69446,원태인,5.83,1.46,4,1.08,16.10%,4.00%,12.10%,1.1,0.269,76.50%,3.24,4.3,-1.06
2025,53613,윤영철,7.74,5.4,1.43,0.72,18.90%,13.20%,5.70%,1.64,0.322,59.40%,5.58,4.62,0.96
2025,53892,이로운,7.71,3.04,2.54,0.82,21.60%,8.50%,13.10%,1.06,0.238,87.30%,1.99,3.92,-1.94
2025,52530,이민석,6.29,5.77,1.09,1.03,14.60%,13.40%,1.20%,1.83,0.326,71.60%,5.26,5.53,-0.27
2025,50464,이승민,7.41,3.64,2.04,0.7,18.90%,9.30%,9.60%,1.35,0.29,63.90%,3.78,4.16,-0.38
2025,51454,이승현,6.57,4.09,1.61,0.89,15.70%,9.80%,5.90%,1.65,0.334,69.10%,5.42,4.89,0.52
2025,66291,이영하,9.72,5.27,1.85,0.54,24.10%,13.00%,11.00%,1.53,0.331,73.20%,4.05,4.09,-0.04
2025,53455,이호성,11.22,4.72,2.38,1.14,27.40%,11.50%,15.90%,1.5,0.324,54.50%,6.34,4.28,2.07
2025,61101,임찬규,6.01,2.25,2.68,0.51,16.00%,6.00%,10.00%,1.27,0.303,75.40%,3.03,3.7,-0.67
2025,55239,잭로그,7.98,1.99,4,0.41,21.60%,5.40%,16.20%,1.05,0.275,71.30%,2.81,3.22,-0.4
2025,69969,전사민,6.78,3.61,1.88,0.33,16.80%,8.90%,7.80%,1.45,0.318,67.60%,4.26,4.01,0.25
2025,66609,전상현,6.43,2.57,2.5,0.51,17.20%,6.90%,10.30%,1.2,0.28,69.70%,3.34,3.7,-0.36
2025,52809,전영준,9.4,4.44,2.12,0.85,24.10%,11.40%,12.70%,1.41,0.314,70.80%,4.61,4.36,0.26
2025,55743,정우주,13.75,3.52,3.9,1.01,36.00%,9.20%,26.80%,1.02,0.257,83.00%,2.85,3.57,-0.72
2025,68242,정철원,7.07,3.6,1.96,0.51,17.60%,9.00%,8.70%,1.43,0.312,72.00%,4.24,4.12,0.13
2025,50662,정해영,10.51,2.63,4,0.58,26.20%,6.50%,19.60%,1.51,0.399,73.00%,3.79,2.97,0.82
2025,55313,정현우,6.09,5.31,1.15,0.89,14.30%,12.50%,1.80%,1.72,0.315,61.60%,5.86,5.36,0.5
2025,54768,조동욱,6.45,4.35,1.48,0.6,15.20%,10.20%,4.90%,1.77,0.36,77.60%,4.05,4.53,-0.48
2025,51897,조병현,10.56,2.41,4.39,0.67,31.00%,7.10%,23.90%,0.89,0.242,88.70%,1.6,2.86,-1.26
2025,63342,조상우,8.25,4.05,2.04,0.75,20.30%,10.00%,10.30%,1.52,0.331,75.60%,3.9,4.34,-0.44
2025,69360,조영건,5.45,4.4,1.24,1.39,13.30%,10.80%,2.50%,1.57,0.286,68.70%,5.68,5.86,-0.19
2025,55268,최민석,6.14,3.94,1.56,0.81,15.90%,10.20%,5.70%,1.36,0.278,69.20%,4.4,4.76,-0.35
2025,68856,최민준,6.03,3.29,1.83,0.82,15.30%,8.40%,7.00%,1.46,0.314,71.70%,3.97,4.53,-0.55
2025,51264,최승용,5.49,2.79,1.97,0.62,14.00%,7.10%,6.90%,1.35,0.293,67.90%,4.41,4.2,0.21
2025,67263,최원준,5.21,3.2,1.63,1.51,13.60%,8.30%,5.30%,1.34,0.26,72.20%,4.71,5.65,-0.94
2025,65320,최원태,7.89,3.69,2.14,0.94,19.70%,9.20%,10.50%,1.44,0.313,68.90%,4.92,4.57,0.35
2025,50556,최준용,10.27,2.65,3.88,0.83,26.50%,6.80%,19.70%,1.21,0.31,56.90%,5.3,3.57,1.73
2025,52639,최지민,6.58,8.61,0.76,0.84,15.40%,20.20%,-4.70%,1.82,0.266,64.90%,6.58,6.29,0.29
2025,55146,치리노스,6.97,1.83,3.81,0.25,18.60%,4.90%,13.70%,1.18,0.305,69.70%,3.31,3.03,0.28
2025,55257,콜어빈,7.96,4.91,1.62,0.56,19.70%,12.20%,7.60%,1.53,0.32,70.20%,4.48,4.49,-0.02
2025,69032,쿠에바스,5.49,4.21,1.3,1.19,13.50%,10.30%,3.10%,1.53,0.283,62.90%,5.4,5.5,-0.1
2025,55032,패트릭,6.68,3.12,2.14,0.3,16.90%,7.90%,9.00%,1.38,0.31,72.10%,3.12,3.53,-0.41
2025,55730,폰세,12.55,2.04,6.15,0.5,36.20%,5.90%,30.30%,0.94,0.304,83.20%,1.89,2.15,-0.26
2025,64350,하영민,7.87,2.41,3.27,0.76,20.00%,6.10%,13.90%,1.37,0.331,64.20%,4.99,3.78,1.21
2025,66557,한승혁,7.45,3.23,2.3,0.56,19.70%,8.60%,11.20%,1.23,0.286,84.60%,2.25,4.01,-1.76
2025,54354,헤이수스,9.07,2.42,3.75,0.93,23.20%,6.20%,17.00%,1.33,0.326,69.60%,3.96,3.73,0.23
2025,55855,화이트,9.16,2.94,3.11,0.6,24.40%,7.80%,16.50%,1.15,0.28,74.50%,2.87,3.44,-0.56
2025,54729,황준서,9.16,4.18,2.19,1.13,23.60%,10.70%,12.80%,1.43,0.313,62.30%,5.3,4.53,0.77
2025,53375,후라도,6.48,1.64,3.94,0.78,18.10%,4.60%,13.50%,1.08,0.273,78.70%,2.6,3.73,-1.13
