year,player_id,선수명,팀명,G,SBA,SB,CS,SB%,OOB,PKO
2021,63123,강승호,두산,113,10,8,2,80,3,0
2021,79290,국해성,두산,4,0,0,0,,0,0
2021,68204,권민석,두산,33,0,0,0,,0,0
2021,50203,권휘,두산,2,0,0,0,,0,0
2021,77263,김강률,두산,8,0,0,0,,0,0
2021,67246,김명신,두산,4,0,0,0,,0,0
2021,68200,김민규,두산,2,0,0,0,,0,0
2021,65269,김민혁,두산,6,0,0,0,,0,0
2021,63257,김인태,두산,133,2,0,2,0,4,1
2021,74206,김재호,두산,89,2,1,1,50,2,0
2021,78224,김재환,두산,137,5,2,3,40,4,1
2021,69104,남호,두산,1,0,0,0,,0,0
2021,67259,문원,두산,1,0,0,0,,0,0
2021,79215,박건우,두산,126,13,13,0,100,6,0
2021,79215,박건우,두산,126,13,13,0,100,6,0
2021,64468,박계범,두산,118,7,4,3,57.1,4,0
2021,51298,박성재,두산,1,0,0,0,,0,0
2021,62244,박세혁,두산,96,6,4,2,66.7,1,0
2021,63292,박소준,두산,1,0,0,0,,0,0
2021,50204,박지훈,두산,34,4,3,1,75,1,0
2021,67266,박치국,두산,1,0,0,0,,0,0
2021,63559,백동훈,두산,5,0,0,0,,0,0
2021,66203,서예일,두산,5,0,0,0,,0,0
2021,64086,신성현,두산,11,0,0,0,,1,0
2021,50202,안권수,두산,87,3,3,0,100,0,0
2021,51203,안재석,두산,96,1,1,0,100,1,2
2021,64153,양석환,두산,133,5,2,3,40,6,0
2021,50208,오명진,두산,2,0,0,0,,0,0
2021,77248,오재원,두산,45,2,2,0,100,0,2
2021,62242,윤명준,두산,4,0,0,0,,0,0
2021,69205,이교훈,두산,2,0,0,0,,0,0
2021,64805,이승진,두산,1,0,0,0,,0,0
2021,66291,이영하,두산,1,0,0,0,,0,0
2021,63202,장승현,두산,92,0,0,0,,4,0
2021,68205,전민재,두산,9,0,0,0,,0,0
2021,79231,정수빈,두산,104,19,12,7,63.2,1,3
2021,66209,조수행,두산,115,25,21,4,84,2,1
2021,64213,최용제,두산,79,0,0,0,,0,0
2021,69209,페르난데스,두산,141,2,0,2,0,4,0
2021,79240,허경민,두산,136,12,5,7,41.7,2,0
2021,61643,홍건희,두산,1,0,0,0,,0,0
2021,66207,황경태,두산,1,0,0,0,,0,0
2021,66710,강상원,한화,35,3,3,0,100,1,1
2021,50705,강재민,한화,2,0,0,0,,0,0
2021,69702,김건,한화,5,0,0,0,,0,0
2021,67711,김기탁,한화,1,0,0,0,,0,0
2021,61554,김민하,한화,46,9,6,3,66.7,3,1
2021,63765,김종수,한화,1,0,0,0,,0,0
2021,65503,김지수,한화,11,0,0,0,,0,0
2021,71752,김태균,한화,1,0,0,0,,0,0
2021,66704,김태연,한화,53,8,5,3,62.5,2,1
2021,63704,노수광,한화,52,14,13,1,92.9,5,1
2021,69737,노시환,한화,107,7,5,2,71.4,4,2
2021,64704,노태형,한화,18,0,0,0,,0,0
2021,66707,박상언,한화,1,0,0,0,,0,0
2021,50709,박정현,한화,33,1,1,0,100,1,0
2021,78643,백용환,한화,39,0,0,0,,1,0
2021,61156,송윤준,한화,1,0,0,0,,0,0
2021,51767,송호정,한화,10,0,0,0,,0,1
2021,60140,신정락,한화,1,0,0,0,,0,0
2021,69766,유로결,한화,34,3,2,1,66.7,1,0
2021,63464,윤대경,한화,1,0,0,0,,0,0
2021,63961,윤호솔,한화,1,0,0,0,,0,0
2021,65703,이도윤,한화,56,3,1,2,33.3,0,0
2021,64266,이성곤,한화,62,3,0,3,0,0,0
2021,73136,이성열,한화,46,1,1,0,100,3,0
2021,66702,이시원,한화,33,4,2,2,50,1,0
2021,68700,이원석,한화,43,6,4,2,66.7,2,0
2021,60343,이해창,한화,20,1,0,1,0,0,0
2021,50704,임종찬,한화,42,1,0,1,0,1,0
2021,62611,임준섭,한화,1,0,0,0,,0,0
2021,51762,장규현,한화,7,0,0,0,,0,0
2021,79764,장민재,한화,1,0,0,0,,0,0
2021,63700,장운호,한화,103,9,3,6,33.3,4,2
2021,51706,장지승,한화,24,2,2,0,100,1,0
2021,51764,정민규,한화,6,0,0,0,,0,0
2021,74857,정우람,한화,4,0,0,0,,0,0
2021,68743,정은원,한화,139,30,19,11,63.3,6,1
2021,61208,정진호,한화,47,5,4,1,80,2,0
2021,69705,조한민,한화,52,5,3,2,60,1,1
2021,50707,최인호,한화,49,3,2,1,66.7,1,0
2021,78288,최재훈,한화,116,5,3,2,60,7,0
2021,51714,페레즈,한화,59,9,4,5,44.4,2,0
2021,62700,하주석,한화,138,29,23,6,79.3,6,2
2021,69706,허관회,한화,28,0,0,0,,1,1
2021,51725,힐리,한화,67,3,2,1,66.7,2,0
2021,61700,강경학,KIA,25,1,1,0,100,1,0
2021,51640,권다결,KIA,5,0,0,0,,0,0
2021,66614,김규성,KIA,54,1,0,1,0,0,0
2021,62864,김민식,KIA,100,0,0,0,,5,0
2021,67610,김석환,KIA,5,0,0,0,,0,0
2021,78603,김선빈,KIA,130,0,0,0,,4,0
2021,64984,김태진,KIA,99,13,8,5,61.5,2,0
2021,65653,김호령,KIA,62,5,4,1,80,1,2
2021,73209,나주환,KIA,19,0,0,0,,0,0
2021,78629,나지완,KIA,31,0,0,0,,0,0
2021,62234,류지혁,KIA,92,0,0,0,,0,0
2021,50657,박민,KIA,18,1,0,1,0,0,0
2021,67609,박정우,KIA,32,2,0,2,0,1,0
2021,64646,박찬호,KIA,131,13,9,4,69.2,7,0
2021,69636,오선우,KIA,9,0,0,0,,0,0
2021,68614,오정환,KIA,9,0,0,0,,0,0
2021,62265,유민상,KIA,24,0,0,0,,0,0
2021,63260,이우성,KIA,65,3,2,1,66.7,2,0
2021,67644,이정훈,KIA,41,0,0,0,,2,0
2021,66657,이진영,KIA,17,1,1,0,100,0,0
2021,64560,이창진,KIA,105,5,5,0,100,4,1
2021,63950,장현식,KIA,1,0,0,0,,0,0
2021,50662,정해영,KIA,3,0,0,0,,0,0
2021,66606,최원준,KIA,143,53,40,13,75.5,6,4
2021,62893,최정민,KIA,39,5,2,3,40,0,0
2021,65464,최정용,KIA,53,2,2,0,100,1,0
2021,72443,최형우,KIA,104,0,0,0,,6,0
2021,69652,터커,KIA,127,0,0,0,,4,1
2021,63722,한승택,KIA,82,0,0,0,,1,0
2021,65610,황대인,KIA,86,0,0,0,,0,0
2021,62908,황윤호,KIA,6,0,0,0,,0,0
2021,50393,김동욱,키움,1,0,0,0,,0,0
2021,50304,김병휘,키움,13,0,0,0,,0,0
2021,67828,김성민,키움,5,0,0,0,,0,0
2021,51301,김성진,키움,3,0,0,0,,0,0
2021,68346,김수환,키움,13,0,0,0,,0,0
2021,65898,김웅빈,키움,97,2,1,1,50,6,0
2021,65304,김은성,키움,6,0,0,0,,0,0
2021,67391,김재웅,키움,3,0,0,0,,0,0
2021,62332,김재현,키움,39,1,0,1,0,0,0
2021,65392,김정인,키움,3,0,0,0,,0,0
2021,69306,김주형,키움,36,1,1,0,100,0,0
2021,62360,김태훈,키움,5,0,0,0,,0,0
2021,67304,김혜성,키움,144,50,46,4,92,4,1
2021,51344,김휘집,키움,34,1,1,0,100,1,0
2021,60336,문성현,키움,1,0,0,0,,0,0
2021,50365,문찬종,키움,13,0,0,0,,0,0
2021,50397,박관진,키움,1,0,0,0,,0,0
2021,79365,박동원,키움,131,2,2,0,100,4,0
2021,75125,박병호,키움,118,1,0,1,0,0,0
2021,66305,박승주,키움,1,0,0,0,,0,0
2021,62353,박정음,키움,70,6,4,2,66.7,0,0
2021,50357,박주홍,키움,23,2,1,1,50,0,0
2021,64657,박준태,키움,27,1,1,0,100,2,0
2021,68305,변상권,키움,72,0,0,0,,1,0
2021,65357,송성문,키움,66,0,0,0,,2,0
2021,65362,송우현,키움,69,2,1,1,50,2,0
2021,50312,신준우,키움,56,1,0,1,0,3,0
2021,61268,양현,키움,4,0,0,0,,0,0
2021,68330,예진원,키움,52,1,0,1,0,2,0
2021,74359,오주원,키움,2,0,0,0,,0,0
2021,69399,윤정현,키움,1,0,0,0,,0,0
2021,69366,이명기,키움,3,0,0,0,,0,0
2021,67603,이승호,키움,3,0,0,0,,0,0
2021,74163,이용규,키움,133,19,17,2,89.5,3,0
2021,67341,이정후,키움,123,13,10,3,76.9,2,1
2021,51302,이주형,키움,5,0,0,0,,0,0
2021,79456,이지영,키움,108,4,3,1,75,3,1
2021,64340,임지열,키움,19,1,0,1,0,0,0
2021,51359,장재영,키움,1,0,0,0,,0,0
2021,65586,전병우,키움,115,4,3,1,75,0,0
2021,63342,조상우,키움,4,0,0,0,,0,0
2021,69360,조영건,키움,1,0,0,0,,0,0
2021,51309,크레익,키움,61,1,0,1,0,1,0
2021,51324,프레이타스,키움,43,0,0,0,,1,0
2021,65399,허정협,키움,29,0,0,0,,0,0
2021,64906,강민국,KT,18,0,0,0,,1,0
2021,68050,강백호,KT,142,15,10,5,66.7,10,2
2021,68069,고명성,KT,7,0,0,0,,0,0
2021,64001,고영표,KT,1,0,0,0,,0,0
2021,51003,권동진,KT,86,6,3,3,50,5,0
2021,51005,김건형,KT,11,1,1,0,100,0,0
2021,65048,김민수,KT,6,0,0,0,,0,0
2021,64004,김민혁,KT,75,9,6,3,66.7,3,0
2021,64014,김병희,KT,34,3,3,0,100,0,0
2021,65062,김재윤,KT,8,0,0,0,,0,0
2021,62558,김준태,KT,58,0,0,0,,0,0
2021,65040,김태훈,KT,44,1,1,0,100,0,0
2021,64007,문상철,KT,53,2,2,0,100,0,1
2021,73113,박경수,KT,118,1,0,1,0,3,0
2021,62802,박승욱,KT,8,1,1,0,100,0,0
2021,60559,박시영,KT,3,0,0,0,,0,0
2021,64166,배정대,KT,144,26,19,7,73.1,2,0
2021,64012,송민섭,KT,122,16,15,1,93.8,0,0
2021,62556,신본기,KT,96,3,1,2,33.3,2,1
2021,64006,심우준,KT,139,22,16,6,72.7,3,1
2021,64017,심재민,KT,3,0,0,0,,0,0
2021,73738,안영명,KT,1,0,0,0,,0,0
2021,51004,알몬테,KT,60,1,1,0,100,2,0
2021,64504,오윤석,KT,97,4,4,0,100,1,0
2021,76757,유원상,KT,1,0,0,0,,0,0
2021,74339,유한준,KT,104,1,1,0,100,1,0
2021,67008,이대은,KT,1,0,0,0,,0,0
2021,65057,이창재,KT,1,0,0,0,,0,0
2021,63634,이홍구,KT,37,0,0,0,,0,0
2021,78548,장성우,KT,127,3,1,2,33.3,3,0
2021,64868,조용호,KT,138,21,12,9,57.1,1,0
2021,64047,조현우,KT,3,0,0,0,,0,0
2021,50054,천성호,KT,41,1,1,0,100,0,0
2021,78517,하준호,KT,2,0,0,0,,0,0
2021,77243,허도환,KT,62,0,0,0,,3,0
2021,68730,호잉,KT,68,7,5,2,71.4,1,0
2021,67005,홍현빈,KT,43,1,0,1,0,3,0
2021,76313,황재균,KT,117,15,11,4,73.3,4,0
2021,67119,고우석,LG,5,0,0,0,,0,0
2021,69100,구본혁,LG,123,0,0,0,,0,0
2021,77564,김민성,LG,121,6,3,3,50,3,1
2021,78217,김용의,LG,102,6,6,0,100,2,1
2021,65132,김재성,LG,58,1,1,0,100,0,0
2021,66162,김주성,LG,3,0,0,0,,0,0
2021,60181,김지용,LG,1,0,0,0,,0,0
2021,51154,김진수,LG,1,0,0,0,,0,0
2021,76290,김현수,LG,140,3,3,0,100,5,1
2021,66113,김호은,LG,7,0,0,0,,0,0
2021,50165,라모스,LG,51,0,0,0,,2,0
2021,63103,류원석,LG,1,0,0,0,,0,0
2021,69102,문보경,LG,107,4,3,1,75,1,0
2021,68119,문성주,LG,31,2,1,1,50,1,1
2021,51144,보어,LG,32,0,0,0,,0,0
2021,78168,서건창,LG,144,16,12,4,75,3,0
2021,50150,손호영,LG,8,0,0,0,,0,0
2021,65207,신민재,LG,32,3,2,1,66.7,1,1
2021,65115,안익훈,LG,48,0,0,0,,0,0
2021,79109,오지환,LG,134,18,12,6,66.7,6,2
2021,61102,유강남,LG,130,2,2,0,100,2,2
2021,65117,이상규,LG,3,0,0,0,,0,0
2021,69168,이상영,LG,3,0,0,0,,0,0
2021,60566,이상호,LG,45,3,2,1,66.7,0,0
2021,71184,이성우,LG,36,0,0,0,,1,0
2021,51100,이영빈,LG,72,9,6,3,66.7,2,0
2021,61145,이우찬,LG,1,0,0,0,,0,0
2021,68106,이재원,LG,62,6,5,1,83.3,5,0
2021,69134,이정용,LG,1,0,0,0,,0,0
2021,50167,이주형,LG,14,3,2,1,66.7,0,0
2021,67164,이찬혁,LG,1,0,0,0,,0,0
2021,61186,이천웅,LG,68,5,3,2,60,0,0
2021,78135,이형종,LG,90,4,3,1,75,2,0
2021,64115,장준원,LG,5,0,0,0,,0,0
2021,79150,정주현,LG,73,6,3,3,50,1,0
2021,76650,진해수,LG,2,0,0,0,,0,0
2021,65241,채원후,LG,4,0,0,0,,0,0
2021,79192,채은성,LG,110,6,4,2,66.7,2,3
2021,65157,최민창,LG,3,0,0,0,,0,0
2021,62146,최성훈,LG,5,0,0,0,,0,0
2021,64101,한석현,LG,16,2,2,0,100,1,0
2021,66108,홍창기,LG,144,31,23,8,74.2,5,3
2021,65515,강로한,롯데,21,0,0,0,,0,0
2021,79358,강윤구,롯데,1,0,0,0,,0,0
2021,65514,강태율,롯데,19,1,0,1,0,0,0
2021,67504,김민수,롯데,82,0,0,0,,4,1
2021,62528,김원중,롯데,3,0,0,0,,0,0
2021,64596,김유영,롯데,2,0,0,0,,0,0
2021,65506,김재유,롯데,87,7,7,0,100,0,1
2021,66749,김주현,롯데,8,0,0,0,,0,0
2021,67539,나균안,롯데,1,0,0,0,,0,0
2021,51551,나승엽,롯데,60,1,1,0,100,0,0
2021,67454,나원탁,롯데,1,0,0,0,,0,0
2021,50506,마차도,롯데,134,13,8,5,61.5,8,1
2021,76249,민병헌,롯데,14,1,0,1,0,1,0
2021,64501,배성근,롯데,78,1,1,0,100,2,0
2021,51528,손성빈,롯데,20,0,0,0,,0,0
2021,77532,손아섭,롯데,139,17,11,6,64.7,7,0
2021,51594,송재영,롯데,1,0,0,0,,0,0
2021,69508,신윤후,롯데,71,4,3,1,75,3,0
2021,64022,안중열,롯데,58,0,0,0,,0,1
2021,79608,안치홍,롯데,119,9,3,6,33.3,4,0
2021,79293,오현택,롯데,1,0,0,0,,0,0
2021,71564,이대호,롯데,114,0,0,0,,3,0
2021,76100,이병규,롯데,29,0,0,0,,0,0
2021,64565,이인복,롯데,1,0,0,0,,0,0
2021,51560,이주찬,롯데,3,0,0,0,,0,0
2021,68504,이호연,롯데,7,0,0,0,,0,0
2021,68507,장두성,롯데,43,6,4,2,66.7,0,1
2021,78513,전준우,롯데,144,9,6,3,66.7,4,0
2021,68518,정보근,롯데,11,1,0,1,0,0,0
2021,60523,정훈,롯데,135,9,8,1,88.9,13,2
2021,64717,지시완,롯데,73,0,0,0,,1,0
2021,63895,최민재,롯데,21,2,2,0,100,1,0
2021,51574,최종은,롯데,1,0,0,0,,0,0
2021,68362,추재현,롯데,95,7,4,3,57.1,1,1
2021,68525,한동희,롯데,129,1,0,1,0,2,0
2021,62925,강진성,NC,124,12,9,3,75,7,0
2021,63963,권희동,NC,55,2,2,0,100,1,0
2021,60339,김건태,NC,1,0,0,0,,0,0
2021,65462,김기환,NC,62,19,15,4,78.9,3,3
2021,67900,김수윤,NC,7,0,0,0,,0,0
2021,68900,김영규,NC,1,0,0,0,,0,0
2021,51907,김주원,NC,69,8,6,2,75,1,0
2021,63920,김준완,NC,13,0,0,0,,0,0
2021,75867,김진성,NC,1,0,0,0,,0,0
2021,78122,김태군,NC,102,1,0,1,0,1,0
2021,67956,김태현,NC,1,0,0,0,,0,0
2021,62947,나성범,NC,144,3,1,2,33.3,0,0
2021,69996,노시훈,NC,1,0,0,0,,0,0
2021,62931,노진혁,NC,107,2,1,1,50,0,1
2021,66965,도태훈,NC,77,1,1,0,100,0,0
2021,65949,류진욱,NC,1,0,0,0,,0,0
2021,78813,모창민,NC,3,1,0,1,0,0,0
2021,64944,박대온,NC,42,0,0,0,,0,0
2021,62907,박민우,NC,50,15,12,3,80,3,0
2021,74465,박석민,NC,59,0,0,0,,1,0
2021,50996,박시원,NC,1,0,0,0,,0,0
2021,66928,박준영,NC,111,7,4,3,57.1,2,1
2021,69974,배민서,NC,2,0,0,0,,0,0
2021,68902,신민혁,NC,1,0,0,0,,0,0
2021,50901,안인산,NC,2,0,0,0,,0,0
2021,50923,알테어,NC,143,25,20,5,80,5,0
2021,76232,양의지,NC,141,3,2,1,66.7,6,0
2021,51991,오장한,NC,1,0,0,0,,0,0
2021,51996,오태양,NC,1,0,0,0,,0,0
2021,76118,원종현,NC,4,0,0,0,,0,0
2021,63905,윤형준,NC,51,1,0,1,0,2,0
2021,76849,이명기,NC,56,9,6,3,66.7,2,0
2021,77211,이용찬,NC,6,0,0,0,,0,0
2021,65964,이우석,NC,1,0,0,0,,0,0
2021,62025,이원재,NC,31,1,1,0,100,0,0
2021,66968,이재율,NC,23,2,1,1,50,2,0
2021,63959,임정호,NC,1,0,0,0,,0,0
2021,78352,임창민,NC,1,0,0,0,,0,0
2021,78361,전민수,NC,71,0,0,0,,1,0
2021,76720,정범모,NC,19,0,0,0,,0,0
2021,61869,정진기,NC,88,9,6,3,66.7,0,0
2021,63450,정현,NC,68,1,0,1,0,0,2
2021,73306,지석훈,NC,28,0,0,0,,0,0
2021,62966,최금강,NC,1,0,0,0,,0,0
2021,68909,최보성,NC,10,1,0,1,0,1,0
2021,65905,최승민,NC,48,7,4,3,57.1,0,1
2021,66963,최우재,NC,2,0,0,0,,0,0
2021,69992,최정원,NC,72,17,10,7,58.8,1,1
2021,62655,홍성민,NC,2,0,0,0,,0,0
2021,74540,강민호,삼성,123,0,0,0,,5,0
2021,64610,강한울,삼성,124,4,2,2,50,4,0
2021,62404,구자욱,삼성,139,31,27,4,87.1,6,0
2021,65412,권정웅,삼성,2,0,0,0,,0,0
2021,69442,김도환,삼성,25,1,0,1,0,0,0
2021,66838,김동엽,삼성,69,3,2,1,66.7,2,0
2021,68403,김무신,삼성,2,0,0,0,,0,0
2021,64793,김민수,삼성,47,0,0,0,,2,0
2021,79402,김상수,삼성,132,6,4,2,66.7,5,1
2021,67449,김성윤,삼성,30,1,0,1,0,0,0
2021,63435,김성표,삼성,39,3,2,1,66.7,0,1
2021,60288,김응민,삼성,1,0,0,0,,0,0
2021,50458,김지찬,삼성,120,27,23,4,85.2,4,1
2021,61404,김헌곤,삼성,118,9,5,4,55.6,0,1
2021,51417,김현준,삼성,13,0,0,0,,0,0
2021,64407,김호재,삼성,87,0,0,0,,0,0
2021,62920,노건우,삼성,2,0,0,0,,0,0
2021,67419,문용익,삼성,1,0,0,0,,0,0
2021,69418,박승규,삼성,59,2,1,1,50,1,0
2021,62415,박해민,삼성,127,51,36,15,70.6,4,2
2021,64410,백승민,삼성,4,0,0,0,,0,0
2021,64469,송준석,삼성,19,0,0,0,,0,0
2021,66406,안주형,삼성,1,0,0,0,,0,0
2021,78756,오선진,삼성,23,0,0,0,,0,0
2021,75421,오승환,삼성,2,0,0,0,,0,0
2021,75334,오재일,삼성,120,1,1,0,100,3,1
2021,75566,이원석,삼성,131,1,1,0,100,2,0
2021,63492,이재익,삼성,1,0,0,0,,0,0
2021,68466,이태훈,삼성,3,0,0,0,,0,0
2021,69453,이학주,삼성,66,4,2,2,50,2,0
2021,61197,최영진,삼성,44,1,1,0,100,1,0
2021,51463,피렐라,삼성,140,15,9,6,60,5,0
2021,51868,고명준,SSG,3,0,0,0,,0,0
2021,61353,고종욱,SSG,88,5,2,3,40,3,0
2021,71837,김강민,SSG,122,6,3,3,50,3,0
2021,69810,김규남,SSG,4,0,0,0,,0,0
2021,76430,김상수,SSG,3,0,0,0,,0,0
2021,76802,김성현,SSG,110,7,5,2,71.4,2,0
2021,66917,김찬형,SSG,88,0,0,0,,0,0
2021,69825,김창평,SSG,40,3,2,1,66.7,0,0
2021,79847,김태훈,SSG,1,0,0,0,,0,0
2021,65343,김택형,SSG,3,0,0,0,,0,0
2021,66052,남태혁,SSG,12,0,0,0,,0,0
2021,67872,로맥,SSG,107,1,1,0,100,6,0
2021,64893,박민호,SSG,1,0,0,0,,0,0
2021,67893,박성한,SSG,135,17,12,5,70.6,3,0
2021,64896,서동민,SSG,1,0,0,0,,0,0
2021,61895,서진용,SSG,5,0,0,0,,0,0
2021,62937,신재영,SSG,1,0,0,0,,0,0
2021,66864,안상현,SSG,37,4,3,1,75,1,0
2021,61743,오준혁,SSG,26,0,0,0,,0,0
2021,60558,오태곤,SSG,122,13,9,4,69.2,0,0
2021,64890,유서준,SSG,6,0,0,0,,0,0
2021,76812,이재원,SSG,107,2,0,2,0,2,0
2021,67807,이정범,SSG,19,0,0,0,,0,0
2021,65869,이현석,SSG,39,0,0,0,,2,0
2021,63440,이흥련,SSG,90,0,0,0,,0,0
2021,51895,장지훈,SSG,2,0,0,0,,0,0
2021,71842,정상호,SSG,3,0,0,0,,0,0
2021,66960,정수민,SSG,1,0,0,0,,0,0
2021,75151,정의윤,SSG,62,0,0,0,,0,0
2021,51809,조요한,SSG,1,0,0,0,,0,0
2021,75847,최정,SSG,134,14,8,6,57.1,5,0
2021,76267,최주환,SSG,116,3,2,1,66.7,3,1
2021,50854,최지훈,SSG,136,32,26,6,81.3,4,2
2021,62884,최항,SSG,34,1,1,0,100,0,0
2021,51817,추신수,SSG,137,34,25,9,73.5,4,0
2021,69813,하재훈,SSG,2,0,0,0,,0,0
2021,62895,한유섬,SSG,135,1,1,0,100,4,0
2022,63123,강승호,두산,134,18,13,5,72.2,2,1
2022,62925,강진성,두산,40,4,4,0,100,1,0
2022,51269,강현구,두산,3,0,0,0,,0,0
2022,68204,권민석,두산,16,0,0,0,,0,0
2022,77263,김강률,두산,5,0,0,0,,0,0
2022,69238,김대한,두산,51,3,2,1,66.7,2,0
2022,51230,김동주,두산,1,0,0,0,,0,0
2022,67246,김명신,두산,3,0,0,0,,0,0
2022,65269,김민혁,두산,38,0,0,0,,0,0
2022,63257,김인태,두산,83,1,1,0,100,3,0
2022,74206,김재호,두산,102,2,0,2,0,3,0
2022,78224,김재환,두산,128,3,2,1,66.7,5,0
2022,60181,김지용,두산,3,0,0,0,,0,0
2022,69207,김태근,두산,2,1,0,1,0,0,0
2022,64468,박계범,두산,77,8,5,3,62.5,3,0
2022,62244,박세혁,두산,128,4,2,2,50,4,0
2022,68249,박신지,두산,1,0,0,0,,0,0
2022,67202,박유연,두산,13,0,0,0,,0,0
2022,65639,박정수,두산,1,0,0,0,,0,0
2022,66203,서예일,두산,35,0,0,0,,1,0
2022,69203,송승환,두산,11,0,0,0,,0,1
2022,64086,신성현,두산,17,1,1,0,100,0,0
2022,50202,안권수,두산,76,7,3,4,42.9,3,0
2022,64011,안승한,두산,30,0,0,0,,1,0
2022,51203,안재석,두산,99,4,4,0,100,4,0
2022,64153,양석환,두산,107,1,1,0,100,4,0
2022,50293,양찬열,두산,41,0,0,0,,1,0
2022,77248,오재원,두산,18,3,1,2,33.3,0,0
2022,62242,윤명준,두산,1,0,0,0,,0,0
2022,64805,이승진,두산,1,0,0,0,,0,0
2022,67207,이유찬,두산,13,2,1,1,50,0,0
2022,78352,임창민,두산,3,0,0,0,,0,0
2022,63202,장승현,두산,60,0,0,0,,0,0
2022,74513,장원준,두산,1,0,0,0,,0,0
2022,68205,전민재,두산,35,3,3,0,100,1,0
2022,79231,정수빈,두산,127,23,15,8,65.2,4,1
2022,68242,정철원,두산,2,0,0,0,,0,0
2022,66209,조수행,두산,117,29,22,7,75.9,2,0
2022,64213,최용제,두산,1,0,0,0,,0,0
2022,69209,페르난데스,두산,139,0,0,0,,5,0
2022,79240,허경민,두산,121,13,10,3,76.9,6,1
2022,61643,홍건희,두산,7,0,0,0,,0,0
2022,66233,홍성호,두산,12,0,0,0,,0,0
2022,66710,강상원,한화,1,0,0,0,,0,0
2022,52769,권광민,한화,32,1,0,1,0,0,0
2022,65764,김민우,한화,1,0,0,0,,0,0
2022,65769,김범수,한화,1,0,0,0,,0,0
2022,66715,김인환,한화,113,2,2,0,100,6,0
2022,66704,김태연,한화,119,5,3,2,60,6,0
2022,63704,노수광,한화,117,23,17,6,73.9,8,3
2022,69737,노시환,한화,115,8,6,2,75,2,1
2022,64029,류희운,한화,2,0,0,0,,0,0
2022,66707,박상언,한화,56,3,0,3,0,0,0
2022,50709,박정현,한화,81,7,6,1,85.7,3,0
2022,78643,백용환,한화,4,0,0,0,,0,0
2022,69727,변우혁,한화,21,0,0,0,,0,0
2022,60140,신정락,한화,1,0,0,0,,0,0
2022,67760,원혁재,한화,11,0,0,0,,0,0
2022,69766,유로결,한화,30,0,0,0,,2,0
2022,52705,유상빈,한화,17,1,0,1,0,0,1
2022,63961,윤호솔,한화,1,0,0,0,,0,0
2022,65703,이도윤,한화,80,5,3,2,60,2,0
2022,64266,이성곤,한화,41,2,1,1,50,1,0
2022,68700,이원석,한화,20,0,0,0,,0,0
2022,66657,이진영,한화,70,4,2,2,50,2,0
2022,60343,이해창,한화,4,0,0,0,,0,0
2022,50704,임종찬,한화,20,1,0,1,0,0,0
2022,77318,장시환,한화,3,0,0,0,,0,0
2022,63700,장운호,한화,57,2,0,2,0,1,0
2022,66706,장진혁,한화,41,3,2,1,66.7,1,0
2022,51764,정민규,한화,9,0,0,0,,1,0
2022,68743,정은원,한화,140,16,10,6,62.5,4,0
2022,65707,주현상,한화,2,0,0,0,,0,0
2022,78288,최재훈,한화,114,2,1,1,50,1,0
2022,52712,터크먼,한화,144,30,19,11,63.3,2,1
2022,62700,하주석,한화,125,26,20,6,76.9,7,0
2022,69706,허관회,한화,15,1,1,0,100,0,0
2022,52764,허인서,한화,8,0,0,0,,0,0
2022,61353,고종욱,KIA,62,1,1,0,100,1,0
2022,51640,권다결,KIA,2,0,0,0,,0,0
2022,66614,김규성,KIA,70,0,0,0,,1,0
2022,52605,김도영,KIA,103,16,13,3,81.3,7,0
2022,67610,김석환,KIA,51,0,0,0,,0,0
2022,78603,김선빈,KIA,140,15,13,2,86.7,10,0
2022,51604,김선우,KIA,3,0,0,0,,0,0
2022,64580,김재열,KIA,1,0,0,0,,0,0
2022,65653,김호령,KIA,54,3,2,1,66.7,1,0
2022,62947,나성범,KIA,144,7,6,1,85.7,5,0
2022,78629,나지완,KIA,2,0,0,0,,0,0
2022,66615,류승현,KIA,3,0,0,0,,0,0
2022,62234,류지혁,KIA,127,12,8,4,66.7,4,0
2022,79365,박동원,KIA,123,1,1,0,100,5,1
2022,50657,박민,KIA,6,0,0,0,,0,0
2022,67609,박정우,KIA,16,0,0,0,,1,1
2022,64646,박찬호,KIA,130,50,42,8,84,7,0
2022,52630,소크라테스,KIA,127,19,12,7,63.2,5,1
2022,66662,신범수,KIA,2,0,0,0,,0,0
2022,63260,이우성,KIA,80,4,1,3,25,1,1
2022,67644,이정훈,KIA,6,0,0,0,,0,0
2022,64560,이창진,KIA,111,8,3,5,37.5,4,0
2022,66833,임석진,KIA,10,0,0,0,,0,0
2022,65464,최정용,KIA,30,0,0,0,,0,0
2022,72443,최형우,KIA,132,1,1,0,100,3,1
2022,63722,한승택,KIA,66,0,0,0,,0,0
2022,65610,황대인,KIA,129,0,0,0,,3,0
2022,64906,강민국,키움,3,0,0,0,,0,0
2022,51301,김성진,키움,2,0,0,0,,0,0
2022,68346,김수환,키움,57,0,0,0,,0,1
2022,51303,김시앙,키움,13,0,0,0,,0,0
2022,65898,김웅빈,키움,45,2,0,2,0,0,0
2022,62332,김재현,키움,56,0,0,0,,1,0
2022,69306,김주형,키움,55,1,1,0,100,1,0
2022,63920,김준완,키움,111,2,1,1,50,3,0
2022,64984,김태진,키움,77,3,1,2,33.3,1,0
2022,62360,김태훈,키움,1,0,0,0,,0,0
2022,67304,김혜성,키움,129,41,34,7,82.9,4,1
2022,51344,김휘집,키움,112,0,0,0,,2,1
2022,52394,노운현,키움,1,0,0,0,,0,0
2022,66305,박승주,키움,1,0,0,0,,0,0
2022,69328,박주성,키움,2,0,0,0,,0,0
2022,50357,박주홍,키움,21,0,0,0,,0,0
2022,64657,박준태,키움,52,0,0,0,,2,0
2022,52348,박찬혁,키움,52,1,0,1,0,0,1
2022,65357,송성문,키움,142,1,0,1,0,1,0
2022,50312,신준우,키움,76,0,0,0,,0,0
2022,52308,애플러,키움,1,0,0,0,,0,0
2022,68330,예진원,키움,20,0,0,0,,0,0
2022,69366,이명기,키움,2,0,0,0,,0,0
2022,67363,이병규,키움,24,1,1,0,100,2,0
2022,74163,이용규,키움,86,14,12,2,85.7,7,0
2022,51307,이재홍,키움,4,0,0,0,,0,1
2022,67341,이정후,키움,142,5,5,0,100,1,1
2022,51302,이주형,키움,32,0,0,0,,0,0
2022,79456,이지영,키움,137,2,1,1,50,3,1
2022,64340,임지열,키움,40,1,1,0,100,1,0
2022,65586,전병우,키움,115,0,0,0,,0,0
2022,52366,푸이그,키움,126,9,6,3,66.7,12,1
2022,64350,하영민,키움,3,0,0,0,,0,0
2022,68050,강백호,KT,62,0,0,0,,1,0
2022,68069,고명성,KT,1,0,0,0,,0,0
2022,51003,권동진,KT,48,4,4,0,100,1,0
2022,64004,김민혁,KT,132,15,6,9,40,3,1
2022,64014,김병희,KT,41,3,0,3,0,1,0
2022,65062,김재윤,KT,1,0,0,0,,0,0
2022,62558,김준태,KT,98,2,2,0,100,2,0
2022,65040,김태훈,KT,7,0,0,0,,0,0
2022,52025,라모스,KT,18,2,2,0,100,1,0
2022,67063,문상인,KT,12,0,0,0,,0,0
2022,50007,문상준,KT,2,0,0,0,,0,0
2022,64007,문상철,KT,28,1,1,0,100,0,0
2022,73113,박경수,KT,100,0,0,0,,0,0
2022,75125,박병호,KT,124,8,5,3,62.5,3,0
2022,52060,박영현,KT,4,0,0,0,,0,0
2022,64166,배정대,KT,144,23,19,4,82.6,9,2
2022,65516,배제성,KT,1,0,0,0,,0,0
2022,64012,송민섭,KT,119,2,0,2,0,0,0
2022,62556,신본기,KT,74,1,0,1,0,0,0
2022,64006,심우준,KT,132,25,23,2,92,3,0
2022,64017,심재민,KT,2,0,0,0,,0,0
2022,52009,알포드,KT,80,6,5,1,83.3,6,1
2022,68002,양승혁,KT,11,2,1,1,50,0,1
2022,64504,오윤석,KT,112,3,2,1,66.7,1,0
2022,51013,유준규,KT,7,0,0,0,,0,0
2022,52063,이상우,KT,1,0,0,0,,0,0
2022,66702,이시원,KT,31,2,2,0,100,0,0
2022,67048,이정현,KT,1,0,0,0,,0,0
2022,78548,장성우,KT,117,1,1,0,100,0,0
2022,64115,장준원,KT,35,1,1,0,100,0,0
2022,51009,전진영,KT,4,0,0,0,,0,0
2022,68089,조대현,KT,6,0,0,0,,0,0
2022,64868,조용호,KT,131,9,5,4,55.6,4,0
2022,65060,주권,KT,1,0,0,0,,0,0
2022,51060,지명성,KT,1,0,0,0,,0,0
2022,67005,홍현빈,KT,61,4,4,0,100,0,0
2022,76313,황재균,KT,141,9,6,3,66.7,3,1
2022,52125,가르시아,LG,39,5,4,1,80,2,2
2022,67119,고우석,LG,4,0,0,0,,0,0
2022,66112,김기연,LG,12,0,0,0,,0,0
2022,77564,김민성,LG,92,1,0,1,0,0,0
2022,75867,김진성,LG,2,0,0,0,,0,0
2022,76290,김현수,LG,141,3,2,1,66.7,2,0
2022,66113,김호은,LG,2,0,0,0,,0,0
2022,52112,루이즈,LG,27,1,1,0,100,0,0
2022,69102,문보경,LG,126,7,7,0,100,5,2
2022,68119,문성주,LG,106,15,9,6,60,6,1
2022,72133,박용택,LG,1,0,0,0,,0,0
2022,64100,박재욱,LG,1,0,0,0,,0,0
2022,62415,박해민,LG,144,30,24,6,80,8,1
2022,63145,배재준,LG,1,0,0,0,,0,0
2022,65109,백승현,LG,1,0,0,0,,0,0
2022,78168,서건창,LG,77,11,8,3,72.7,2,0
2022,50150,손호영,LG,36,3,0,3,0,1,0
2022,51111,송승기,LG,1,0,0,0,,0,0
2022,73801,송은범,LG,2,0,0,0,,0,0
2022,68110,송찬의,LG,33,3,2,1,66.7,2,0
2022,65207,신민재,LG,14,4,2,2,50,0,0
2022,65115,안익훈,LG,14,0,0,0,,0,0
2022,79109,오지환,LG,142,27,20,7,74.1,5,2
2022,61102,유강남,LG,139,0,0,0,,5,1
2022,60566,이상호,LG,60,3,1,2,33.3,0,0
2022,51100,이영빈,LG,60,0,0,0,,0,0
2022,68106,이재원,LG,85,4,3,1,75,4,1
2022,61186,이천웅,LG,19,0,0,0,,0,0
2022,78135,이형종,LG,26,0,0,0,,0,0
2022,69159,정우영,LG,1,0,0,0,,0,0
2022,76650,진해수,LG,1,0,0,0,,0,0
2022,65241,채원후,LG,1,0,0,0,,0,0
2022,79192,채은성,LG,126,13,6,7,46.2,3,0
2022,79140,최동환,LG,4,0,0,0,,0,0
2022,65157,최민창,LG,4,0,0,0,,0,0
2022,62146,최성훈,LG,2,0,0,0,,0,0
2022,64101,한석현,LG,6,1,0,1,0,0,0
2022,63248,함덕주,LG,1,0,0,0,,0,0
2022,77243,허도환,LG,64,0,0,0,,0,0
2022,52119,허준혁,LG,1,0,0,0,,0,0
2022,66108,홍창기,LG,118,17,13,4,76.5,1,0
2022,65515,강로한,롯데,1,1,0,1,0,0,0
2022,79358,강윤구,롯데,1,0,0,0,,0,0
2022,65514,강태율,롯데,19,0,0,0,,2,0
2022,69517,고승민,롯데,92,5,1,4,20,0,0
2022,63543,구승민,롯데,1,0,0,0,,0,0
2022,67504,김민수,롯데,57,1,0,1,0,1,0
2022,69500,김민수,롯데,5,0,0,0,,0,0
2022,52514,김세민,롯데,4,0,0,0,,0,0
2022,62528,김원중,롯데,1,0,0,0,,0,0
2022,65506,김재유,롯데,1,0,0,0,,1,0
2022,52547,렉스,롯데,56,3,3,0,100,5,0
2022,65643,문경찬,롯데,1,0,0,0,,0,0
2022,62802,박승욱,롯데,100,10,8,2,80,5,0
2022,64501,배성근,롯데,22,0,0,0,,0,0
2022,69508,신윤후,롯데,49,4,3,1,75,0,0
2022,64022,안중열,롯데,33,1,0,1,0,0,0
2022,79608,안치홍,롯데,132,9,7,2,77.8,4,0
2022,52591,윤동희,롯데,4,0,0,0,,0,0
2022,71564,이대호,롯데,142,0,0,0,,6,0
2022,69453,이학주,롯데,91,6,2,4,33.3,2,1
2022,68504,이호연,롯데,88,4,3,1,75,4,0
2022,68507,장두성,롯데,53,5,4,1,80,3,1
2022,78513,전준우,롯데,120,9,6,3,66.7,2,0
2022,68518,정보근,롯데,95,1,1,0,100,4,0
2022,60523,정훈,롯데,91,5,4,1,80,2,0
2022,52516,조세진,롯데,39,1,0,1,0,0,0
2022,64717,지시완,롯데,75,0,0,0,,0,0
2022,68362,추재현,롯데,33,1,1,0,100,3,0
2022,52526,피터스,롯데,85,11,7,4,63.6,4,1
2022,68525,한동희,롯데,129,0,0,0,,4,0
2022,52568,한태양,롯데,38,1,1,0,100,2,0
2022,50500,황성빈,롯데,102,22,10,12,45.5,0,3
2022,63963,권희동,NC,82,3,2,1,66.7,1,0
2022,65462,김기환,NC,73,16,14,2,87.5,1,3
2022,67900,김수윤,NC,10,0,0,0,,0,0
2022,60288,김응민,NC,34,0,0,0,,0,0
2022,51907,김주원,NC,96,13,10,3,76.9,2,1
2022,67954,김진호,NC,1,0,0,0,,0,0
2022,50992,김태경,NC,2,0,0,0,,0,0
2022,50902,김한별,NC,24,1,0,1,0,0,0
2022,62931,노진혁,NC,115,2,2,0,100,5,0
2022,66965,도태훈,NC,91,0,0,0,,2,1
2022,65949,류진욱,NC,1,0,0,0,,0,0
2022,52904,마티니,NC,139,16,12,4,75,5,0
2022,79215,박건우,NC,111,6,3,3,50,4,0
2022,64944,박대온,NC,59,0,0,0,,2,0
2022,62907,박민우,NC,104,25,21,4,84,9,1
2022,74465,박석민,NC,16,0,0,0,,0,0
2022,66928,박준영,NC,75,9,7,2,77.8,2,0
2022,69995,서호철,NC,89,4,3,1,75,1,0
2022,77532,손아섭,NC,138,10,7,3,70,6,0
2022,76232,양의지,NC,130,4,3,1,75,7,0
2022,68904,오영수,NC,83,5,0,5,0,1,0
2022,51996,오태양,NC,15,4,2,2,50,0,0
2022,76118,원종현,NC,1,0,0,0,,0,0
2022,63905,윤형준,NC,35,1,1,0,100,1,0
2022,76849,이명기,NC,94,9,5,4,55.6,5,0
2022,51948,이용준,NC,1,0,0,0,,0,0
2022,77211,이용찬,NC,4,0,0,0,,0,0
2022,67993,이재용,NC,8,0,0,0,,0,0
2022,78361,전민수,NC,20,0,0,0,,1,0
2022,76720,정범모,NC,5,0,0,0,,0,0
2022,61869,정진기,NC,39,1,1,0,100,0,1
2022,67905,천재환,NC,29,1,1,0,100,0,0
2022,65905,최승민,NC,44,9,6,3,66.7,1,0
2022,68639,하준영,NC,1,0,0,0,,0,0
2022,51994,한재승,NC,1,0,0,0,,0,0
2022,74540,강민호,삼성,130,0,0,0,,4,0
2022,64610,강한울,삼성,94,6,4,2,66.7,0,0
2022,68407,공민규,삼성,15,0,0,0,,0,0
2022,62404,구자욱,삼성,99,12,11,1,91.7,4,1
2022,66838,김동엽,삼성,30,3,0,3,0,0,0
2022,51403,김동진,삼성,5,0,0,0,,1,0
2022,79402,김상수,삼성,72,3,2,1,66.7,3,0
2022,52460,김서준,삼성,1,0,0,0,,0,0
2022,67449,김성윤,삼성,48,12,10,2,83.3,1,1
2022,63435,김성표,삼성,17,2,2,0,100,1,0
2022,52430,김영웅,삼성,13,0,0,0,,0,0
2022,65132,김재성,삼성,63,0,0,0,,4,0
2022,52424,김재혁,삼성,15,4,4,0,100,0,1
2022,50458,김지찬,삼성,113,29,25,4,86.2,3,0
2022,78122,김태군,삼성,102,0,0,0,,2,0
2022,61404,김헌곤,삼성,80,4,3,1,75,3,0
2022,51417,김현준,삼성,118,9,6,3,66.7,6,0
2022,64407,김호재,삼성,21,0,0,0,,0,0
2022,69418,박승규,삼성,62,2,2,0,100,0,1
2022,50411,박주혁,삼성,2,0,0,0,,0,0
2022,64469,송준석,삼성,17,0,0,0,,0,0
2022,66406,안주형,삼성,18,0,0,0,,0,0
2022,78756,오선진,삼성,100,4,2,2,50,1,0
2022,75421,오승환,삼성,3,0,0,0,,0,0
2022,75334,오재일,삼성,135,3,2,1,66.7,4,0
2022,73117,우규민,삼성,1,0,0,0,,0,0
2022,68463,윤정빈,삼성,13,0,0,0,,0,0
2022,69428,이병헌,삼성,3,0,0,0,,0,0
2022,63960,이상민,삼성,1,0,0,0,,0,0
2022,66409,이성규,삼성,13,0,0,0,,0,0
2022,75566,이원석,삼성,88,0,0,0,,5,0
2022,52415,이재현,삼성,75,0,0,0,,2,0
2022,68466,이태훈,삼성,10,0,0,0,,0,0
2022,69416,이해승,삼성,46,0,0,0,,0,0
2022,52405,조민성,삼성,12,1,1,0,100,1,0
2022,61197,최영진,삼성,43,4,2,2,50,0,0
2022,51463,피렐라,삼성,141,20,15,5,75,5,2
2022,65496,홍정우,삼성,2,0,0,0,,0,0
2022,72523,고효준,SSG,2,0,0,0,,0,0
2022,71837,김강민,SSG,84,4,1,3,25,4,0
2022,69810,김규남,SSG,2,0,0,0,,0,0
2022,62864,김민식,SSG,104,0,0,0,,1,0
2022,76802,김성현,SSG,130,6,3,3,50,5,0
2022,64499,김재현,SSG,18,0,0,0,,0,0
2022,65343,김택형,SSG,1,0,0,0,,0,0
2022,52806,라가레스,SSG,49,4,3,1,75,3,0
2022,64893,박민호,SSG,1,0,0,0,,0,0
2022,67893,박성한,SSG,140,20,12,8,60,2,0
2022,64896,서동민,SSG,1,0,0,0,,0,0
2022,52804,석정우,SSG,9,1,0,1,0,0,0
2022,66864,안상현,SSG,46,2,2,0,100,0,0
2022,61743,오준혁,SSG,47,0,0,0,,0,0
2022,60558,오태곤,SSG,130,15,11,4,73.3,1,0
2022,76812,이재원,SSG,105,1,1,0,100,1,0
2022,67807,이정범,SSG,7,0,0,0,,0,0
2022,65869,이현석,SSG,9,0,0,0,,0,0
2022,63440,이흥련,SSG,22,0,0,0,,0,0
2022,68869,전경원,SSG,1,0,0,0,,0,0
2022,50820,전의산,SSG,77,0,0,0,,2,0
2022,51809,조요한,SSG,1,0,0,0,,0,0
2022,51865,조형우,SSG,9,0,0,0,,0,0
2022,69802,최경모,SSG,98,2,2,0,100,3,0
2022,68856,최민준,SSG,1,0,0,0,,0,0
2022,68805,최상민,SSG,27,4,3,1,75,0,0
2022,75847,최정,SSG,121,17,12,5,70.6,4,0
2022,76267,최주환,SSG,97,0,0,0,,1,0
2022,68868,최준우,SSG,10,0,0,0,,0,0
2022,50854,최지훈,SSG,144,38,31,7,81.6,5,3
2022,62884,최항,SSG,15,0,0,0,,1,0
2022,51817,추신수,SSG,112,20,15,5,75,5,1
2022,52827,크론,SSG,67,0,0,0,,2,0
2022,69813,하재훈,SSG,60,1,1,0,100,1,0
2022,62895,한유섬,SSG,135,2,1,1,50,1,0
2023,63123,강승호,두산,127,19,13,6,68.4,4,1
2023,68204,권민석,두산,1,0,0,0,,0,0
2023,69238,김대한,두산,33,4,1,3,25,0,0
2023,68200,김민규,두산,1,0,0,0,,0,0
2023,65269,김민혁,두산,21,0,0,0,,0,0
2023,63257,김인태,두산,47,3,2,1,66.7,2,0
2023,74206,김재호,두산,91,4,4,0,100,2,0
2023,78224,김재환,두산,132,4,3,1,75,4,0
2023,68830,김정우,두산,1,0,0,0,,0,0
2023,69207,김태근,두산,41,3,0,3,0,0,0
2023,53211,로하스,두산,122,1,0,1,0,5,0
2023,64468,박계범,두산,78,4,2,2,50,1,2
2023,68249,박신지,두산,1,0,0,0,,0,0
2023,67202,박유연,두산,10,0,0,0,,0,0
2023,65639,박정수,두산,2,0,0,0,,0,0
2023,66928,박준영,두산,51,3,2,1,66.7,0,0
2023,50204,박지훈,두산,22,1,1,0,100,1,0
2023,67266,박치국,두산,1,0,0,0,,0,0
2023,66203,서예일,두산,5,0,0,0,,0,0
2023,69203,송승환,두산,30,1,0,1,0,1,0
2023,64086,신성현,두산,12,1,0,1,0,0,0
2023,64011,안승한,두산,22,1,1,0,100,0,0
2023,51203,안재석,두산,27,2,2,0,100,1,2
2023,64153,양석환,두산,140,4,4,0,100,9,0
2023,76232,양의지,두산,129,8,8,0,100,7,1
2023,50293,양찬열,두산,44,5,3,2,60,0,0
2023,67207,이유찬,두산,104,17,12,5,70.6,3,1
2023,62951,이형범,두산,2,0,0,0,,0,0
2023,63202,장승현,두산,76,1,1,0,100,0,0
2023,68205,전민재,두산,19,3,0,3,0,0,0
2023,79231,정수빈,두산,137,47,39,8,83,5,3
2023,68242,정철원,두산,3,0,0,0,,0,0
2023,66209,조수행,두산,126,32,26,6,81.3,4,0
2023,51264,최승용,두산,2,0,0,0,,0,0
2023,79240,허경민,두산,130,12,9,3,75,3,1
2023,61643,홍건희,두산,4,0,0,0,,0,0
2023,66233,홍성호,두산,21,1,0,1,0,0,0
2023,50705,강재민,한화,1,0,0,0,,0,0
2023,52769,권광민,한화,66,2,2,0,100,0,0
2023,69702,김건,한화,7,0,0,0,,0,0
2023,53754,김서현,한화,1,0,0,0,,0,0
2023,66715,김인환,한화,112,1,1,0,100,5,0
2023,66704,김태연,한화,91,6,5,1,83.3,3,0
2023,63704,노수광,한화,30,3,2,1,66.7,1,1
2023,69737,노시환,한화,131,3,2,1,66.7,4,0
2023,53764,문현빈,한화,137,6,5,1,83.3,6,3
2023,66707,박상언,한화,86,3,1,2,33.3,2,0
2023,67703,박상원,한화,3,0,0,0,,0,0
2023,50709,박정현,한화,53,0,0,0,,0,0
2023,52731,박준영,한화,1,0,0,0,,0,0
2023,53712,오그레디,한화,22,1,1,0,100,0,0
2023,78756,오선진,한화,90,2,2,0,100,2,0
2023,53716,윌리엄스,한화,68,2,1,1,50,1,0
2023,69766,유로결,한화,27,1,1,0,100,0,0
2023,52705,유상빈,한화,3,0,0,0,,0,0
2023,63464,윤대경,한화,1,0,0,0,,0,0
2023,65703,이도윤,한화,106,14,11,3,78.6,0,0
2023,76849,이명기,한화,14,1,1,0,100,0,0
2023,53795,이민준,한화,4,0,0,0,,0,0
2023,52704,이상혁,한화,7,2,1,1,50,0,0
2023,64266,이성곤,한화,8,0,0,0,,0,0
2023,68700,이원석,한화,81,16,13,3,81.3,3,0
2023,67993,이재용,한화,2,0,0,0,,0,0
2023,66657,이진영,한화,121,5,5,0,100,4,1
2023,60768,이태양,한화,1,0,0,0,,0,0
2023,63700,장운호,한화,4,0,0,0,,0,0
2023,51706,장지승,한화,3,0,0,0,,0,0
2023,66706,장진혁,한화,68,9,5,4,55.6,0,0
2023,74857,정우람,한화,1,0,0,0,,0,0
2023,68743,정은원,한화,122,9,6,3,66.7,1,1
2023,79192,채은성,한화,137,0,0,0,,2,0
2023,50707,최인호,한화,41,1,1,0,100,1,1
2023,78288,최재훈,한화,125,2,1,1,50,0,0
2023,62700,하주석,한화,25,0,0,0,,0,0
2023,69706,허관회,한화,10,0,0,0,,0,0
2023,61353,고종욱,KIA,114,4,2,2,50,0,0
2023,66614,김규성,KIA,99,8,6,2,75,0,1
2023,69620,김기훈,KIA,1,0,0,0,,0,0
2023,52605,김도영,KIA,84,29,25,4,86.2,2,2
2023,67610,김석환,KIA,12,0,0,0,,0,0
2023,78603,김선빈,KIA,119,4,3,1,75,4,0
2023,51604,김선우,KIA,5,0,0,0,,0,0
2023,78122,김태군,KIA,114,3,2,1,66.7,5,0
2023,65653,김호령,KIA,76,1,1,0,100,0,0
2023,62947,나성범,KIA,58,0,0,0,,5,0
2023,67609,박정우,KIA,21,0,0,0,,0,0
2023,63638,박준표,KIA,1,0,0,0,,0,0
2023,64646,박찬호,KIA,130,38,30,8,78.9,5,1
2023,69727,변우혁,KIA,83,0,0,0,,0,0
2023,52630,소크라테스,KIA,142,21,15,6,71.4,3,1
2023,66662,신범수,KIA,36,0,0,0,,1,0
2023,69636,오선우,KIA,33,0,0,0,,0,0
2023,52667,윤도현,KIA,1,0,0,0,,0,0
2023,68619,윤중현,KIA,1,0,0,0,,0,0
2023,63260,이우성,KIA,126,9,8,1,88.9,7,0
2023,64560,이창진,KIA,104,11,9,2,81.8,1,0
2023,50662,정해영,KIA,2,0,0,0,,0,0
2023,66354,주효상,KIA,19,0,0,0,,0,0
2023,66606,최원준,KIA,67,18,13,5,72.2,1,1
2023,65464,최정용,KIA,56,4,4,0,100,1,0
2023,72443,최형우,KIA,121,0,0,0,,4,0
2023,63722,한승택,KIA,49,0,0,0,,0,0
2023,68646,한준수,KIA,48,0,0,0,,0,0
2023,50600,홍종표,KIA,40,0,0,0,,0,0
2023,65610,황대인,KIA,60,0,0,0,,1,0
2023,52641,황동하,KIA,1,0,0,0,,0,0
2023,53312,김건희,키움,9,0,0,0,,0,0
2023,53164,김동규,키움,1,0,0,0,,0,0
2023,53344,김동헌,키움,102,0,0,0,,1,0
2023,50360,김동혁,키움,2,0,0,0,,0,0
2023,50304,김병휘,키움,10,0,0,0,,0,0
2023,66018,김선기,키움,2,0,0,0,,0,0
2023,51301,김성진,키움,2,0,0,0,,0,0
2023,68346,김수환,키움,50,0,0,0,,0,0
2023,51303,김시앙,키움,33,0,0,0,,1,1
2023,65898,김웅빈,키움,29,0,0,0,,2,0
2023,67391,김재웅,키움,1,0,0,0,,0,0
2023,62332,김재현,키움,8,0,0,0,,1,0
2023,69306,김주형,키움,46,0,0,0,,0,0
2023,63920,김준완,키움,76,0,0,0,,2,0
2023,51393,김준형,키움,1,0,0,0,,0,0
2023,64984,김태진,키움,74,0,0,0,,2,0
2023,67304,김혜성,키움,137,28,25,3,89.3,6,2
2023,51344,김휘집,키움,110,0,0,0,,2,0
2023,53327,도슨,키움,57,11,9,2,81.8,2,0
2023,50350,러셀,키움,59,1,1,0,100,1,0
2023,60336,문성현,키움,2,0,0,0,,0,0
2023,52305,박수종,키움,23,0,0,0,,0,0
2023,50357,박주홍,키움,27,1,1,0,100,1,0
2023,64657,박준태,키움,14,0,0,0,,0,0
2023,52348,박찬혁,키움,48,0,0,0,,0,1
2023,65357,송성문,키움,104,1,1,0,100,1,0
2023,53303,송재선,키움,5,0,0,0,,0,0
2023,50312,신준우,키움,24,0,0,0,,0,0
2023,61268,양현,키움,2,0,0,0,,0,0
2023,68330,예진원,키움,16,0,0,0,,0,0
2023,76118,원종현,키움,2,0,0,0,,0,0
2023,69399,윤정현,키움,3,0,0,0,,0,0
2023,52397,이명종,키움,3,0,0,0,,0,0
2023,67363,이병규,키움,7,0,0,0,,0,0
2023,53302,이승원,키움,4,0,0,0,,0,0
2023,74163,이용규,키움,50,3,2,1,66.7,2,0
2023,75566,이원석,키움,89,1,0,1,0,2,0
2023,67341,이정후,키움,86,9,6,3,66.7,1,1
2023,50167,이주형,키움,69,4,3,1,75,0,1
2023,79456,이지영,키움,81,2,1,1,50,0,0
2023,78135,이형종,키움,99,0,0,0,,4,0
2023,64346,임병욱,키움,80,4,4,0,100,4,0
2023,64340,임지열,키움,72,1,1,0,100,2,0
2023,78352,임창민,키움,2,0,0,0,,0,0
2023,65586,전병우,키움,41,0,0,0,,0,0
2023,69332,주성원,키움,25,0,0,0,,1,1
2023,64350,하영민,키움,3,0,0,0,,0,0
2023,53375,후라도,키움,1,0,0,0,,0,0
2023,69064,강민성,KT,12,0,0,0,,0,0
2023,68050,강백호,KT,71,3,3,0,100,4,0
2023,50066,강현우,KT,53,1,0,1,0,0,0
2023,68043,김민,KT,1,0,0,0,,0,0
2023,64004,김민혁,KT,113,15,11,4,73.3,5,0
2023,52002,김병준,KT,3,0,0,0,,0,0
2023,64014,김병희,KT,5,0,0,0,,0,0
2023,79402,김상수,KT,129,11,5,6,45.5,4,2
2023,51097,김영현,KT,1,0,0,0,,0,0
2023,65062,김재윤,KT,5,0,0,0,,0,0
2023,62558,김준태,KT,69,1,1,0,100,1,0
2023,53036,류현인,KT,17,0,0,0,,0,0
2023,67063,문상인,KT,1,0,0,0,,0,0
2023,50007,문상준,KT,2,0,0,0,,0,0
2023,64007,문상철,KT,112,4,3,1,75,3,0
2023,73113,박경수,KT,107,0,0,0,,4,0
2023,69056,박민석,KT,4,0,0,0,,0,0
2023,75125,박병호,KT,132,2,2,0,100,4,0
2023,52060,박영현,KT,3,0,0,0,,0,0
2023,64166,배정대,KT,97,16,13,3,81.3,3,0
2023,53057,손민석,KT,9,0,0,0,,0,0
2023,64012,송민섭,KT,69,4,3,1,75,1,0
2023,62556,신본기,KT,40,1,0,1,0,1,0
2023,67006,안치영,KT,76,8,7,1,87.5,0,0
2023,52009,알포드,KT,133,21,17,4,81,12,1
2023,64504,오윤석,KT,82,4,3,1,75,0,1
2023,69054,이상동,KT,1,0,0,0,,0,0
2023,60566,이상호,KT,63,2,2,0,100,1,0
2023,69068,이선우,KT,1,0,0,0,,0,0
2023,66702,이시원,KT,29,1,0,1,0,1,0
2023,68896,이채호,KT,1,0,0,0,,0,0
2023,68504,이호연,KT,85,6,4,2,66.7,3,0
2023,78548,장성우,KT,131,2,1,1,50,2,0
2023,64115,장준원,KT,69,3,3,0,100,0,0
2023,53058,정준영,KT,34,0,0,0,,0,0
2023,64868,조용호,KT,63,4,4,0,100,3,0
2023,78517,하준호,KT,1,0,0,0,,0,0
2023,67005,홍현빈,KT,44,2,2,0,100,0,0
2023,76313,황재균,KT,109,6,3,3,50,2,1
2023,67119,고우석,LG,1,0,0,0,,0,0
2023,66112,김기연,LG,28,1,1,0,100,1,0
2023,66145,김대현,LG,2,0,0,0,,0,0
2023,77564,김민성,LG,112,3,2,1,66.7,2,0
2023,53144,김범석,LG,10,0,0,0,,0,0
2023,66162,김주성,LG,11,0,0,0,,1,0
2023,76290,김현수,LG,133,3,2,1,66.7,5,0
2023,69102,문보경,LG,131,17,9,8,52.9,8,2
2023,68119,문성주,LG,136,38,24,14,63.2,6,2
2023,79365,박동원,LG,130,1,0,1,0,7,0
2023,53139,박명근,LG,2,0,0,0,,0,0
2023,62415,박해민,LG,144,38,26,12,68.4,11,2
2023,78168,서건창,LG,44,6,3,3,50,3,0
2023,50150,손호영,LG,27,3,2,1,66.7,0,0
2023,53105,송대현,LG,4,0,0,0,,0,0
2023,68110,송찬의,LG,19,1,1,0,100,1,0
2023,65207,신민재,LG,122,54,37,17,68.5,6,1
2023,65115,안익훈,LG,11,0,0,0,,3,0
2023,67116,오석주,LG,1,0,0,0,,0,0
2023,53123,오스틴,LG,139,10,7,3,70,5,2
2023,79109,오지환,LG,126,23,16,7,69.6,7,2
2023,68106,이재원,LG,57,6,4,2,66.7,0,0
2023,69134,이정용,LG,1,0,0,0,,0,0
2023,61186,이천웅,LG,4,0,0,0,,0,0
2023,67123,전준호,LG,2,0,0,0,,0,0
2023,79150,정주현,LG,89,6,1,5,16.7,1,0
2023,79140,최동환,LG,3,0,0,0,,0,0
2023,65905,최승민,LG,38,11,8,3,72.7,1,1
2023,77243,허도환,LG,47,0,0,0,,0,0
2023,66108,홍창기,LG,141,46,23,23,50,10,3
2023,69517,고승민,롯데,94,11,8,3,72.7,2,0
2023,53506,구드럼,롯데,50,0,0,0,,1,0
2023,79290,국해성,롯데,6,0,0,0,,1,0
2023,52504,김동혁,롯데,15,1,1,0,100,0,0
2023,53554,김민석,롯데,129,19,16,3,84.2,3,2
2023,67504,김민수,롯데,25,0,0,0,,0,0
2023,76430,김상수,롯데,1,0,0,0,,0,0
2023,62528,김원중,롯데,3,0,0,0,,0,0
2023,62931,노진혁,롯데,113,9,7,2,77.8,2,0
2023,52547,렉스,롯데,55,1,0,1,0,3,0
2023,62802,박승욱,롯데,123,19,15,4,78.9,1,0
2023,51803,박형준,롯데,1,0,0,0,,0,0
2023,53587,배영빈,롯데,18,1,1,0,100,0,0
2023,53569,서동욱,롯데,13,0,0,0,,0,0
2023,51528,손성빈,롯데,45,0,0,0,,1,0
2023,69508,신윤후,롯데,28,1,1,0,100,0,0
2023,50202,안권수,롯데,95,23,16,7,69.6,2,2
2023,79608,안치홍,롯데,121,6,3,3,50,3,1
2023,61102,유강남,롯데,121,2,1,1,50,6,0
2023,52591,윤동희,롯데,107,9,3,6,33.3,2,3
2023,53505,윤수녕,롯데,3,0,0,0,,0,0
2023,67644,이정훈,롯데,59,2,1,1,50,1,1
2023,69453,이학주,롯데,104,5,4,1,80,1,0
2023,68507,장두성,롯데,25,2,2,0,100,1,1
2023,78513,전준우,롯데,138,11,9,2,81.8,7,0
2023,53568,정대선,롯데,19,0,0,0,,0,0
2023,68518,정보근,롯데,55,1,1,0,100,0,1
2023,60523,정훈,롯데,80,2,2,0,100,2,0
2023,64717,지시완,롯데,6,0,0,0,,0,0
2023,64718,최설우,롯데,1,0,0,0,,0,0
2023,68525,한동희,롯데,108,4,1,3,25,3,0
2023,50500,황성빈,롯데,74,14,9,5,64.3,0,1
2023,63963,권희동,NC,96,2,2,0,100,5,0
2023,62934,김성욱,NC,93,7,6,1,85.7,0,1
2023,67900,김수윤,NC,16,0,0,0,,0,0
2023,68928,김시훈,NC,1,0,0,0,,0,0
2023,51907,김주원,NC,127,18,15,3,83.3,6,1
2023,50902,김한별,NC,79,3,0,3,0,1,0
2023,68912,김형준,NC,26,0,0,0,,0,0
2023,66965,도태훈,NC,117,3,2,1,66.7,2,0
2023,65949,류진욱,NC,2,0,0,0,,0,0
2023,53955,마틴,NC,118,18,15,3,83.3,9,1
2023,79215,박건우,NC,130,12,7,5,58.3,5,0
2023,64944,박대온,NC,25,0,0,0,,0,0
2023,62907,박민우,NC,124,33,26,7,78.8,4,1
2023,74465,박석민,NC,30,0,0,0,,1,0
2023,62244,박세혁,NC,88,2,1,1,50,1,0
2023,50906,박영빈,NC,41,6,4,2,66.7,2,0
2023,69900,박주찬,NC,5,0,0,0,,0,0
2023,53992,박한결,NC,12,0,0,0,,0,0
2023,69995,서호철,NC,114,9,4,5,44.4,3,1
2023,77532,손아섭,NC,140,17,14,3,82.4,4,1
2023,64022,안중열,NC,77,0,0,0,,2,0
2023,68904,오영수,NC,70,6,3,3,50,3,1
2023,51991,오장한,NC,3,0,0,0,,0,0
2023,51996,오태양,NC,21,6,3,3,50,1,0
2023,63905,윤형준,NC,82,2,1,1,50,1,0
2023,77211,이용찬,NC,2,0,0,0,,0,0
2023,69969,전사민,NC,1,0,0,0,,0,0
2023,51701,조현진,NC,10,0,0,0,,0,0
2023,65241,채원후,NC,1,0,0,0,,0,0
2023,67905,천재환,NC,78,5,2,3,40,1,0
2023,68909,최보성,NC,12,0,0,0,,0,0
2023,69992,최정원,NC,39,5,4,1,80,1,0
2023,64101,한석현,NC,27,3,2,1,66.7,1,1
2023,51994,한재승,NC,1,0,0,0,,0,0
2023,74540,강민호,삼성,125,7,6,1,85.7,5,0
2023,53460,강준서,삼성,10,1,0,1,0,0,0
2023,64610,강한울,삼성,72,4,1,3,25,1,0
2023,68407,공민규,삼성,22,0,0,0,,1,0
2023,62404,구자욱,삼성,119,16,12,4,75,4,2
2023,61365,김대우,삼성,1,0,0,0,,0,0
2023,69442,김도환,삼성,9,0,0,0,,0,0
2023,66838,김동엽,삼성,69,2,1,1,50,2,0
2023,51403,김동진,삼성,44,3,3,0,100,2,1
2023,64793,김민수,삼성,2,0,0,0,,0,0
2023,52402,김상민,삼성,8,0,0,0,,0,0
2023,52460,김서준,삼성,1,0,0,0,,0,0
2023,67449,김성윤,삼성,101,24,20,4,83.3,1,0
2023,52430,김영웅,삼성,55,1,1,0,100,0,0
2023,53400,김재상,삼성,17,0,0,0,,0,0
2023,65132,김재성,삼성,57,1,0,1,0,0,0
2023,50458,김지찬,삼성,99,14,13,1,92.9,4,1
2023,62360,김태훈,삼성,2,0,0,0,,0,0
2023,65040,김태훈,삼성,11,1,0,1,0,0,0
2023,61404,김헌곤,삼성,6,0,0,0,,0,0
2023,51417,김현준,삼성,109,10,5,5,50,4,1
2023,64407,김호재,삼성,75,2,2,0,100,0,1
2023,53404,류승민,삼성,24,0,0,0,,1,0
2023,62234,류지혁,삼성,132,28,26,2,92.9,7,2
2023,64469,송준석,삼성,7,0,0,0,,0,0
2023,66406,안주형,삼성,53,0,0,0,,2,0
2023,75421,오승환,삼성,3,0,0,0,,0,0
2023,75334,오재일,삼성,106,1,1,0,100,3,1
2023,68463,윤정빈,삼성,28,1,1,0,100,1,0
2023,69428,이병헌,삼성,23,0,0,0,,0,0
2023,63960,이상민,삼성,1,0,0,0,,0,0
2023,66409,이성규,삼성,109,7,4,3,57.1,1,0
2023,51454,이승현,삼성,2,0,0,0,,0,0
2023,60146,이승현,삼성,2,0,0,0,,0,0
2023,63492,이재익,삼성,1,0,0,0,,0,0
2023,52415,이재현,삼성,143,9,5,4,55.6,8,0
2023,68466,이태훈,삼성,12,0,0,0,,0,0
2023,69416,이해승,삼성,9,0,0,0,,0,0
2023,52405,조민성,삼성,15,1,0,1,0,2,0
2023,51463,피렐라,삼성,139,10,6,4,60,7,1
2023,62925,강진성,SSG,58,0,0,0,,0,0
2023,51868,고명준,SSG,2,0,0,0,,0,0
2023,72523,고효준,SSG,2,0,0,0,,0,0
2023,71837,김강민,SSG,70,3,2,1,66.7,2,0
2023,53844,김건웅,SSG,1,0,0,0,,0,0
2023,62864,김민식,SSG,122,0,0,0,,5,1
2023,76802,김성현,SSG,112,5,4,1,80,2,0
2023,53865,김정민,SSG,8,0,0,0,,0,0
2023,66917,김찬형,SSG,36,0,0,0,,0,0
2023,73211,노경은,SSG,1,0,0,0,,0,0
2023,50868,류효승,SSG,3,0,0,0,,0,0
2023,62869,문승원,SSG,1,0,0,0,,0,0
2023,67893,박성한,SSG,128,5,4,1,80,4,3
2023,69839,백승건,SSG,1,0,0,0,,0,0
2023,61895,서진용,SSG,3,0,0,0,,0,0
2023,66864,안상현,SSG,58,4,3,1,75,0,0
2023,53827,에레디아,SSG,122,20,12,8,60,5,1
2023,60558,오태곤,SSG,123,21,20,1,95.2,2,0
2023,64861,이건욱,SSG,1,0,0,0,,0,0
2023,76812,이재원,SSG,27,0,0,0,,0,0
2023,67807,이정범,SSG,15,0,0,0,,0,0
2023,63440,이흥련,SSG,16,0,0,0,,0,0
2023,62611,임준섭,SSG,1,0,0,0,,0,0
2023,50820,전의산,SSG,56,2,0,2,0,0,0
2023,51865,조형우,SSG,62,0,0,0,,1,0
2023,69804,채현우,SSG,1,0,0,0,,0,0
2023,69802,최경모,SSG,28,2,2,0,100,0,0
2023,68856,최민준,SSG,1,0,0,0,,0,0
2023,68805,최상민,SSG,51,4,2,2,50,1,0
2023,75847,최정,SSG,128,10,7,3,70,6,0
2023,76267,최주환,SSG,134,0,0,0,,5,0
2023,68868,최준우,SSG,38,1,0,1,0,0,0
2023,50854,최지훈,SSG,117,23,21,2,91.3,4,3
2023,62884,최항,SSG,21,0,0,0,,1,0
2023,51817,추신수,SSG,112,10,6,4,60,4,0
2023,69813,하재훈,SSG,77,11,11,0,100,0,1
2023,62895,한유섬,SSG,109,3,2,1,66.7,1,1
2024,63123,강승호,두산,140,21,16,5,76.2,3,0
2024,50203,권휘,두산,1,0,0,0,,0,0
2024,77263,김강률,두산,1,0,0,0,,0,0
2024,66112,김기연,두산,95,2,0,2,0,3,0
2024,69238,김대한,두산,61,2,1,1,50,3,0
2024,51230,김동주,두산,1,0,0,0,,0,0
2024,67246,김명신,두산,3,0,0,0,,0,0
2024,68200,김민규,두산,1,0,0,0,,0,0
2024,65269,김민혁,두산,5,0,0,0,,0,0
2024,63257,김인태,두산,10,0,0,0,,0,0
2024,74206,김재호,두산,57,0,0,0,,1,0
2024,78224,김재환,두산,136,2,1,1,50,1,0
2024,69207,김태근,두산,43,1,0,1,0,2,0
2024,54263,김택연,두산,1,0,0,0,,0,0
2024,68269,김호준,두산,2,0,0,0,,0,0
2024,52025,라모스,두산,80,6,3,3,50,4,0
2024,54219,류현준,두산,2,0,0,0,,0,0
2024,64468,박계범,두산,24,1,1,0,100,1,0
2024,53204,박민준,두산,5,0,0,0,,0,0
2024,65639,박정수,두산,1,0,0,0,,0,0
2024,66928,박준영,두산,65,2,2,0,100,1,0
2024,67266,박치국,두산,3,0,0,0,,0,0
2024,66203,서예일,두산,24,0,0,0,,0,0
2024,64011,안승한,두산,4,0,0,0,,0,0
2024,64153,양석환,두산,142,8,5,3,62.5,2,0
2024,76232,양의지,두산,119,3,2,1,66.7,8,0
2024,50293,양찬열,두산,11,0,0,0,,0,0
2024,54205,여동건,두산,9,3,3,0,100,2,0
2024,50208,오명진,두산,2,0,0,0,,0,0
2024,53296,윤준호,두산,3,0,0,0,,0,0
2024,69205,이교훈,두산,5,0,0,0,,0,0
2024,52204,이병헌,두산,1,0,0,0,,0,0
2024,66291,이영하,두산,2,0,0,0,,0,0
2024,67207,이유찬,두산,103,22,16,6,72.7,5,1
2024,54236,임종성,두산,1,0,0,0,,0,0
2024,50244,장규빈,두산,3,0,0,0,,0,0
2024,63202,장승현,두산,9,1,0,1,0,0,0
2024,54214,전다민,두산,25,2,1,1,50,1,0
2024,68205,전민재,두산,100,10,7,3,70,4,0
2024,79231,정수빈,두산,136,65,52,13,80,7,1
2024,68242,정철원,두산,2,0,0,0,,0,0
2024,54295,제러드,두산,38,4,4,0,100,3,0
2024,66209,조수행,두산,130,72,64,8,88.9,2,2
2024,51264,최승용,두산,1,0,0,0,,0,0
2024,52206,최지강,두산,2,0,0,0,,0,0
2024,79240,허경민,두산,115,6,5,1,83.3,3,0
2024,61643,홍건희,두산,5,0,0,0,,0,0
2024,66233,홍성호,두산,15,1,1,0,100,0,0
2024,52769,권광민,한화,19,0,0,0,,0,0
2024,71837,김강민,한화,41,0,0,0,,0,0
2024,53754,김서현,한화,1,0,0,0,,0,0
2024,66715,김인환,한화,51,0,0,0,,1,0
2024,66704,김태연,한화,126,7,5,2,71.4,5,0
2024,69737,노시환,한화,136,6,6,0,100,3,0
2024,53764,문현빈,한화,103,8,3,5,37.5,4,1
2024,66707,박상언,한화,27,1,1,0,100,0,0
2024,67703,박상원,한화,2,0,0,0,,0,0
2024,79608,안치홍,한화,128,5,3,2,60,2,0
2024,69766,유로결,한화,23,1,0,1,0,1,1
2024,65703,이도윤,한화,134,10,6,4,60,2,1
2024,76849,이명기,한화,4,0,0,0,,0,0
2024,52704,이상혁,한화,43,7,5,2,71.4,0,1
2024,68700,이원석,한화,87,10,8,2,80,4,0
2024,76812,이재원,한화,72,0,0,0,,2,0
2024,66657,이진영,한화,42,1,0,1,0,0,0
2024,50704,임종찬,한화,24,1,0,1,0,0,1
2024,51762,장규현,한화,9,0,0,0,,0,0
2024,79764,장민재,한화,1,0,0,0,,0,0
2024,66706,장진혁,한화,99,20,14,6,70,0,2
2024,68743,정은원,한화,27,2,2,0,100,1,0
2024,65707,주현상,한화,2,0,0,0,,0,0
2024,79192,채은성,한화,124,2,1,1,50,6,0
2024,50707,최인호,한화,82,3,3,0,100,3,0
2024,78288,최재훈,한화,116,0,0,0,,1,0
2024,54730,페라자,한화,122,12,7,5,58.3,5,0
2024,62700,하주석,한화,64,3,1,2,33.3,2,0
2024,52710,한경빈,한화,1,0,0,0,,0,0
2024,54795,황영묵,한화,123,11,4,7,36.4,2,0
2024,61353,고종욱,KIA,28,0,0,0,,0,0
2024,53609,곽도규,KIA,1,0,0,0,,0,0
2024,66614,김규성,KIA,27,1,1,0,100,0,0
2024,52605,김도영,KIA,141,44,40,4,90.9,5,1
2024,54614,김두현,KIA,3,0,0,0,,0,0
2024,54645,김민주,KIA,1,0,0,0,,0,0
2024,63894,김사윤,KIA,1,0,0,0,,0,0
2024,78603,김선빈,KIA,116,6,5,1,83.3,1,0
2024,66492,김승현,KIA,1,0,0,0,,0,0
2024,78122,김태군,KIA,105,0,0,0,,3,0
2024,65653,김호령,KIA,64,5,3,2,60,1,0
2024,62947,나성범,KIA,102,0,0,0,,1,0
2024,50657,박민,KIA,16,1,0,1,0,0,0
2024,67609,박정우,KIA,66,1,0,1,0,1,0
2024,64646,박찬호,KIA,134,33,20,13,60.6,4,1
2024,69727,변우혁,KIA,69,1,1,0,100,1,0
2024,78168,서건창,KIA,94,4,3,1,75,5,0
2024,52630,소크라테스,KIA,140,18,13,5,72.2,11,1
2024,68330,예진원,KIA,22,0,0,0,,0,0
2024,69636,오선우,KIA,3,0,0,0,,0,0
2024,52667,윤도현,KIA,6,1,1,0,100,0,0
2024,63260,이우성,KIA,112,8,7,1,87.5,5,0
2024,64560,이창진,KIA,103,7,4,3,57.1,1,0
2024,62951,이형범,KIA,1,0,0,0,,0,0
2024,66609,전상현,KIA,1,0,0,0,,0,0
2024,50662,정해영,KIA,2,0,0,0,,0,0
2024,66606,최원준,KIA,136,30,21,9,70,3,1
2024,65464,최정용,KIA,6,0,0,0,,0,0
2024,52639,최지민,KIA,2,0,0,0,,0,0
2024,72443,최형우,KIA,116,2,1,1,50,1,0
2024,63722,한승택,KIA,20,0,0,0,,0,0
2024,68646,한준수,KIA,115,0,0,0,,2,0
2024,50600,홍종표,KIA,100,7,5,2,71.4,0,0
2024,65610,황대인,KIA,3,0,0,0,,0,0
2024,52641,황동하,KIA,1,0,0,0,,0,0
2024,54344,고영우,키움,94,0,0,0,,1,0
2024,53312,김건희,키움,83,0,0,0,,1,0
2024,50393,김동욱,키움,1,0,0,0,,0,0
2024,53344,김동헌,키움,2,0,0,0,,0,0
2024,50304,김병휘,키움,28,0,0,0,,0,0
2024,66018,김선기,키움,1,0,0,0,,0,0
2024,68346,김수환,키움,2,0,0,0,,0,0
2024,51303,김시앙,키움,6,0,0,0,,0,0
2024,54368,김연주,키움,4,0,0,0,,0,0
2024,65898,김웅빈,키움,12,0,0,0,,0,0
2024,54319,김윤하,키움,1,0,0,0,,0,0
2024,67391,김재웅,키움,2,0,0,0,,0,0
2024,62332,김재현,키움,110,2,1,1,50,0,0
2024,69306,김주형,키움,22,1,0,1,0,1,0
2024,64984,김태진,키움,81,0,0,0,,0,0
2024,67304,김혜성,키움,127,36,30,6,83.3,6,1
2024,53327,도슨,키움,95,4,2,2,50,5,0
2024,60336,문성현,키움,1,0,0,0,,0,0
2024,54304,박범준,키움,1,0,0,0,,0,0
2024,53305,박성빈,키움,12,0,0,0,,0,0
2024,52305,박수종,키움,80,3,3,0,100,2,0
2024,50357,박주홍,키움,25,2,2,0,100,0,0
2024,69363,박준형,키움,4,0,0,0,,0,0
2024,68305,변상권,키움,77,0,0,0,,1,0
2024,65357,송성문,키움,142,21,21,0,100,3,1
2024,65357,송성문,키움,142,21,21,0,100,3,1
2024,54394,송지후,키움,2,0,0,0,,0,0
2024,50312,신준우,키움,1,0,0,0,,0,0
2024,54306,심휘윤,키움,1,0,0,0,,0,0
2024,67365,양지율,키움,1,0,0,0,,0,0
2024,67116,오석주,키움,1,0,0,0,,0,0
2024,54307,원성준,키움,51,2,2,0,100,0,0
2024,76118,원종현,키움,1,0,0,0,,0,0
2024,69399,윤정현,키움,1,0,0,0,,0,0
2024,53302,이승원,키움,20,0,0,0,,0,0
2024,74163,이용규,키움,60,4,2,2,50,3,0
2024,75566,이원석,키움,39,0,0,0,,0,0
2024,54305,이재상,키움,36,0,0,0,,1,0
2024,50167,이주형,키움,115,6,6,0,100,2,0
2024,78135,이형종,키움,35,1,1,0,100,1,0
2024,64346,임병욱,키움,42,1,1,0,100,0,0
2024,64340,임지열,키움,22,0,0,0,,0,1
2024,51359,장재영,키움,38,0,0,0,,1,0
2024,69332,주성원,키움,27,0,0,0,,0,0
2024,52330,주승우,키움,5,0,0,0,,0,0
2024,76267,최주환,키움,130,1,0,1,0,3,0
2024,53006,강건,KT,1,0,0,0,,0,0
2024,69064,강민성,KT,1,0,0,0,,0,0
2024,68050,강백호,KT,144,8,6,2,75,6,0
2024,50066,강현우,KT,18,0,0,0,,0,0
2024,51003,권동진,KT,9,0,0,0,,0,0
2024,51005,김건형,KT,13,0,0,0,,0,0
2024,68043,김민,KT,1,0,0,0,,0,0
2024,64004,김민혁,KT,115,6,4,2,66.7,3,0
2024,52002,김병준,KT,35,0,0,0,,1,0
2024,79402,김상수,KT,113,5,3,2,60,1,0
2024,51097,김영현,KT,1,0,0,0,,0,0
2024,62558,김준태,KT,23,0,0,0,,0,0
2024,67025,로하스,KT,144,3,2,1,66.7,7,0
2024,64007,문상철,KT,125,7,6,1,85.7,1,1
2024,73113,박경수,KT,5,0,0,0,,0,0
2024,69056,박민석,KT,20,1,0,1,0,0,0
2024,66047,박세진,KT,1,0,0,0,,0,0
2024,60559,박시영,KT,1,0,0,0,,0,0
2024,52060,박영현,KT,6,0,0,0,,0,0
2024,64166,배정대,KT,113,16,9,7,56.3,4,1
2024,50109,성재헌,KT,2,0,0,0,,0,0
2024,69041,손동현,KT,2,0,0,0,,0,0
2024,64012,송민섭,KT,36,1,0,1,0,0,0
2024,62556,신본기,KT,84,2,2,0,100,0,0
2024,64006,심우준,KT,53,8,7,1,87.5,1,0
2024,67006,안치영,KT,31,1,0,1,0,0,0
2024,52001,안현민,KT,16,0,0,0,,0,0
2024,64504,오윤석,KT,73,1,0,1,0,0,0
2024,75334,오재일,KT,105,0,0,0,,3,0
2024,73117,우규민,KT,2,0,0,0,,0,0
2024,50092,윤준혁,KT,13,0,0,0,,0,0
2024,69068,이선우,KT,3,0,0,0,,0,0
2024,68504,이호연,KT,27,0,0,0,,0,0
2024,78548,장성우,KT,131,5,5,0,100,3,0
2024,64115,장준원,KT,17,0,0,0,,0,0
2024,53058,정준영,KT,43,0,0,0,,0,0
2024,68089,조대현,KT,26,0,0,0,,0,0
2024,64868,조용호,KT,60,6,5,1,83.3,1,1
2024,65060,주권,KT,2,0,0,0,,0,0
2024,50054,천성호,KT,75,7,7,0,100,2,1
2024,67005,홍현빈,KT,28,0,0,0,,0,0
2024,76313,황재균,KT,137,10,4,6,40,4,0
2024,69100,구본혁,LG,133,12,8,4,66.7,4,0
2024,54164,김대원,LG,19,3,2,1,66.7,1,0
2024,66145,김대현,LG,3,0,0,0,,0,0
2024,67504,김민수,LG,19,0,0,0,,0,0
2024,53144,김범석,LG,70,0,0,0,,1,0
2024,52105,김성우,LG,4,0,0,0,,0,0
2024,69105,김성진,LG,14,0,0,0,,1,0
2024,50115,김수인,LG,4,0,0,0,,0,0
2024,68130,김영준,LG,1,0,0,0,,0,0
2024,64596,김유영,LG,2,0,0,0,,0,0
2024,66162,김주성,LG,12,0,0,0,,0,0
2024,75867,김진성,LG,4,0,0,0,,0,0
2024,76290,김현수,LG,137,7,6,1,85.7,7,1
2024,54166,김현종,LG,17,0,0,0,,0,0
2024,69102,문보경,LG,144,13,7,6,53.8,2,2
2024,68119,문성주,LG,96,20,13,7,65,5,0
2024,79365,박동원,LG,130,1,1,0,100,6,0
2024,53139,박명근,LG,1,0,0,0,,0,0
2024,62415,박해민,LG,144,56,43,13,76.8,4,4
2024,65109,백승현,LG,3,0,0,0,,0,0
2024,68110,송찬의,LG,10,1,1,0,100,0,0
2024,65207,신민재,LG,128,43,32,11,74.4,7,0
2024,65115,안익훈,LG,37,2,2,0,100,0,0
2024,53123,오스틴,LG,140,20,12,8,60,6,1
2024,79109,오지환,LG,108,21,17,4,81,4,0
2024,50106,유영찬,LG,8,0,0,0,,0,0
2024,51100,이영빈,LG,31,1,0,1,0,1,0
2024,50904,이종준,LG,2,0,0,0,,0,0
2024,52154,이주헌,LG,3,0,0,0,,0,0
2024,69108,이지강,LG,4,0,0,0,,0,0
2024,69113,임준형,LG,1,0,0,0,,0,0
2024,67123,전준호,LG,3,0,0,0,,0,0
2024,69159,정우영,LG,1,0,0,0,,0,0
2024,54148,진우영,LG,1,0,0,0,,0,0
2024,79140,최동환,LG,1,0,0,0,,0,0
2024,54112,최명경,LG,1,0,0,0,,0,0
2024,65905,최승민,LG,57,18,11,7,61.1,1,2
2024,52103,최원영,LG,57,10,6,4,60,1,1
2024,63248,함덕주,LG,1,0,0,0,,0,0
2024,50108,함창건,LG,15,0,0,0,,0,0
2024,77243,허도환,LG,59,1,0,1,0,2,0
2024,66108,홍창기,LG,139,21,10,11,47.6,8,1
2024,54567,강성우,롯데,2,1,0,1,0,0,0
2024,54506,강승구,롯데,5,0,0,0,,0,0
2024,65514,강태율,롯데,10,0,0,0,,0,0
2024,69517,고승민,롯데,120,9,5,4,55.6,6,0
2024,65522,김강현,롯데,2,0,0,0,,0,0
2024,52504,김동혁,롯데,39,4,3,1,75,0,2
2024,53554,김민석,롯데,41,4,3,1,75,0,0
2024,77564,김민성,롯데,35,1,0,1,0,0,0
2024,76430,김상수,롯데,1,0,0,0,,0,0
2024,62528,김원중,롯데,1,0,0,0,,0,0
2024,51551,나승엽,롯데,121,1,1,0,100,3,0
2024,62931,노진혁,롯데,73,0,0,0,,0,0
2024,54529,레이예스,롯데,144,5,5,0,100,5,1
2024,62802,박승욱,롯데,139,9,4,5,44.4,7,0
2024,54507,백두산,롯데,1,0,0,0,,0,0
2024,53569,서동욱,롯데,33,0,0,0,,0,0
2024,51528,손성빈,롯데,86,0,0,0,,2,0
2024,50150,손호영,롯데,102,11,7,4,63.6,2,2
2024,69508,신윤후,롯데,39,0,0,0,,1,1
2024,78756,오선진,롯데,26,0,0,0,,0,0
2024,61102,유강남,롯데,52,0,0,0,,2,0
2024,52591,윤동희,롯데,141,15,7,8,46.7,8,0
2024,54595,이선우,롯데,7,0,0,0,,0,0
2024,50608,이인한,롯데,5,0,0,0,,0,0
2024,67644,이정훈,롯데,65,0,0,0,,1,0
2024,51560,이주찬,롯데,17,0,0,0,,0,0
2024,69453,이학주,롯데,43,1,0,1,0,2,0
2024,54598,이호준,롯데,12,0,0,0,,0,0
2024,68507,장두성,롯데,71,17,14,3,82.4,2,0
2024,78513,전준우,롯데,109,4,3,1,75,3,1
2024,53568,정대선,롯데,3,0,0,0,,0,0
2024,68518,정보근,롯데,89,0,0,0,,0,0
2024,60523,정훈,롯데,109,2,1,1,50,2,1
2024,62884,최항,롯데,72,1,0,1,0,1,1
2024,68362,추재현,롯데,2,1,1,0,100,0,0
2024,68525,한동희,롯데,14,0,0,0,,1,0
2024,68260,현도훈,롯데,2,0,0,0,,0,0
2024,50500,황성빈,롯데,125,61,51,10,83.6,6,4
2024,63963,권희동,NC,123,4,4,0,100,3,1
2024,69980,김범준,NC,5,0,0,0,,0,0
2024,62934,김성욱,NC,129,14,10,4,71.4,0,1
2024,54905,김세훈,NC,7,0,0,0,,0,0
2024,67900,김수윤,NC,9,0,0,0,,0,0
2024,68900,김영규,NC,1,0,0,0,,0,0
2024,64580,김재열,NC,1,0,0,0,,0,0
2024,51907,김주원,NC,134,22,16,6,72.7,5,0
2024,50902,김한별,NC,40,0,0,0,,0,0
2024,68912,김형준,NC,119,0,0,0,,3,1
2024,51344,김휘집,NC,140,7,4,3,57.1,4,2
2024,54944,데이비슨,NC,131,1,0,1,0,4,0
2024,66965,도태훈,NC,100,1,1,0,100,1,0
2024,65949,류진욱,NC,1,0,0,0,,0,0
2024,79215,박건우,NC,89,4,4,0,100,0,0
2024,62907,박민우,NC,121,39,32,7,82.1,6,4
2024,62244,박세혁,NC,82,4,4,0,100,1,0
2024,50996,박시원,NC,55,3,3,0,100,1,1
2024,50906,박영빈,NC,19,3,2,1,66.7,0,0
2024,53992,박한결,NC,28,0,0,0,,0,0
2024,69995,서호철,NC,141,4,1,3,25,9,0
2024,77532,손아섭,NC,84,8,6,2,75,4,0
2024,69962,송명기,NC,1,0,0,0,,0,0
2024,69203,송승환,NC,3,0,0,0,,0,0
2024,53991,신용석,NC,2,0,0,0,,0,0
2024,64022,안중열,NC,10,0,0,0,,0,0
2024,68904,오영수,NC,20,0,0,0,,0,0
2024,67905,천재환,NC,89,10,8,2,80,3,0
2024,69992,최정원,NC,65,10,7,3,70,4,0
2024,64101,한석현,NC,40,3,2,1,66.7,1,0
2024,51994,한재승,NC,1,0,0,0,,0,0
2024,50903,한재환,NC,7,0,0,0,,0,0
2024,74540,강민호,삼성,136,3,3,0,100,7,0
2024,64610,강한울,삼성,18,0,0,0,,0,0
2024,68407,공민규,삼성,12,0,0,0,,0,0
2024,62404,구자욱,삼성,129,17,13,4,76.5,10,1
2024,61365,김대우,삼성,1,0,0,0,,0,0
2024,69442,김도환,삼성,1,0,0,0,,0,0
2024,66838,김동엽,삼성,8,0,0,0,,0,0
2024,51403,김동진,삼성,30,0,0,0,,0,0
2024,64793,김민수,삼성,9,0,0,0,,0,0
2024,67449,김성윤,삼성,32,4,3,1,75,0,0
2024,52430,김영웅,삼성,126,11,9,2,81.8,1,0
2024,53400,김재상,삼성,35,4,4,0,100,1,0
2024,65132,김재성,삼성,10,0,0,0,,0,0
2024,65062,김재윤,삼성,3,0,0,0,,0,0
2024,52424,김재혁,삼성,35,4,2,2,50,2,0
2024,50458,김지찬,삼성,135,46,42,4,91.3,1,2
2024,62360,김태훈,삼성,1,0,0,0,,0,0
2024,65040,김태훈,삼성,12,0,0,0,,0,0
2024,61404,김헌곤,삼성,117,6,4,2,66.7,1,0
2024,51417,김현준,삼성,79,2,2,0,100,1,0
2024,54460,김호진,삼성,26,0,0,0,,1,0
2024,54400,디아즈,삼성,29,0,0,0,,1,0
2024,53404,류승민,삼성,5,0,0,0,,0,0
2024,62234,류지혁,삼성,100,15,11,4,73.3,4,1
2024,54424,맥키넌,삼성,72,1,1,0,100,2,0
2024,75125,박병호,삼성,120,4,4,0,100,1,0
2024,66406,안주형,삼성,82,6,4,2,66.7,2,0
2024,54408,양도근,삼성,16,0,0,0,,0,0
2024,69403,양우현,삼성,7,0,0,0,,0,0
2024,75421,오승환,삼성,2,0,0,0,,0,0
2024,54404,육선엽,삼성,1,0,0,0,,0,0
2024,68463,윤정빈,삼성,69,4,1,3,25,0,0
2024,69428,이병헌,삼성,95,0,0,0,,1,0
2024,63960,이상민,삼성,1,0,0,0,,0,0
2024,66409,이성규,삼성,122,11,9,2,81.8,1,0
2024,52415,이재현,삼성,109,3,2,1,66.7,2,0
2024,51407,이창용,삼성,9,0,0,0,,0,0
2024,65586,전병우,삼성,58,1,0,1,0,0,0
2024,67421,최지광,삼성,1,0,0,0,,0,0
2024,54444,카디네스,삼성,7,1,0,1,0,0,0
2024,62925,강진성,SSG,16,0,0,0,,0,0
2024,51868,고명준,SSG,106,7,3,4,42.9,1,1
2024,62864,김민식,SSG,45,0,0,0,,1,0
2024,76802,김성현,SSG,71,2,2,0,100,0,0
2024,66917,김찬형,SSG,5,0,0,0,,0,0
2024,69825,김창평,SSG,6,1,1,0,100,0,0
2024,50868,류효승,SSG,1,0,0,0,,0,0
2024,62869,문승원,SSG,6,0,0,0,,0,0
2024,64893,박민호,SSG,1,0,0,0,,0,0
2024,67893,박성한,SSG,137,16,13,3,81.3,4,1
2024,54805,박지환,SSG,76,11,8,3,72.7,4,0
2024,66662,신범수,SSG,11,0,0,0,,0,0
2024,66864,안상현,SSG,37,2,1,1,50,0,0
2024,53827,에레디아,SSG,136,7,4,3,57.1,7,0
2024,60558,오태곤,SSG,117,31,27,4,87.1,0,1
2024,53892,이로운,SSG,3,0,0,0,,0,0
2024,79456,이지영,SSG,123,9,8,1,88.9,0,0
2024,50820,전의산,SSG,34,1,0,1,0,0,0
2024,54812,정준재,SSG,88,21,16,5,76.2,4,0
2024,54815,정현승,SSG,23,1,1,0,100,1,0
2024,51897,조병현,SSG,3,0,0,0,,0,0
2024,51865,조형우,SSG,19,0,0,0,,0,0
2024,69804,채현우,SSG,1,0,0,0,,0,0
2024,69802,최경모,SSG,50,9,6,3,66.7,0,0
2024,65157,최민창,SSG,7,0,0,0,,0,0
2024,68805,최상민,SSG,43,3,2,1,66.7,0,0
2024,75847,최정,SSG,129,6,5,1,83.3,4,0
2024,68868,최준우,SSG,18,0,0,0,,0,0
2024,50854,최지훈,SSG,125,37,32,5,86.5,2,0
2024,51817,추신수,SSG,78,6,5,1,83.3,3,0
2024,69813,하재훈,SSG,107,17,15,2,88.2,1,0
2024,68092,한두솔,SSG,1,0,0,0,,0,0
2024,62895,한유섬,SSG,132,1,0,1,0,0,0
2024,50840,현원회,SSG,1,0,0,0,,0,0
2025,63123,강승호,두산,115,17,14,3,82.4,3,1
2025,51269,강현구,두산,1,0,0,0,,0,0
2025,72523,고효준,두산,1,0,0,0,,0,0
2025,66112,김기연,두산,100,1,1,0,100,1,0
2025,69238,김대한,두산,16,1,0,1,0,0,0
2025,52267,김동준,두산,36,2,1,1,50,0,0
2025,53554,김민석,두산,95,5,3,2,60,3,1
2025,65269,김민혁,두산,10,0,0,0,,0,0
2025,55216,김성재,두산,1,0,0,0,,0,0
2025,63257,김인태,두산,106,1,0,1,0,1,0
2025,74206,김재호,두산,1,0,0,0,,0,0
2025,78224,김재환,두산,103,9,7,2,77.8,7,0
2025,68830,김정우,두산,1,0,0,0,,0,0
2025,55226,김준상,두산,9,0,0,0,,0,0
2025,54263,김택연,두산,5,0,0,0,,0,0
2025,55221,김한중,두산,1,0,0,0,,0,0
2025,68269,김호준,두산,1,0,0,0,,0,0
2025,54219,류현준,두산,17,0,0,0,,0,0
2025,64468,박계범,두산,94,4,3,1,75,5,1
2025,53204,박민준,두산,7,0,0,0,,0,0
2025,51298,박성재,두산,6,0,0,0,,0,0
2025,68249,박신지,두산,1,0,0,0,,0,0
2025,55252,박준순,두산,91,12,10,2,83.3,5,0
2025,66928,박준영,두산,41,3,3,0,100,1,0
2025,50204,박지훈,두산,37,1,1,0,100,3,0
2025,67266,박치국,두산,1,0,0,0,,0,0
2025,51203,안재석,두산,35,3,2,1,66.7,2,0
2025,64153,양석환,두산,72,1,1,0,100,1,0
2025,76232,양의지,두산,130,6,4,2,66.7,5,1
2025,55215,양재훈,두산,1,0,0,0,,0,0
2025,54205,여동건,두산,19,1,0,1,0,0,0
2025,50208,오명진,두산,107,8,5,3,62.5,4,1
2025,55224,이선우,두산,10,0,0,0,,0,0
2025,66291,이영하,두산,1,0,0,0,,0,0
2025,67207,이유찬,두산,89,14,12,2,85.7,3,0
2025,54236,임종성,두산,33,1,1,0,100,0,0
2025,63202,장승현,두산,4,0,0,0,,0,0
2025,54214,전다민,두산,22,3,3,0,100,0,1
2025,79231,정수빈,두산,132,39,26,13,66.7,2,1
2025,66209,조수행,두산,108,37,30,7,81.1,3,1
2025,52208,천현재,두산,3,0,0,0,,1,0
2025,67263,최원준,두산,1,0,0,0,,0,0
2025,68362,추재현,두산,34,0,0,0,,0,0
2025,55208,케이브,두산,136,18,17,1,94.4,8,0
2025,55267,홍민규,두산,2,0,0,0,,0,0
2025,66233,홍성호,두산,9,0,0,0,,0,0
2025,52769,권광민,한화,15,0,0,0,,0,0
2025,53754,김서현,한화,3,0,0,0,,0,0
2025,50711,김승일,한화,1,0,0,0,,0,0
2025,66715,김인환,한화,10,0,0,0,,1,0
2025,63765,김종수,한화,1,0,0,0,,0,0
2025,66704,김태연,한화,120,8,5,3,62.5,2,0
2025,69737,노시환,한화,144,19,14,5,73.7,9,1
2025,55703,리베라토,한화,62,1,1,0,100,3,0
2025,53764,문현빈,한화,141,23,17,6,73.9,4,2
2025,67703,박상원,한화,1,0,0,0,,0,0
2025,50709,박정현,한화,2,0,0,0,,0,0
2025,77532,손아섭,한화,111,4,0,4,0,7,0
2025,64006,심우준,한화,94,12,11,1,91.7,3,1
2025,79608,안치홍,한화,66,3,3,0,100,2,0
2025,69766,유로결,한화,20,1,1,0,100,0,2
2025,69213,윤산흠,한화,1,0,0,0,,0,0
2025,65703,이도윤,한화,113,1,1,0,100,1,0
2025,55710,이민재,한화,3,0,0,0,,0,0
2025,52704,이상혁,한화,39,7,3,4,42.9,0,1
2025,55712,이승현,한화,4,0,0,0,,0,0
2025,68700,이원석,한화,129,25,22,3,88,3,3
2025,76812,이재원,한화,98,2,1,1,50,0,0
2025,66657,이진영,한화,115,5,1,4,20,1,0
2025,50704,임종찬,한화,17,2,2,0,100,1,0
2025,51762,장규현,한화,2,0,0,0,,0,0
2025,55743,정우주,한화,3,0,0,0,,0,0
2025,54768,조동욱,한화,2,0,0,0,,0,0
2025,79192,채은성,한화,132,3,1,2,33.3,3,1
2025,50707,최인호,한화,78,1,1,0,100,2,0
2025,78288,최재훈,한화,121,2,1,1,50,2,0
2025,55734,플로리얼,한화,65,16,13,3,81.3,4,2
2025,62700,하주석,한화,95,3,2,1,66.7,3,0
2025,61666,한승혁,한화,1,0,0,0,,0,0
2025,52764,허인서,한화,20,0,0,0,,0,0
2025,54795,황영묵,한화,117,4,1,3,25,3,2
2025,61353,고종욱,KIA,46,3,2,1,66.7,3,0
2025,66614,김규성,KIA,133,7,5,2,71.4,0,0
2025,69620,김기훈,KIA,2,0,0,0,,0,0
2025,60337,김대유,KIA,1,0,0,0,,0,0
2025,52605,김도영,KIA,30,3,3,0,100,1,0
2025,67610,김석환,KIA,47,0,0,0,,1,0
2025,78603,김선빈,KIA,84,4,4,0,100,3,0
2025,68928,김시훈,KIA,4,0,0,0,,0,0
2025,78122,김태군,KIA,100,0,0,0,,3,1
2025,69516,김현수,KIA,1,0,0,0,,0,0
2025,65653,김호령,KIA,105,13,12,1,92.3,7,0
2025,62947,나성범,KIA,82,0,0,0,,0,1
2025,50657,박민,KIA,71,1,1,0,100,0,0
2025,55636,박재현,KIA,58,7,4,3,57.1,0,0
2025,67609,박정우,KIA,53,3,2,1,66.7,2,0
2025,64646,박찬호,KIA,134,33,27,6,81.8,5,0
2025,55637,박헌,KIA,8,0,0,0,,0,0
2025,69727,변우혁,KIA,47,0,0,0,,0,1
2025,78168,서건창,KIA,10,1,1,0,100,0,0
2025,69636,오선우,KIA,124,2,0,2,0,3,1
2025,55645,위즈덤,KIA,119,3,3,0,100,0,2
2025,52667,윤도현,KIA,40,3,2,1,66.7,1,0
2025,55632,이성원,KIA,1,0,0,0,,0,0
2025,65665,이준영,KIA,1,0,0,0,,0,0
2025,64560,이창진,KIA,37,2,0,2,0,1,0
2025,66609,전상현,KIA,1,0,0,0,,0,0
2025,50662,정해영,KIA,1,0,0,0,,0,0
2025,53659,정해원,KIA,24,0,0,0,,0,0
2025,55926,정현창,KIA,16,1,0,1,0,0,0
2025,63342,조상우,KIA,2,0,0,0,,0,0
2025,66354,주효상,KIA,8,0,0,0,,0,0
2025,65464,최정용,KIA,4,0,0,0,,0,0
2025,72443,최형우,KIA,133,1,1,0,100,4,0
2025,63722,한승택,KIA,15,0,0,0,,0,0
2025,51994,한재승,KIA,2,0,0,0,,0,0
2025,68646,한준수,KIA,103,0,0,0,,1,0
2025,65610,황대인,KIA,18,0,0,0,,1,0
2025,52641,황동하,KIA,3,0,0,0,,0,0
2025,62925,강진성,키움,6,0,0,0,,0,0
2025,54344,고영우,키움,14,0,0,0,,0,0
2025,55371,권혁빈,키움,22,0,0,0,,0,0
2025,53312,김건희,키움,105,3,2,1,66.7,1,0
2025,66838,김동엽,키움,9,0,0,0,,0,0
2025,53344,김동헌,키움,49,0,0,0,,0,0
2025,50304,김병휘,키움,7,0,0,0,,1,0
2025,65898,김웅빈,키움,10,0,0,0,,1,0
2025,62332,김재현,키움,62,1,1,0,100,0,0
2025,64984,김태진,키움,94,2,1,1,50,2,0
2025,52305,박수종,키움,38,1,1,0,100,0,0
2025,53301,박윤성,키움,3,0,0,0,,0,0
2025,55394,박정훈,키움,1,0,0,0,,0,0
2025,69328,박주성,키움,2,0,0,0,,0,0
2025,50357,박주홍,키움,102,12,11,1,91.7,2,1
2025,68305,변상권,키움,12,0,0,0,,0,0
2025,53309,서유신,키움,6,0,0,0,,0,0
2025,65357,송성문,키움,144,27,25,2,92.6,6,2
2025,54394,송지후,키움,33,1,0,1,0,1,0
2025,55326,스톤,키움,22,0,0,0,,0,0
2025,69045,알칸타라,키움,1,0,0,0,,0,0
2025,55370,양현종,키움,12,0,0,0,,0,0
2025,55392,어준서,키움,116,1,1,0,100,2,0
2025,55393,여동욱,키움,28,0,0,0,,1,0
2025,55339,염승원,키움,11,0,0,0,,0,0
2025,78756,오선진,키움,99,0,0,0,,1,0
2025,54307,원성준,키움,24,0,0,0,,0,0
2025,53302,이승원,키움,1,0,0,0,,0,0
2025,74163,이용규,키움,14,1,1,0,100,0,0
2025,75566,이원석,키움,5,0,0,0,,0,0
2025,54305,이재상,키움,2,0,0,0,,0,0
2025,51302,이주형,키움,11,0,0,0,,0,0
2025,50167,이주형,키움,127,16,15,1,93.8,2,2
2025,55301,이준우,키움,1,0,0,0,,0,0
2025,78135,이형종,키움,33,1,1,0,100,0,0
2025,64346,임병욱,키움,52,1,1,0,100,1,0
2025,64340,임지열,키움,102,19,13,6,68.4,3,0
2025,51359,장재영,키움,10,1,1,0,100,0,0
2025,55397,전태현,키움,77,4,4,0,100,1,0
2025,69332,주성원,키움,58,4,4,0,100,3,0
2025,52330,주승우,키움,2,0,0,0,,0,0
2025,76267,최주환,키움,120,0,0,0,,6,0
2025,54444,카디네스,키움,86,3,1,2,33.3,4,0
2025,52366,푸이그,키움,40,0,0,0,,0,0
2025,69064,강민성,KT,25,0,0,0,,0,0
2025,68050,강백호,KT,95,6,2,4,33.3,1,2
2025,50066,강현우,KT,40,0,0,0,,0,0
2025,51003,권동진,KT,123,4,3,1,75,1,1
2025,51005,김건형,KT,2,0,0,0,,0,0
2025,54097,김민석,KT,2,0,0,0,,0,0
2025,65048,김민수,KT,1,0,0,0,,0,0
2025,64004,김민혁,KT,106,14,11,3,78.6,2,0
2025,52002,김병준,KT,9,0,0,0,,0,0
2025,79402,김상수,KT,113,4,3,1,75,1,0
2025,67025,로하스,KT,95,2,1,1,50,2,0
2025,64007,문상철,KT,79,2,1,1,50,1,0
2025,55046,박건우,KT,2,0,0,0,,0,0
2025,73113,박경수,KT,1,0,0,0,,0,0
2025,69056,박민석,KT,19,1,0,1,0,1,0
2025,52060,박영현,KT,5,0,0,0,,0,0
2025,64166,배정대,KT,99,9,6,3,66.7,2,0
2025,69041,손동현,KT,1,0,0,0,,0,0
2025,64012,송민섭,KT,3,0,0,0,,1,0
2025,55013,스티븐슨,KT,39,2,2,0,100,5,1
2025,67006,안치영,KT,47,2,0,2,0,0,0
2025,52001,안현민,KT,112,8,7,1,87.5,3,2
2025,55005,오서진,KT,3,0,0,0,,0,0
2025,64504,오윤석,KT,77,0,0,0,,3,0
2025,73117,우규민,KT,2,0,0,0,,0,0
2025,51013,유준규,KT,35,3,2,1,66.7,1,0
2025,50092,윤준혁,KT,28,1,1,0,100,0,0
2025,69054,이상동,KT,2,0,0,0,,0,0
2025,67048,이정현,KT,2,0,0,0,,0,0
2025,67644,이정훈,KT,59,1,0,1,0,0,0
2025,68504,이호연,KT,32,0,0,0,,2,0
2025,78548,장성우,KT,129,1,0,1,0,4,0
2025,64115,장준원,KT,73,0,0,0,,0,1
2025,66706,장진혁,KT,86,1,1,0,100,0,1
2025,68089,조대현,KT,64,0,0,0,,0,0
2025,65060,주권,KT,2,0,0,0,,0,0
2025,79140,최동환,KT,1,0,0,0,,0,0
2025,51007,최성민,KT,32,1,1,0,100,0,0
2025,79240,허경민,KT,114,5,4,1,80,4,0
2025,76313,황재균,KT,112,4,3,1,75,6,0
2025,69100,구본혁,LG,131,15,10,5,66.7,2,1
2025,67504,김민수,LG,13,1,1,0,100,0,0
2025,52105,김성우,LG,7,0,0,0,,0,0
2025,55167,김영우,LG,4,0,0,0,,0,0
2025,66162,김주성,LG,16,2,0,2,0,0,0
2025,62558,김준태,LG,2,0,0,0,,0,0
2025,75867,김진성,LG,5,0,0,0,,0,0
2025,51154,김진수,LG,1,0,0,0,,0,0
2025,76290,김현수,LG,140,4,4,0,100,4,0
2025,54166,김현종,LG,10,0,0,0,,0,0
2025,69102,문보경,LG,141,4,3,1,75,3,0
2025,68119,문성주,LG,135,7,4,3,57.1,8,0
2025,52121,문정빈,LG,21,0,0,0,,0,0
2025,55164,박관우,LG,39,0,0,0,,0,0
2025,79365,박동원,LG,139,4,4,0,100,7,0
2025,53139,박명근,LG,5,0,0,0,,0,0
2025,62415,박해민,LG,144,63,49,14,77.8,5,0
2025,65109,백승현,LG,3,0,0,0,,0,0
2025,54156,손용준,LG,9,1,1,0,100,0,0
2025,68110,송찬의,LG,66,4,2,2,50,0,1
2025,65207,신민재,LG,135,24,15,9,62.5,4,1
2025,53123,오스틴,LG,116,3,3,0,100,2,0
2025,79109,오지환,LG,127,16,9,7,56.3,7,0
2025,51526,우강훈,LG,2,0,0,0,,0,0
2025,50106,유영찬,LG,11,0,0,0,,0,0
2025,51100,이영빈,LG,44,1,1,0,100,0,1
2025,61145,이우찬,LG,1,0,0,0,,0,0
2025,69134,이정용,LG,8,0,0,0,,0,0
2025,52154,이주헌,LG,76,0,0,0,,2,0
2025,69108,이지강,LG,6,0,0,0,,0,0
2025,63950,장현식,LG,6,0,0,0,,0,0
2025,50054,천성호,LG,83,4,3,1,75,2,2
2025,65905,최승민,LG,19,3,1,2,33.3,0,0
2025,52103,최원영,LG,119,12,8,4,66.7,1,2
2025,63248,함덕주,LG,3,0,0,0,,0,0
2025,50108,함창건,LG,15,0,0,0,,1,0
2025,66108,홍창기,LG,51,3,3,0,100,1,0
2025,54567,강성우,롯데,1,1,0,1,0,0,0
2025,54506,강승구,롯데,1,0,0,0,,0,0
2025,69517,고승민,롯데,121,6,5,1,83.3,4,0
2025,63543,구승민,롯데,1,0,0,0,,0,0
2025,65522,김강현,롯데,1,0,0,0,,0,0
2025,52504,김동혁,롯데,93,17,13,4,76.5,2,0
2025,77564,김민성,롯데,96,1,0,1,0,1,0
2025,76430,김상수,롯데,1,0,0,0,,0,0
2025,62528,김원중,롯데,8,0,0,0,,0,0
2025,51551,나승엽,롯데,105,0,0,0,,5,0
2025,62931,노진혁,롯데,28,0,0,0,,0,0
2025,54529,레이예스,롯데,144,8,7,1,87.5,6,0
2025,55509,박건우,롯데,6,0,0,0,,0,0
2025,62802,박승욱,롯데,54,2,1,1,50,0,0
2025,55563,박재엽,롯데,9,0,0,0,,0,0
2025,54503,박준우,롯데,1,0,0,0,,0,0
2025,69594,박진,롯데,1,0,0,0,,0,0
2025,55530,박찬형,롯데,48,2,1,1,50,4,0
2025,51528,손성빈,롯데,51,0,0,0,,0,0
2025,50150,손호영,롯데,97,7,7,0,100,4,0
2025,69508,신윤후,롯데,12,1,1,0,100,1,0
2025,61102,유강남,롯데,110,0,0,0,,3,0
2025,52591,윤동희,롯데,97,6,4,2,66.7,1,1
2025,67588,윤성빈,롯데,1,0,0,0,,0,0
2025,50608,이인한,롯데,4,0,0,0,,1,0
2025,55511,이태경,롯데,2,0,0,0,,0,0
2025,54598,이호준,롯데,99,1,1,0,100,1,0
2025,68507,장두성,롯데,118,22,17,5,77.3,5,1
2025,68205,전민재,롯데,101,6,3,3,50,4,0
2025,78513,전준우,롯데,114,3,2,1,66.7,4,0
2025,68518,정보근,롯데,93,0,0,0,,0,0
2025,68242,정철원,롯데,2,0,0,0,,0,0
2025,54537,정현수,롯데,3,0,0,0,,0,0
2025,60523,정훈,롯데,77,0,0,0,,1,0
2025,52516,조세진,롯데,12,0,0,0,,0,0
2025,62884,최항,롯데,8,0,0,0,,0,0
2025,55506,한승현,롯데,19,2,1,1,50,0,0
2025,52568,한태양,롯데,108,5,3,2,60,3,0
2025,50500,황성빈,롯데,79,29,25,4,86.2,1,0
2025,54908,고승완,NC,17,3,2,1,66.7,0,0
2025,63963,권희동,NC,136,10,5,5,50,4,0
2025,69980,김범준,NC,1,0,0,0,,0,0
2025,68900,김영규,NC,1,0,0,0,,0,0
2025,51903,김정호,NC,8,0,0,0,,0,0
2025,51907,김주원,NC,144,55,44,11,80,1,3
2025,55995,김태훈,NC,1,0,0,0,,0,0
2025,50902,김한별,NC,76,1,1,0,100,0,0
2025,68912,김형준,NC,127,3,3,0,100,7,0
2025,51344,김휘집,NC,142,12,10,2,83.3,2,1
2025,54944,데이비슨,NC,112,1,1,0,100,2,0
2025,66965,도태훈,NC,61,3,3,0,100,1,1
2025,65949,류진욱,NC,3,0,0,0,,0,0
2025,79215,박건우,NC,124,10,6,4,60,2,0
2025,62907,박민우,NC,117,36,28,8,77.8,8,2
2025,62244,박세혁,NC,48,1,1,0,100,0,0
2025,50996,박시원,NC,52,1,1,0,100,0,0
2025,50906,박영빈,NC,16,6,4,2,66.7,0,1
2025,53992,박한결,NC,8,0,0,0,,0,0
2025,64995,배재환,NC,2,0,0,0,,0,0
2025,69995,서호철,NC,103,10,7,3,70,7,0
2025,67962,소이현,NC,2,0,0,0,,0,0
2025,54904,손주환,NC,2,0,0,0,,0,0
2025,69203,송승환,NC,13,0,0,0,,0,0
2025,50901,안인산,NC,4,0,0,0,,0,0
2025,64022,안중열,NC,33,0,0,0,,0,0
2025,68904,오영수,NC,67,5,3,2,60,0,1
2025,51996,오태양,NC,14,3,2,1,66.7,0,0
2025,63260,이우성,NC,105,3,2,1,66.7,5,1
2025,69969,전사민,NC,1,0,0,0,,0,0
2025,67905,천재환,NC,129,20,15,5,75,1,0
2025,66606,최원준,NC,126,34,26,8,76.5,7,3
2025,69992,최정원,NC,91,36,30,6,83.3,2,0
2025,64101,한석현,NC,61,2,1,1,50,0,1
2025,50903,한재환,NC,16,0,0,0,,0,0
2025,50600,홍종표,NC,62,3,1,2,33.3,0,1
2025,74540,강민호,삼성,127,4,2,2,50,5,0
2025,62404,구자욱,삼성,142,5,4,1,80,7,0
2025,54401,김대호,삼성,1,0,0,0,,0,0
2025,69442,김도환,삼성,6,0,0,0,,0,0
2025,67449,김성윤,삼성,127,33,26,7,78.8,8,0
2025,52430,김영웅,삼성,125,8,6,2,75,3,0
2025,65132,김재성,삼성,43,0,0,0,,1,0
2025,65062,김재윤,삼성,2,0,0,0,,0,0
2025,52424,김재혁,삼성,8,0,0,0,,0,0
2025,50458,김지찬,삼성,90,25,22,3,88,5,0
2025,69207,김태근,삼성,11,0,0,0,,0,0
2025,65040,김태훈,삼성,51,1,1,0,100,1,0
2025,62360,김태훈,삼성,1,0,0,0,,0,0
2025,61404,김헌곤,삼성,77,3,2,1,66.7,0,0
2025,54460,김호진,삼성,1,0,0,0,,0,0
2025,54400,디아즈,삼성,144,1,1,0,100,5,1
2025,62234,류지혁,삼성,129,17,11,6,64.7,11,2
2025,75125,박병호,삼성,77,0,0,0,,0,0
2025,69418,박승규,삼성,64,9,5,4,55.6,0,0
2025,53411,박진우,삼성,1,0,0,0,,0,0
2025,55455,배찬승,삼성,2,0,0,0,,0,0
2025,55438,심재훈,삼성,31,4,3,1,75,1,0
2025,66406,안주형,삼성,8,1,0,1,0,0,0
2025,54408,양도근,삼성,116,6,5,1,83.3,3,0
2025,69403,양우현,삼성,14,0,0,0,,0,0
2025,68415,양창섭,삼성,1,0,0,0,,0,0
2025,54404,육선엽,삼성,2,0,0,0,,0,0
2025,68463,윤정빈,삼성,25,0,0,0,,0,0
2025,69428,이병헌,삼성,55,0,0,0,,0,0
2025,66409,이성규,삼성,68,4,2,2,50,1,0
2025,60146,이승현,삼성,2,0,0,0,,0,0
2025,52415,이재현,삼성,139,7,6,1,85.7,2,0
2025,51460,이재희,삼성,1,0,0,0,,0,0
2025,51407,이창용,삼성,11,1,1,0,100,0,0
2025,69416,이해승,삼성,8,0,0,0,,0,0
2025,53455,이호성,삼성,2,0,0,0,,0,0
2025,65586,전병우,삼성,59,1,1,0,100,0,0
2025,55435,차승준,삼성,1,0,0,0,,0,0
2025,55440,함수호,삼성,6,0,0,0,,0,0
2025,67005,홍현빈,삼성,32,0,0,0,,0,0
2025,51868,고명준,SSG,130,2,2,0,100,1,0
2025,71837,김강민,SSG,1,0,0,0,,0,0
2025,51867,김건우,SSG,1,0,0,0,,0,0
2025,62934,김성욱,SSG,56,3,1,2,33.3,1,0
2025,76802,김성현,SSG,59,2,1,1,50,1,0
2025,67900,김수윤,SSG,7,0,0,0,,0,0
2025,66917,김찬형,SSG,44,0,0,0,,1,0
2025,69825,김창평,SSG,4,0,0,0,,0,0
2025,52803,김태윤,SSG,8,2,1,1,50,0,0
2025,65343,김택형,SSG,1,0,0,0,,0,0
2025,73211,노경은,SSG,1,0,0,0,,0,0
2025,50868,류효승,SSG,27,1,0,1,0,0,0
2025,55844,맥브룸,SSG,22,0,0,0,,0,0
2025,67893,박성한,SSG,127,11,5,6,45.5,4,1
2025,54805,박지환,SSG,31,1,0,1,0,1,0
2025,52804,석정우,SSG,27,0,0,0,,1,0
2025,66662,신범수,SSG,29,0,0,0,,0,0
2025,66864,안상현,SSG,102,23,17,6,73.9,2,0
2025,53827,에레디아,SSG,96,3,1,2,33.3,5,0
2025,60558,오태곤,SSG,122,33,25,8,75.8,2,0
2025,53892,이로운,SSG,1,0,0,0,,0,0
2025,54806,이승민,SSG,2,0,0,0,,0,0
2025,55832,이율예,SSG,8,0,0,0,,0,0
2025,67807,이정범,SSG,3,0,0,0,,0,0
2025,79456,이지영,SSG,76,3,2,1,66.7,2,0
2025,52807,임근우,SSG,3,0,0,0,,0,0
2025,52809,전영준,SSG,1,0,0,0,,0,0
2025,54812,정준재,SSG,132,45,37,8,82.2,4,0
2025,54815,정현승,SSG,3,0,0,0,,0,0
2025,51897,조병현,SSG,2,0,0,0,,0,0
2025,51865,조형우,SSG,102,0,0,0,,2,0
2025,69804,채현우,SSG,41,2,2,0,100,0,0
2025,68856,최민준,SSG,1,0,0,0,,0,0
2025,68805,최상민,SSG,23,2,1,1,50,1,0
2025,75847,최정,SSG,95,1,1,0,100,3,0
2025,68868,최준우,SSG,78,2,2,0,100,1,0
2025,50854,최지훈,SSG,140,35,28,7,80,6,2
2025,54803,최현석,SSG,1,0,0,0,,0,0
2025,69813,하재훈,SSG,18,3,1,2,33.3,0,0
2025,68092,한두솔,SSG,1,0,0,0,,0,0
2025,62895,한유섬,SSG,128,1,1,0,100,2,0
2025,50840,현원회,SSG,21,0,0,0,,0,0
2025,55897,홍대인,SSG,14,2,1,1,50,0,0
