year,player_id,선수명,팀명,ERA,G,W,L,SV,HLD,WPCT,IP,H,HR,BB,HBP,SO,R,ER,WHIP
2021,66201,고봉재,두산,27,1,0,0,0,0,,1.33,5,1,0,0,0,4,4,3.75
2021,68220,곽빈,두산,4.1,21,4,7,0,0,0.364,98.66,78,7,79,12,96,50,45,1.59
2021,50203,권휘,두산,2.66,24,0,0,0,1,,20.33,16,0,14,2,15,6,6,1.48
2021,77263,김강률,두산,2.09,50,3,0,21,3,1,51.66,54,2,25,1,41,15,12,1.53
2021,51294,김도윤,두산,0,1,0,0,0,0,,1.00,0,0,0,0,2,0,0,0
2021,67246,김명신,두산,4.3,58,3,2,0,2,0.6,67.00,72,6,14,6,43,37,32,1.28
2021,68200,김민규,두산,6.07,31,2,3,0,1,0.4,56.33,64,9,28,4,39,40,38,1.63
2021,69104,남호,두산,10.13,5,0,1,0,0,0,2.66,3,0,3,0,2,3,3,2.25
2021,51234,로켓,두산,2.98,21,9,9,0,0,0.5,124.00,132,5,42,12,112,44,41,1.4
2021,67259,문원,두산,6.75,2,0,0,0,0,,1.33,2,1,2,0,1,1,1,3
2021,51257,미란다,두산,2.33,28,14,5,0,0,0.737,173.66,135,11,63,1,225,49,45,1.14
2021,63292,박소준,두산,5.73,22,0,4,0,0,0,59.66,69,3,29,3,33,42,38,1.64
2021,50205,박웅,두산,5.4,10,0,0,0,0,,11.66,12,0,4,3,7,7,7,1.37
2021,65639,박정수,두산,7.42,12,3,3,0,0,0.5,30.33,38,5,14,3,26,27,25,1.71
2021,67266,박치국,두산,4.09,23,2,1,0,8,0.667,22.00,21,2,11,1,20,11,10,1.45
2021,66160,유재유,두산,10.8,4,0,0,0,0,,3.33,4,2,5,0,1,4,4,2.7
2021,79229,유희관,두산,7.71,15,4,7,0,0,0.364,63.00,107,10,24,3,23,57,54,2.08
2021,62242,윤명준,두산,4.73,45,1,0,0,1,1,45.66,53,3,20,4,26,28,24,1.6
2021,69205,이교훈,두산,10.8,11,0,0,0,0,,8.33,13,2,3,1,8,10,10,1.92
2021,64805,이승진,두산,3.91,47,1,4,2,13,0.2,48.33,41,3,31,2,28,24,21,1.49
2021,66291,이영하,두산,6.29,35,5,6,1,2,0.455,78.66,81,9,57,1,53,58,55,1.75
2021,76329,이현승,두산,1.93,38,5,1,0,7,0.833,23.33,16,1,6,0,20,6,5,0.94
2021,62951,이형범,두산,0,4,0,0,0,0,,2.66,2,0,5,1,2,2,0,2.63
2021,74513,장원준,두산,6.75,32,0,1,1,4,0,18.66,20,1,18,2,8,15,14,2.04
2021,50296,조제영,두산,10.97,6,0,1,0,0,0,10.66,18,1,10,1,5,13,13,2.63
2021,50298,최세창,두산,0,1,0,0,0,0,,1.33,1,0,1,0,0,0,0,1.5
2021,51264,최승용,두산,3.93,15,0,0,0,2,,18.33,20,3,10,1,16,10,8,1.64
2021,67263,최원준,두산,3.3,29,12,4,0,0,0.75,158.33,160,15,37,10,113,65,58,1.24
2021,67263,최원준,두산,3.3,29,12,4,0,0,0.75,158.33,160,15,37,10,113,65,58,1.24
2021,68260,현도훈,두산,12.46,5,0,0,0,0,,8.66,9,1,13,0,9,12,12,2.54
2021,61643,홍건희,두산,2.78,65,6,6,3,17,0.5,74.33,65,3,27,0,82,23,23,1.24
2021,50705,강재민,한화,2.13,58,2,1,5,13,0.667,63.33,51,2,26,5,55,16,15,1.22
2021,51715,김기중,한화,4.7,15,2,4,0,0,0.333,53.66,63,4,36,4,36,32,28,1.84
2021,67711,김기탁,한화,5.84,19,0,0,0,4,,12.33,14,0,7,1,12,10,8,1.7
2021,69745,김도현,한화,7.62,14,0,1,0,0,0,26.00,32,2,22,4,13,22,22,2.08
2021,65764,김민우,한화,4,29,14,10,0,0,0.583,155.33,131,15,76,7,125,71,69,1.33
2021,65769,김범수,한화,5.22,56,4,9,1,9,0.308,70.66,68,2,42,2,70,44,41,1.56
2021,63765,김종수,한화,4.82,49,1,1,0,6,0.5,46.66,34,7,32,3,38,29,25,1.41
2021,67737,김진영,한화,3.93,20,0,1,0,1,0,18.33,16,2,14,0,8,8,8,1.64
2021,50720,남지민,한화,7.36,3,0,1,0,0,0,7.33,9,1,7,3,3,6,6,2.18
2021,64554,문동욱,한화,0,1,0,0,0,0,,1.33,1,0,1,0,2,0,0,1.5
2021,51761,배동현,한화,4.5,20,1,3,0,0,0.25,38.00,34,3,25,4,26,21,19,1.55
2021,64759,서균,한화,10.8,3,0,0,0,0,,1.66,2,0,0,2,0,2,2,1.2
2021,61156,송윤준,한화,3.55,17,0,0,0,2,,12.66,12,1,6,2,8,5,5,1.42
2021,60140,신정락,한화,8.55,20,0,2,0,2,0,20.00,25,3,15,3,14,24,19,2
2021,50758,신지후,한화,0,2,0,0,0,0,,,0,0,1,0,0,2,0,3
2021,69703,오동욱,한화,5.4,34,0,1,0,2,0,25.00,21,3,16,5,13,17,15,1.48
2021,63464,윤대경,한화,3.94,43,2,5,0,7,0.286,77.66,73,8,34,6,54,35,34,1.38
2021,69213,윤산흠,한화,6,5,0,0,0,0,,3.00,7,0,2,2,2,2,2,3
2021,63961,윤호솔,한화,4.62,55,3,0,0,8,1,48.66,41,7,30,3,42,29,25,1.46
2021,63749,이충호,한화,7.71,17,1,0,0,0,1,16.33,20,1,13,3,11,17,14,2.02
2021,79764,장민재,한화,2.76,12,0,2,0,0,0,29.33,34,4,8,0,13,17,9,1.43
2021,77318,장시환,한화,7.04,19,0,11,0,1,0,69.00,87,4,48,6,47,62,54,1.96
2021,50706,장웅정,한화,9.82,4,0,0,0,0,,7.33,15,4,2,0,4,8,8,2.32
2021,74857,정우람,한화,5.64,50,1,4,15,1,0.2,44.66,47,5,20,5,32,29,28,1.5
2021,79440,정인욱,한화,4.82,8,0,0,0,0,,9.33,6,2,10,0,6,6,5,1.71
2021,61208,정진호,한화,0,3,0,0,0,0,,1.66,1,0,1,0,0,0,0,1.2
2021,65707,주현상,한화,3.58,43,2,2,0,4,0.5,50.33,46,6,21,1,33,21,20,1.33
2021,51722,카펜터,한화,3.97,31,5,12,0,0,0.294,170.00,150,16,72,19,179,90,75,1.31
2021,50815,킹험,한화,3.19,25,10,8,0,0,0.556,144.00,117,11,41,5,131,58,51,1.1
2021,64760,황영국,한화,5.52,18,0,2,0,2,0,14.66,16,0,10,1,15,10,9,1.77
2021,63628,고영창,KIA,5.79,24,0,2,0,6,0,23.33,30,0,10,2,6,19,15,1.71
2021,68659,김유신,KIA,7.62,15,2,6,0,0,0.25,54.33,63,11,35,2,29,47,46,1.8
2021,64580,김재열,KIA,3.86,24,1,0,0,0,1,32.66,28,4,18,4,18,18,14,1.41
2021,69516,김현수,KIA,7.88,17,1,4,0,0,0.2,45.66,57,8,36,3,27,43,40,2.04
2021,66630,김현준,KIA,5.49,19,0,1,0,2,0,19.66,15,4,12,0,19,13,12,1.37
2021,66660,남하준,KIA,14.63,5,0,1,0,1,0,8.00,10,2,10,0,5,13,13,2.5
2021,51636,다카하시,KIA,4.91,7,1,3,0,0,0.25,36.66,46,4,12,4,46,22,20,1.58
2021,51619,멩덴,KIA,3.6,21,8,3,0,0,0.727,120.00,109,12,35,8,104,53,48,1.2
2021,51645,박건우,KIA,0,3,0,0,0,0,,3.00,2,0,1,1,3,0,0,1
2021,63638,박준표,KIA,5.91,32,2,4,0,4,0.333,32.00,42,3,17,9,18,24,21,1.84
2021,67646,박진태,KIA,5.95,59,3,3,0,9,0.5,65.00,68,6,36,13,45,44,43,1.6
2021,50636,브룩스,KIA,3.35,13,3,5,0,0,0.375,78.00,93,4,16,1,55,34,29,1.4
2021,66663,서덕원,KIA,7.44,24,1,0,0,1,1,32.66,36,7,14,0,24,28,27,1.53
2021,68619,윤중현,KIA,3.92,30,5,6,0,2,0.455,82.66,91,7,31,14,33,44,36,1.48
2021,65616,이민우,KIA,8.05,16,1,6,0,0,0.143,57.00,78,8,31,5,28,53,51,1.91
2021,51668,이승재,KIA,7.5,25,2,1,0,5,0.667,24.00,26,5,18,3,17,20,20,1.83
2021,51648,이의리,KIA,3.61,19,4,5,0,0,0.444,94.66,69,6,56,2,93,42,38,1.32
2021,65665,이준영,KIA,5.55,50,3,2,1,9,0.6,35.66,30,3,19,0,26,25,22,1.37
2021,62754,임기영,KIA,4.88,28,8,8,0,0,0.5,153.00,155,15,45,11,129,85,83,1.31
2021,62754,임기영,KIA,4.88,28,8,8,0,0,0.5,153.00,155,15,45,11,129,85,83,1.31
2021,51665,장민기,KIA,3.47,21,2,1,0,2,0.667,23.33,13,1,29,4,22,11,9,1.8
2021,69645,장지수,KIA,3.14,9,0,0,0,0,,14.33,9,1,13,3,5,6,5,1.53
2021,63950,장현식,KIA,3.29,69,1,5,1,34,0.167,76.66,67,7,42,3,80,28,28,1.42
2021,66609,전상현,KIA,3.46,15,1,0,0,7,1,13.00,15,1,6,0,8,6,5,1.62
2021,50662,정해영,KIA,2.2,64,5,4,34,0,0.556,65.33,49,5,28,4,49,18,16,1.18
2021,64615,차명진,KIA,7.59,4,0,1,0,0,0,10.66,12,1,13,1,6,9,9,2.34
2021,50650,최용준,KIA,14.21,3,0,1,0,0,0,6.33,11,3,7,1,6,10,10,2.84
2021,65464,최정용,KIA,0,1,0,0,0,0,,,1,0,0,0,0,0,0,3
2021,61666,한승혁,KIA,4.56,8,0,3,0,0,0,23.66,25,0,10,2,17,15,12,1.48
2021,78247,홍상삼,KIA,4.75,49,4,1,0,12,0.8,36.00,33,6,19,3,33,19,19,1.44
2021,62908,황윤호,KIA,0,1,0,0,0,0,,,2,0,0,0,0,1,0,3
2021,50393,김동욱,키움,9,3,0,0,0,0,,3.00,7,2,1,0,2,3,3,2.67
2021,50360,김동혁,키움,5.05,40,0,5,1,0,0,82.00,89,5,34,14,30,51,46,1.5
2021,66018,김선기,키움,6.52,21,3,2,0,0,0.6,48.33,53,5,22,7,25,38,35,1.55
2021,67828,김성민,키움,3.28,47,2,3,1,11,0.4,46.66,43,4,35,6,36,21,17,1.67
2021,51301,김성진,키움,5.18,46,1,3,0,2,0.25,41.66,40,4,23,0,31,30,24,1.51
2021,69367,김인범,키움,0,3,0,0,0,0,,5.33,3,0,1,0,5,0,0,0.75
2021,67391,김재웅,키움,3.54,51,0,1,1,11,0,53.33,49,5,33,1,47,24,21,1.54
2021,65392,김정인,키움,7.11,11,1,2,0,0,0.333,31.66,34,6,18,2,21,26,25,1.64
2021,51393,김준형,키움,3.14,14,0,0,0,0,,14.33,15,2,7,3,8,6,5,1.53
2021,62360,김태훈,키움,3.22,66,4,2,11,15,0.667,64.33,60,1,33,1,52,26,23,1.45
2021,60336,문성현,키움,5.4,4,0,0,0,0,,3.33,3,0,6,0,3,2,2,2.7
2021,50397,박관진,키움,81,2,0,0,0,0,,,5,0,3,1,0,9,6,12
2021,66305,박승주,키움,4.15,3,0,0,0,0,,4.33,3,0,3,0,1,2,2,1.38
2021,69328,박주성,키움,4.91,13,0,1,0,0,0,18.33,24,1,9,2,12,11,10,1.8
2021,67313,브리검,키움,2.95,10,7,3,0,0,0.7,61.00,49,6,26,4,49,25,20,1.23
2021,51334,스미스,키움,6.3,2,1,0,0,0,1,10.00,9,1,5,0,5,7,7,1.4
2021,68341,안우진,키움,3.26,21,8,8,0,0,0.5,107.66,88,13,41,7,110,47,39,1.2
2021,61268,양현,키움,4.69,45,1,2,0,5,0.333,48.00,59,3,26,1,22,31,25,1.77
2021,74359,오주원,키움,9.31,22,1,1,1,0,0.5,19.33,35,3,4,0,11,20,20,2.02
2021,69343,요키시,키움,2.93,31,16,9,0,0,0.64,181.33,171,12,46,4,131,71,59,1.2
2021,69343,요키시,키움,2.93,31,16,9,0,0,0.64,181.33,171,12,46,4,131,71,59,1.2
2021,69399,윤정현,키움,1.46,10,0,0,0,1,,12.33,11,0,5,1,7,2,2,1.3
2021,67603,이승호,키움,5.51,38,1,3,0,5,0.25,47.33,55,4,31,1,37,39,29,1.82
2021,50354,이종민,키움,23.14,2,0,0,0,0,,2.33,4,1,7,0,3,6,6,4.71
2021,65398,임규빈,키움,10.38,5,0,0,0,0,,8.66,13,3,4,0,6,10,10,1.96
2021,51359,장재영,키움,9.17,19,0,1,0,0,0,17.66,15,0,24,3,14,18,18,2.21
2021,78148,정찬헌,키움,4.01,23,9,5,0,0,0.643,114.33,133,6,27,6,59,55,51,1.4
2021,63342,조상우,키움,3.48,44,6,5,15,5,0.545,44.00,30,4,19,2,47,18,17,1.11
2021,69360,조영건,키움,0,1,0,0,0,0,,1.00,1,0,2,0,3,0,0,3
2021,65320,최원태,키움,4.58,28,9,11,0,0,0.45,143.33,163,11,53,10,93,89,73,1.51
2021,62363,한현희,키움,3.89,18,6,2,0,1,0.75,85.66,86,4,30,6,61,42,37,1.35
2021,64001,고영표,KT,2.92,26,11,6,0,1,0.647,166.66,147,9,27,14,130,59,54,1.04
2021,65048,김민수,KT,2.95,56,4,2,0,11,0.667,58.00,56,2,24,3,55,25,19,1.38
2021,65062,김재윤,KT,2.42,65,4,3,32,0,0.571,67.00,57,5,24,0,64,19,18,1.21
2021,50040,데스파이네,KT,3.39,33,13,10,0,0,0.565,188.66,175,10,78,7,165,81,71,1.34
2021,60559,박시영,KT,2.4,48,3,3,0,12,0.5,45.00,30,4,15,1,51,16,12,1
2021,65516,배제성,KT,3.68,26,9,10,0,0,0.474,141.66,126,6,82,1,136,67,58,1.47
2021,50030,소형준,KT,4.16,24,7,7,0,0,0.5,119.00,123,6,51,4,85,67,55,1.46
2021,64017,심재민,KT,2.89,28,0,1,0,1,0,46.66,41,4,11,0,35,15,15,1.11
2021,73738,안영명,KT,4.08,35,0,1,0,4,0,35.33,24,2,11,1,32,17,16,0.99
2021,65056,엄상백,KT,4.1,10,4,1,0,0,0.8,52.66,41,7,28,3,45,24,24,1.31
2021,64504,오윤석,KT,0,1,0,0,0,0,,,0,0,0,0,0,0,0,0
2021,76757,유원상,KT,6.08,11,1,1,0,1,0.5,13.33,15,0,7,0,13,10,9,1.65
2021,67008,이대은,KT,3.48,31,3,2,1,9,0.6,31.00,27,4,11,1,22,15,12,1.23
2021,75342,이보근,KT,15.55,16,0,1,0,1,0,11.00,28,4,7,0,9,20,19,3.18
2021,69054,이상동,KT,8.53,6,0,1,0,1,0,6.33,7,0,3,0,5,6,6,1.58
2021,67048,이정현,KT,9.35,2,0,1,0,0,0,8.66,12,3,5,0,1,9,9,1.96
2021,65057,이창재,KT,2.7,32,2,0,0,0,1,26.66,22,0,10,0,19,8,8,1.2
2021,75340,전유수,KT,3.38,11,1,0,0,0,1,10.66,9,1,6,0,9,6,4,1.41
2021,64047,조현우,KT,2.61,49,0,0,0,6,,31.00,26,0,7,1,13,10,9,1.06
2021,65060,주권,KT,3.31,62,3,4,0,27,0.429,49.00,48,3,19,1,19,19,18,1.37
2021,51060,지명성,KT,0,3,1,0,0,0,1,4.00,1,0,1,1,4,1,0,0.5
2021,69032,쿠에바스,KT,4.12,23,9,5,0,0,0.643,133.33,131,11,51,3,137,68,61,1.37
2021,78517,하준호,KT,6.75,10,0,0,0,0,,12.00,16,2,6,0,10,10,9,1.83
2021,51058,한차현,KT,19.64,3,0,0,0,0,,3.66,10,3,2,0,3,8,8,3.27
2021,67119,고우석,LG,2.17,63,1,5,30,0,0.167,58.00,47,3,23,3,68,15,14,1.21
2021,72523,고효준,LG,3.86,3,0,0,0,0,,2.33,3,0,0,0,1,1,1,1.29
2021,60337,김대유,LG,2.13,64,4,1,0,24,0.8,50.66,32,2,15,9,56,13,12,0.93
2021,66145,김대현,LG,12.27,4,0,0,0,0,,3.66,7,2,3,1,4,8,5,2.73
2021,50157,김윤식,LG,4.46,35,7,4,0,1,0.636,66.66,65,3,36,6,56,37,33,1.52
2021,60181,김지용,LG,0,3,0,0,0,0,,4.00,2,0,1,1,5,0,0,0.75
2021,51154,김진수,LG,3.86,3,0,0,0,0,,2.33,2,0,0,0,2,1,1,0.86
2021,63103,류원석,LG,6,6,0,0,0,0,,6.00,1,0,9,1,8,4,4,1.67
2021,63145,배재준,LG,4.13,15,2,2,0,0,0.5,32.66,42,1,13,3,23,17,15,1.68
2021,65109,백승현,LG,2.16,16,0,0,0,1,,16.66,13,0,4,2,10,4,4,1.02
2021,67143,손주영,LG,8.44,7,1,3,0,0,0.25,26.66,31,4,20,1,21,25,25,1.91
2021,73801,송은범,LG,4.1,35,2,2,0,4,0.5,37.33,34,1,13,2,19,18,17,1.26
2021,51136,수아레즈,LG,2.18,23,10,2,0,0,0.833,115.33,91,4,41,4,126,33,28,1.14
2021,67116,오석주,LG,6.48,9,0,0,0,0,,8.33,9,0,6,0,7,6,6,1.8
2021,50126,이민호,LG,4.3,25,8,9,0,0,0.471,115.00,89,13,45,14,100,58,55,1.17
2021,65117,이상규,LG,9,7,0,0,0,0,,6.00,8,1,2,1,4,6,6,1.67
2021,69168,이상영,LG,4.32,21,1,1,0,0,0.5,50.00,48,7,32,8,30,28,24,1.6
2021,61145,이우찬,LG,5.56,15,0,1,0,0,0,34.00,36,3,25,1,27,25,21,1.79
2021,69134,이정용,LG,2.97,66,3,3,0,15,0.5,69.66,55,4,23,1,74,25,23,1.12
2021,67164,이찬혁,LG,18,1,0,0,0,0,,1.00,1,0,2,0,2,2,2,3
2021,69113,임준형,LG,3.13,6,1,0,0,0,1,23.00,24,0,4,3,21,8,8,1.22
2021,61101,임찬규,LG,3.87,17,1,8,0,0,0.111,90.66,76,7,41,3,67,45,39,1.29
2021,69159,정우영,LG,2.22,70,7,3,2,27,0.7,65.00,43,0,26,8,41,16,16,1.06
2021,76650,진해수,LG,2.44,50,1,0,0,5,1,44.33,41,2,18,3,39,17,12,1.33
2021,76455,차우찬,LG,5.24,5,2,1,0,0,0.667,22.33,16,2,13,3,12,14,13,1.3
2021,65241,채원후,LG,3.12,14,0,0,0,0,,17.33,15,0,20,0,18,8,6,2.02
2021,79140,최동환,LG,9.53,8,0,0,0,0,,5.66,6,0,4,2,2,6,6,1.76
2021,62146,최성훈,LG,2.43,46,1,1,0,3,0.5,40.66,40,2,19,1,33,14,11,1.45
2021,69103,켈리,LG,3.15,30,13,8,0,0,0.619,177.00,160,12,60,11,142,64,62,1.24
2021,63248,함덕주,LG,4.29,16,1,2,0,1,0.333,21.00,20,2,13,3,18,11,10,1.57
2021,67591,강동호,롯데,6.75,1,0,0,0,0,,1.33,1,0,1,1,1,1,1,1.5
2021,79358,강윤구,롯데,8.44,22,0,1,0,3,0,16.00,21,3,14,1,15,15,15,2.19
2021,65514,강태율,롯데,0,1,0,0,0,0,,,2,0,0,0,0,0,0,6
2021,63543,구승민,롯데,4.33,68,6,5,0,20,0.545,62.33,47,5,31,4,65,30,30,1.25
2021,76225,김건국,롯데,6.55,13,0,0,0,0,,22.00,27,3,14,0,17,16,16,1.86
2021,78536,김대우,롯데,5.09,39,2,2,0,9,0.5,35.33,32,4,24,4,31,22,20,1.58
2021,68585,김도규,롯데,5.79,43,2,1,0,5,0.667,42.00,41,3,22,0,39,28,27,1.5
2021,67504,김민수,롯데,0,1,0,0,0,0,,1.00,0,0,1,0,1,0,0,1
2021,62528,김원중,롯데,3.59,61,4,4,35,0,0.5,62.66,50,6,28,3,64,26,25,1.24
2021,64596,김유영,롯데,7.23,26,1,0,0,0,1,18.66,21,1,14,2,17,16,15,1.88
2021,51516,김진욱,롯데,6.31,39,4,6,0,8,0.4,45.66,42,3,49,3,45,32,32,1.99
2021,67539,나균안,롯데,6.41,23,1,2,1,1,0.333,46.33,62,4,24,0,27,36,33,1.86
2021,73211,노경은,롯데,7.35,14,3,5,0,0,0.375,56.33,79,11,24,4,35,50,46,1.83
2021,66556,박선우,롯데,0,1,0,0,0,0,,2.00,1,0,0,2,1,0,0,0.5
2021,64021,박세웅,롯데,3.98,28,10,9,0,0,0.526,163.00,141,20,53,10,125,75,72,1.19
2021,63512,박진형,롯데,7.88,22,2,1,0,0,0.667,16.00,25,1,10,0,23,14,14,2.19
2021,64501,배성근,롯데,0,2,0,0,0,0,,2.00,2,0,1,0,1,0,0,1.5
2021,69539,서준원,롯데,7.33,26,1,3,0,3,0.25,54.00,72,5,29,2,37,46,44,1.87
2021,50558,스트레일리,롯데,4.07,31,10,12,0,0,0.455,165.66,162,12,67,7,164,85,75,1.38
2021,79293,오현택,롯데,6.61,20,0,1,0,1,0,16.33,28,2,8,1,8,13,12,2.2
2021,67588,윤성빈,롯데,0,1,0,0,0,0,,1.00,0,0,1,0,0,0,0,1
2021,68529,이승헌,롯데,5.77,16,0,3,0,0,0,57.66,65,2,43,7,31,39,37,1.87
2021,64565,이인복,롯데,4.11,25,3,0,0,1,1,61.33,75,5,14,5,45,31,28,1.45
2021,68556,정성종,롯데,8.25,12,0,0,0,0,,12.00,19,2,8,1,4,12,11,2.25
2021,51546,정우준,롯데,9.53,6,0,0,0,0,,5.66,6,1,5,2,4,6,6,1.94
2021,79545,진명호,롯데,4.81,33,2,2,0,3,0.5,24.33,20,3,14,2,24,14,13,1.4
2021,64718,최설우,롯데,6.2,20,1,2,0,0,0.333,40.66,45,4,24,2,28,30,28,1.7
2021,50556,최준용,롯데,2.85,44,4,2,1,20,0.667,47.33,41,6,16,1,45,16,15,1.2
2021,68362,추재현,롯데,0,1,0,0,0,0,,1.00,0,0,2,0,0,0,0,2
2021,51567,프랑코,롯데,5.4,37,9,8,0,1,0.529,150.00,147,20,75,20,124,97,90,1.48
2021,61295,강동연,NC,7.83,12,3,2,0,1,0.6,23.00,25,4,14,0,14,21,20,1.7
2021,50905,강태경,NC,5.68,3,0,1,0,0,0,12.66,13,2,10,2,10,8,8,1.82
2021,60339,김건태,NC,5.4,6,0,0,0,0,,6.66,2,1,7,0,5,4,4,1.35
2021,68900,김영규,NC,5.37,37,5,3,0,6,0.625,63.66,69,10,28,1,42,40,38,1.52
2021,75867,김진성,NC,7.17,42,2,4,1,9,0.333,37.66,43,7,18,1,37,34,30,1.62
2021,67954,김진호,NC,27,1,0,1,0,0,0,1.00,2,0,3,0,1,3,3,5
2021,50992,김태경,NC,4.8,7,0,0,0,0,,15.00,11,1,9,1,10,8,8,1.33
2021,67956,김태현,NC,11.81,6,0,0,0,0,,5.33,5,0,7,4,3,8,7,2.25
2021,69996,노시훈,NC,3.86,5,0,0,0,0,,4.66,4,1,4,0,2,2,2,1.71
2021,69940,루친스키,NC,3.17,30,15,10,0,0,0.6,178.66,160,12,55,10,177,76,63,1.2
2021,69940,루친스키,NC,3.17,30,15,10,0,0,0.6,178.66,160,12,55,10,177,76,63,1.2
2021,65949,류진욱,NC,2.08,44,1,0,1,7,1,43.33,40,2,22,0,31,15,10,1.43
2021,65643,문경찬,NC,4.94,35,0,1,0,4,0,31.00,25,6,20,0,25,20,17,1.45
2021,63991,박진우,NC,1.64,9,0,0,0,1,,11.00,6,0,5,1,12,2,2,1
2021,69974,배민서,NC,4.95,32,1,0,0,0,1,40.00,51,3,17,4,23,26,22,1.7
2021,67962,소이현,NC,6.75,10,0,0,0,0,,10.66,13,1,12,0,10,12,8,2.34
2021,63914,손정욱,NC,6.57,15,1,0,0,0,1,12.33,17,1,7,0,8,9,9,1.95
2021,69962,송명기,NC,5.91,24,8,9,0,0,0.471,123.33,147,12,58,9,102,83,81,1.66
2021,68902,신민혁,NC,4.41,30,9,6,0,0,0.6,145.00,155,17,44,5,107,75,71,1.37
2021,68902,신민혁,NC,4.41,30,9,6,0,0,0.6,145.00,155,17,44,5,107,75,71,1.37
2021,50901,안인산,NC,5.4,7,0,0,0,0,,6.66,3,0,7,3,9,5,4,1.5
2021,76118,원종현,NC,4.25,61,2,2,14,6,0.5,53.00,67,5,23,3,45,27,25,1.7
2021,68910,이승헌,NC,6.75,5,0,0,0,0,,5.33,9,0,1,0,7,5,4,1.88
2021,51948,이용준,NC,21.6,2,0,0,0,0,,1.66,3,0,4,0,1,4,4,4.2
2021,77211,이용찬,NC,2.19,39,1,3,16,3,0.25,37.00,27,2,11,1,35,11,9,1.03
2021,65964,이우석,NC,5.59,10,1,0,0,0,1,9.66,13,1,7,3,8,6,6,2.07
2021,60263,이재학,NC,5.2,17,6,6,0,0,0.5,83.00,74,14,52,6,65,50,48,1.52
2021,63959,임정호,NC,4.15,60,0,4,0,12,0,34.66,37,2,25,3,24,20,16,1.79
2021,78352,임창민,NC,3.79,46,0,3,0,17,0,40.33,35,2,20,4,29,23,17,1.36
2021,62966,최금강,NC,4.5,20,2,1,1,0,0.667,28.00,29,4,17,2,25,14,14,1.64
2021,51967,파슨스,NC,3.72,24,4,8,0,0,0.333,133.00,109,9,63,11,148,56,55,1.29
2021,62655,홍성민,NC,3.92,53,3,4,0,14,0.429,41.33,53,3,12,2,26,19,18,1.57
2021,64498,구준범,삼성,22.5,1,0,0,0,0,,2.00,2,2,3,1,1,5,5,2.5
2021,61365,김대우,삼성,6.35,31,0,2,0,1,0,51.00,68,7,15,2,27,39,36,1.63
2021,68403,김무신,삼성,6.63,20,0,0,0,1,,19.00,25,2,17,1,25,18,14,2.21
2021,62920,노건우,삼성,4.74,16,0,2,0,1,0,19.00,10,2,14,1,19,10,10,1.26
2021,69439,라이블리,삼성,4.05,6,0,1,0,0,0,33.33,23,4,13,5,38,16,15,1.08
2021,51439,몽고메리,삼성,5.37,11,2,5,0,0,0.286,52.00,46,3,38,4,55,33,31,1.62
2021,67419,문용익,삼성,4.5,22,2,0,0,2,1,22.00,21,3,10,1,19,11,11,1.41
2021,65844,박세웅,삼성,9,4,0,0,0,0,,3.00,5,1,3,1,2,4,3,2.67
2021,77446,백정현,삼성,2.63,27,14,5,0,0,0.737,157.66,142,15,54,2,109,54,46,1.24
2021,50404,뷰캐넌,삼성,3.1,30,16,5,0,0,0.762,177.00,173,13,59,2,162,71,61,1.31
2021,61411,심창민,삼성,5.08,59,3,2,0,16,0.6,51.33,47,8,32,6,58,32,29,1.54
2021,68415,양창섭,삼성,6.6,9,1,1,0,1,0.5,15.00,21,3,8,0,13,11,11,1.93
2021,75421,오승환,삼성,2.03,64,0,2,44,0,0,62.00,56,3,16,2,57,17,14,1.16
2021,73117,우규민,삼성,3.31,60,3,3,2,24,0.5,49.00,58,5,9,2,35,22,18,1.37
2021,69446,원태인,삼성,3.06,26,14,7,0,0,0.667,158.66,147,11,51,5,129,59,54,1.25
2021,63960,이상민,삼성,4.74,30,1,1,0,3,0.5,24.66,28,2,14,0,14,15,13,1.7
2021,50464,이승민,삼성,8.58,11,1,4,0,0,0.2,35.66,50,6,18,3,22,34,34,1.91
2021,51454,이승현,삼성,5.26,41,1,4,0,7,0.2,39.33,35,3,23,3,46,24,23,1.47
2021,60146,이승현,삼성,9.53,21,1,1,0,1,0.5,17.00,30,6,8,0,7,18,18,2.24
2021,63492,이재익,삼성,4.5,11,2,0,0,0,1,10.00,11,1,12,0,5,6,5,2.3
2021,51460,이재희,삼성,5.4,5,0,1,0,0,0,21.66,24,2,10,0,17,13,13,1.57
2021,61457,임현준,삼성,6.55,27,1,2,0,5,0.333,11.00,11,0,7,4,8,8,8,1.64
2021,77927,장필준,삼성,7.27,41,0,0,0,2,,34.66,46,4,27,1,24,30,28,2.11
2021,67421,최지광,삼성,4.91,60,7,1,0,14,0.875,51.33,53,5,27,2,49,30,28,1.56
2021,68419,최채흥,삼성,4.56,26,5,9,0,2,0.357,122.33,143,16,37,2,82,66,62,1.47
2021,50449,허윤동,삼성,12.27,1,0,1,0,0,0,3.66,8,1,1,1,3,6,5,2.45
2021,65496,홍정우,삼성,3.45,15,2,0,0,0,1,15.66,14,3,4,0,12,6,6,1.15
2021,51833,가빌리오,SSG,5.86,15,6,4,0,0,0.6,81.33,88,7,30,6,70,54,53,1.45
2021,51867,김건우,SSG,4.91,6,0,1,0,0,0,11.00,8,1,12,0,7,7,6,1.82
2021,63894,김사윤,SSG,9.87,6,0,1,0,0,0,17.33,20,5,20,4,21,20,19,2.31
2021,76430,김상수,SSG,5.09,50,4,3,6,5,0.571,58.33,71,10,30,1,44,33,33,1.73
2021,76350,김세현,SSG,10.38,5,0,0,0,0,,4.33,9,0,7,0,5,5,5,3.69
2021,65411,김주온,SSG,0,2,0,0,0,0,,2.00,1,0,2,1,3,0,0,1.5
2021,79847,김태훈,SSG,4.97,65,2,4,1,16,0.333,58.00,55,7,38,10,49,35,32,1.6
2021,65343,김택형,SSG,2.39,59,5,1,7,4,0.833,75.33,61,3,42,3,62,23,20,1.37
2021,51834,르위키,SSG,3.77,4,1,0,0,0,1,14.33,15,2,2,0,9,6,6,1.19
2021,62869,문승원,SSG,2.86,9,2,2,0,0,0.5,50.33,42,1,18,2,32,20,16,1.19
2021,64893,박민호,SSG,3.73,40,4,0,0,5,1,41.00,45,3,11,4,19,18,17,1.37
2021,60841,박종훈,SSG,2.82,9,4,2,0,0,0.667,54.33,40,2,17,7,41,19,17,1.05
2021,64896,서동민,SSG,5.13,20,0,0,0,0,,26.33,27,5,17,1,24,15,15,1.67
2021,61895,서진용,SSG,3.34,65,7,5,9,3,0.583,67.33,57,9,43,0,62,28,25,1.49
2021,62937,신재영,SSG,5.72,20,0,0,0,0,,28.33,35,3,2,4,27,18,18,1.31
2021,75138,신재웅,SSG,4.32,8,0,0,0,0,,8.33,6,0,5,0,9,4,4,1.32
2021,50859,오원석,SSG,5.89,33,7,6,0,2,0.538,110.00,125,11,73,10,95,84,72,1.8
2021,64861,이건욱,SSG,11.37,5,0,1,0,0,0,12.66,16,4,19,1,5,16,16,2.76
2021,68896,이채호,SSG,7.2,3,0,0,0,0,,5.00,8,2,3,0,3,7,4,2.2
2021,60768,이태양,SSG,5.73,40,5,10,0,4,0.333,103.66,123,25,32,1,62,66,66,1.5
2021,51895,장지훈,SSG,3.92,60,2,5,1,10,0.286,80.33,84,6,19,4,51,40,35,1.28
2021,66858,정동윤,SSG,0,1,0,0,0,0,,2.00,1,0,1,0,0,0,0,1
2021,66960,정수민,SSG,6.82,10,1,2,0,0,0.333,30.33,34,6,27,1,22,24,23,2.01
2021,62056,정영일,SSG,9,1,0,0,0,0,,2.00,4,1,0,0,0,2,2,2
2021,51897,조병현,SSG,8.1,3,0,0,0,0,,6.66,7,1,5,1,8,7,6,1.8
2021,51809,조요한,SSG,7.71,6,0,0,0,1,,7.00,10,0,9,0,4,6,6,2.71
2021,64768,조이현,SSG,5.67,30,4,8,1,0,0.333,66.66,74,10,26,0,48,46,42,1.5
2021,68856,최민준,SSG,5.86,38,3,3,0,4,0.5,86.00,93,11,50,7,62,56,56,1.66
2021,51863,폰트,SSG,3.46,25,8,5,0,0,0.615,145.66,114,12,45,6,157,66,56,1.09
2021,69813,하재훈,SSG,4,18,1,0,0,2,1,18.00,16,1,16,3,8,8,8,1.78
2022,68220,곽빈,두산,3.78,27,8,9,0,0,0.471,147.66,143,13,60,11,138,69,62,1.37
2022,50203,권휘,두산,5.79,10,0,0,0,1,,9.33,8,1,5,1,5,6,6,1.39
2022,77263,김강률,두산,4.38,26,3,4,9,1,0.429,24.66,28,2,8,2,15,13,12,1.46
2022,51230,김동주,두산,7.56,10,0,0,0,0,,16.66,23,5,9,0,13,14,14,1.92
2022,67246,김명신,두산,3.62,68,3,3,0,10,0.5,79.66,75,5,25,3,61,33,32,1.26
2022,60181,김지용,두산,6.05,18,1,0,0,0,1,19.33,19,5,5,1,13,14,13,1.24
2022,51257,미란다,두산,8.22,3,0,0,0,0,,7.66,2,0,18,1,8,7,7,2.61
2022,68249,박신지,두산,6.71,29,1,6,0,0,0.143,61.66,84,7,40,5,38,50,46,2.01
2022,50205,박웅,두산,3,8,0,0,0,0,,6.00,7,0,7,0,3,3,2,2.33
2022,65639,박정수,두산,3.2,13,1,1,0,0,0.5,19.66,17,1,9,1,18,7,7,1.32
2022,67266,박치국,두산,5.4,15,1,2,0,3,0.333,11.66,6,0,9,3,12,8,7,1.29
2022,52257,브랜든,두산,3.6,11,5,3,0,0,0.625,65.00,56,5,24,1,40,29,26,1.23
2022,52234,스탁,두산,3.6,29,9,10,0,0,0.474,165.00,162,9,83,10,138,87,66,1.48
2022,62242,윤명준,두산,8.46,20,1,1,0,0,0.5,22.33,33,8,8,1,15,24,21,1.84
2022,52204,이병헌,두산,3.6,9,0,0,0,0,,5.00,5,0,7,1,5,2,2,2.4
2022,64805,이승진,두산,6.61,35,3,1,0,2,0.75,31.33,35,5,12,1,29,25,23,1.5
2022,66291,이영하,두산,4.93,21,6,8,0,0,0.429,98.66,109,5,57,6,83,65,54,1.68
2022,76329,이현승,두산,6.23,23,1,0,0,2,1,8.66,13,2,4,1,9,6,6,1.96
2022,62951,이형범,두산,4.35,31,0,1,0,0,0,31.00,34,1,11,4,17,17,15,1.45
2022,78352,임창민,두산,3.95,32,0,0,2,6,,27.33,26,3,10,3,21,15,12,1.32
2022,74513,장원준,두산,3.71,27,0,1,0,6,0,17.00,23,0,7,1,7,8,7,1.76
2022,69204,전루건,두산,19.29,9,0,0,0,0,,9.33,17,2,8,0,3,20,20,2.68
2022,68242,정철원,두산,3.1,58,4,3,3,23,0.571,72.66,60,4,26,2,47,26,25,1.18
2022,51264,최승용,두산,5.3,48,3,7,0,5,0.3,93.33,104,8,43,2,64,59,55,1.58
2022,67263,최원준,두산,3.6,30,8,13,0,0,0.381,165.00,183,21,37,7,113,80,66,1.33
2022,52206,최지강,두산,21.6,2,0,0,0,0,,1.66,6,0,2,0,2,4,4,4.8
2022,61643,홍건희,두산,3.48,58,2,9,18,9,0.182,62.00,58,5,21,2,60,30,24,1.27
2022,50705,강재민,한화,4.21,56,4,8,7,7,0.333,51.33,44,7,29,4,39,26,24,1.42
2022,51713,김규연,한화,5.27,12,0,0,0,1,,13.66,16,2,12,0,11,11,8,2.05
2022,51715,김기중,한화,6,5,0,2,0,0,0,12.00,14,4,11,1,8,10,8,2.08
2022,65764,김민우,한화,4.36,29,6,11,0,0,0.353,163.00,143,16,84,8,129,82,79,1.39
2022,65769,김범수,한화,4.36,78,3,7,0,27,0.3,66.00,64,5,35,3,58,36,32,1.5
2022,66741,김재영,한화,5.4,30,0,2,0,1,0,30.00,33,1,12,7,16,25,18,1.5
2022,63765,김종수,한화,4.4,52,3,4,1,6,0.429,45.00,39,5,21,2,45,30,22,1.33
2022,50720,남지민,한화,6.37,22,2,11,0,0,0.154,89.00,109,9,45,3,41,68,63,1.73
2022,52707,라미레즈,한화,4.13,13,2,6,0,0,0.25,65.33,52,4,37,7,47,33,30,1.36
2022,64029,류희운,한화,8.49,15,0,1,0,0,0,11.66,15,2,7,2,10,11,11,1.89
2022,52701,문동주,한화,5.65,13,1,3,0,2,0.25,28.66,28,5,14,1,36,19,18,1.47
2022,67703,박상원,한화,2.25,14,0,0,0,4,,12.00,11,0,6,0,16,4,3,1.42
2022,69762,박윤철,한화,4.59,11,0,3,0,0,0,33.33,41,5,23,2,16,22,17,1.92
2022,61156,송윤준,한화,6.23,3,0,0,0,0,,4.33,3,0,2,2,3,3,3,1.15
2022,60140,신정락,한화,4.02,44,2,1,1,4,0.667,47.00,52,4,16,7,23,25,21,1.45
2022,63464,윤대경,한화,7.53,25,4,9,0,0,0.308,75.33,106,6,17,7,51,63,63,1.63
2022,69213,윤산흠,한화,2.67,37,1,1,0,3,0.5,33.66,23,1,30,2,46,12,10,1.57
2022,63961,윤호솔,한화,4.04,52,3,5,0,7,0.375,42.33,43,2,28,0,33,26,19,1.68
2022,65616,이민우,한화,6.25,25,1,1,0,0,0.5,44.66,60,3,17,3,23,33,31,1.72
2022,68797,이승관,한화,10.13,7,0,0,0,0,,5.33,8,0,4,1,3,6,6,2.25
2022,63749,이충호,한화,9.64,5,1,0,0,0,1,4.66,7,1,5,1,4,5,5,2.57
2022,62611,임준섭,한화,2.45,5,0,0,0,0,,3.66,5,0,1,1,0,1,1,1.64
2022,79764,장민재,한화,3.55,32,7,8,0,0,0.467,126.66,124,15,39,4,75,54,50,1.29
2022,77318,장시환,한화,4.38,64,0,5,14,9,0,63.66,57,4,33,1,67,37,31,1.41
2022,74857,정우람,한화,2.95,23,0,1,1,7,0,18.33,23,1,6,0,20,8,6,1.58
2022,65707,주현상,한화,6.83,49,0,1,1,3,0,55.33,69,5,14,5,33,43,42,1.5
2022,51722,카펜터,한화,2.5,4,0,1,0,0,0,18.00,19,1,6,1,15,6,5,1.39
2022,50815,킹험,한화,2.76,3,1,2,0,0,0.333,16.33,15,1,5,1,18,6,5,1.22
2022,52720,페냐,한화,3.72,13,5,4,0,0,0.556,67.66,63,4,30,4,72,33,28,1.37
2022,50726,한승주,한화,6.32,7,0,0,0,0,,15.66,25,0,4,3,12,11,11,1.85
2022,63628,고영창,KIA,1.88,27,0,1,0,0,0,24.00,24,2,10,3,9,5,5,1.42
2022,69620,김기훈,KIA,1.04,5,0,0,0,0,,8.66,4,0,7,0,9,1,1,1.27
2022,69745,김도현,KIA,7.59,5,0,1,0,0,0,10.66,17,2,5,1,11,9,9,2.06
2022,63894,김사윤,KIA,7,31,3,0,0,2,1,27.00,23,2,24,4,23,21,21,1.74
2022,68659,김유신,KIA,6.14,10,1,0,0,0,1,14.66,9,3,16,0,9,11,10,1.7
2022,64580,김재열,KIA,6.07,47,1,2,1,5,0.333,43.00,45,5,22,1,36,33,29,1.56
2022,69516,김현수,KIA,4.5,1,0,0,0,0,,2.00,3,0,1,0,1,1,1,2
2022,66630,김현준,KIA,5.52,12,0,1,0,0,0,14.66,19,0,5,2,9,14,9,1.64
2022,66660,남하준,KIA,8.71,11,1,1,0,1,0.5,10.33,18,4,6,1,6,11,10,2.32
2022,52637,놀린,KIA,2.47,21,8,8,0,0,0.5,124.00,115,7,24,8,108,41,34,1.12
2022,52645,로니,KIA,5.89,10,3,3,0,0,0.5,44.33,47,7,28,3,32,36,29,1.69
2022,63638,박준표,KIA,5.4,34,1,0,0,8,1,23.33,27,4,10,8,11,15,14,1.59
2022,67606,송후섭,KIA,162,1,0,0,0,0,,,4,0,1,1,0,6,6,15
2022,77637,양현종,KIA,3.85,30,12,7,0,0,0.632,175.33,170,14,50,3,141,86,75,1.25
2022,67640,유승철,KIA,7.58,21,3,0,0,0,1,19.00,21,5,16,0,14,20,16,1.95
2022,68619,윤중현,KIA,5.03,47,3,1,0,5,0.75,53.66,63,4,14,5,27,32,30,1.43
2022,51668,이승재,KIA,0,1,0,0,0,0,,1.00,0,0,0,1,1,0,0,0
2022,51648,이의리,KIA,3.86,29,10,10,0,0,0.5,154.00,128,18,74,9,161,79,66,1.31
2022,51648,이의리,KIA,3.86,29,10,10,0,0,0.5,154.00,128,18,74,9,161,79,66,1.31
2022,65665,이준영,KIA,2.91,75,1,1,1,17,0.5,46.33,41,3,26,0,42,17,15,1.45
2022,62754,임기영,KIA,4.24,26,4,13,1,0,0.235,129.33,137,18,36,5,82,63,61,1.34
2022,50641,장재혁,KIA,6,3,0,0,0,0,,3.00,3,0,3,0,4,2,2,2
2022,69645,장지수,KIA,0,1,0,0,0,0,,2.00,2,0,1,0,1,0,0,1.5
2022,63950,장현식,KIA,3.12,54,2,3,1,19,0.4,52.00,54,4,26,1,40,20,18,1.54
2022,66609,전상현,KIA,3.3,50,5,5,2,16,0.5,46.33,42,2,16,0,53,20,17,1.25
2022,50662,정해영,KIA,3.38,55,3,7,32,0,0.3,56.00,54,3,18,0,43,21,21,1.29
2022,52639,최지민,KIA,13.5,6,0,0,0,0,,6.00,12,1,5,1,7,9,9,2.83
2022,52606,파노니,KIA,2.72,14,3,4,0,0,0.429,82.66,78,5,24,2,73,33,25,1.23
2022,61666,한승혁,KIA,5.27,24,4,3,0,0,0.571,80.33,100,4,40,6,69,52,47,1.74
2022,78247,홍상삼,KIA,5.82,24,2,1,0,1,0.667,21.66,19,3,15,1,19,16,14,1.57
2022,50360,김동혁,키움,4.73,24,2,1,0,3,0.667,26.66,28,0,11,1,18,14,14,1.46
2022,66018,김선기,키움,5.15,26,3,1,1,4,0.75,36.66,39,1,19,2,30,24,21,1.58
2022,51301,김성진,키움,7.89,23,0,2,0,2,0,21.66,31,3,10,3,16,25,19,1.89
2022,67391,김재웅,키움,2.01,65,3,2,13,27,0.6,62.66,39,4,29,4,56,14,14,1.09
2022,51393,김준형,키움,2.03,12,0,1,0,0,0,13.33,9,0,13,2,6,3,3,1.65
2022,62360,김태훈,키움,3.14,43,3,2,9,10,0.6,43.00,40,3,20,2,34,18,15,1.4
2022,52394,노운현,키움,11.25,5,0,1,0,0,0,4.00,10,0,3,1,3,7,5,3.25
2022,60336,문성현,키움,3.27,45,0,1,13,9,0,41.33,34,3,14,1,32,16,15,1.16
2022,66305,박승주,키움,4.32,27,1,0,0,0,1,25.00,20,3,21,3,22,12,12,1.64
2022,69328,박주성,키움,5.54,11,1,1,0,0,0.5,13.00,11,4,7,3,8,9,8,1.38
2022,52391,송정인,키움,22.5,1,0,0,0,0,,2.00,4,0,3,0,0,5,5,3.5
2022,68341,안우진,키움,2.11,30,15,8,0,0,0.652,196.00,131,4,55,4,224,51,46,0.95
2022,52308,애플러,키움,4.3,33,6,8,0,0,0.429,140.33,172,13,40,6,86,69,67,1.51
2022,61268,양현,키움,5.15,25,3,2,2,5,0.6,36.66,39,4,17,1,14,23,21,1.53
2022,69343,요키시,키움,2.57,30,10,8,0,0,0.556,185.33,169,8,33,5,154,61,53,1.09
2022,69399,윤정현,키움,6.35,17,1,1,0,4,0.5,22.66,27,2,12,5,17,17,16,1.72
2022,52397,이명종,키움,5.27,27,4,1,0,4,0.8,27.33,28,3,16,2,20,17,16,1.61
2022,67603,이승호,키움,3.58,53,3,2,10,10,0.6,50.33,44,7,27,3,44,20,20,1.41
2022,64051,이영준,키움,4.29,26,2,2,0,4,0.5,21.00,27,0,13,2,16,12,10,1.9
2022,51359,장재영,키움,7.71,14,0,0,0,0,,14.00,23,2,7,1,19,12,12,2.14
2022,78148,정찬헌,키움,5.36,20,5,6,0,0,0.455,87.33,106,13,28,6,42,55,52,1.53
2022,52330,주승우,키움,10.8,4,0,0,0,0,,3.33,5,1,7,0,4,5,4,3.6
2022,65320,최원태,키움,3.75,26,7,5,0,0,0.583,105.66,93,5,40,5,63,50,44,1.26
2022,64350,하영민,키움,3.43,41,5,3,0,2,0.625,39.33,35,4,21,0,23,27,15,1.42
2022,62363,한현희,키움,4.75,21,6,4,0,0,0.6,77.66,83,9,24,8,59,44,41,1.38
2022,64001,고영표,KT,3.26,28,13,8,0,0,0.619,182.33,191,7,23,16,156,69,66,1.17
2022,68043,김민,KT,2.35,6,0,0,0,2,,7.66,4,1,2,1,8,2,2,0.78
2022,65048,김민수,KT,1.9,76,5,4,3,30,0.556,80.66,66,3,15,6,91,19,17,1
2022,65062,김재윤,KT,3.26,61,9,7,33,0,0.563,66.33,46,5,21,0,78,26,24,1.01
2022,66064,김태오,KT,4.15,5,0,0,0,0,,4.33,9,0,0,0,5,2,2,2.08
2022,50040,데스파이네,KT,4.53,30,8,12,0,0,0.4,163.00,198,14,48,9,123,94,82,1.51
2022,50040,데스파이네,KT,4.53,30,8,12,0,0,0.4,163.00,198,14,48,9,123,94,82,1.51
2022,60559,박시영,KT,4.6,17,0,2,0,5,0,15.66,19,2,4,0,11,8,8,1.47
2022,52060,박영현,KT,3.66,52,0,1,0,2,0,51.66,46,5,20,0,55,23,21,1.28
2022,65516,배제성,KT,4.21,24,3,9,0,0,0.25,107.00,103,8,46,1,89,56,50,1.39
2022,52043,벤자민,KT,2.7,17,5,4,0,0,0.556,96.66,75,11,24,4,77,34,29,1.02
2022,50030,소형준,KT,3.05,27,13,6,0,0,0.684,171.33,158,8,39,5,117,68,58,1.15
2022,64017,심재민,KT,3.74,44,4,1,0,6,0.8,43.33,41,4,16,2,21,19,18,1.32
2022,73738,안영명,KT,2.7,4,0,0,0,0,,3.33,3,0,0,0,1,1,1,0.9
2022,65056,엄상백,KT,2.95,33,11,2,0,0,0.846,140.33,125,14,46,4,139,52,46,1.22
2022,52063,이상우,KT,2.7,2,0,0,0,0,,3.33,3,0,2,0,1,1,1,1.5
2022,67048,이정현,KT,2.45,3,0,0,0,0,,3.66,3,1,4,1,1,1,1,1.91
2022,65057,이창재,KT,33.75,4,0,1,0,0,0,1.33,5,0,2,1,2,5,5,5.25
2022,68896,이채호,KT,2.95,38,5,0,0,3,1,36.66,28,0,13,6,32,13,12,1.12
2022,75340,전유수,KT,8.18,8,0,0,0,0,,11.00,17,1,5,0,2,10,10,2
2022,64047,조현우,KT,4.5,19,0,0,0,2,,12.00,14,0,4,4,5,8,6,1.5
2022,65060,주권,KT,3.91,58,3,3,1,15,0.5,50.66,58,3,8,0,31,22,22,1.3
2022,51060,지명성,KT,4.5,2,0,0,0,0,,2.00,3,0,0,1,1,1,1,1.5
2022,69032,쿠에바스,KT,2.45,2,1,0,0,0,1,11.00,2,1,5,1,8,3,3,0.64
2022,78517,하준호,KT,8.27,20,0,1,0,0,0,16.33,16,2,16,1,15,16,15,1.96
2022,51143,강효종,LG,3.6,1,1,0,0,0,1,5.00,5,0,4,0,4,2,2,1.8
2022,67119,고우석,LG,1.48,61,4,2,42,0,0.667,60.66,37,6,21,1,80,12,10,0.96
2022,60337,김대유,LG,2.04,59,2,1,0,13,0.667,39.66,35,2,15,8,36,11,9,1.26
2022,68130,김영준,LG,1.86,2,0,0,0,0,,9.66,8,1,4,3,7,2,2,1.24
2022,50157,김윤식,LG,3.31,23,8,5,0,0,0.615,114.33,125,5,27,1,81,46,42,1.33
2022,52140,김주완,LG,0,1,0,0,0,0,,1.00,1,0,1,0,0,0,0,2
2022,75867,김진성,LG,3.1,67,6,3,0,12,0.667,58.00,44,6,22,1,54,21,20,1.14
2022,63145,배재준,LG,2.3,17,0,1,0,0,0,31.33,22,0,15,4,23,11,8,1.18
2022,65109,백승현,LG,10.8,12,0,1,0,1,0,10.00,15,2,9,0,3,13,12,2.4
2022,67143,손주영,LG,4.97,3,0,1,0,0,0,12.66,10,0,8,3,8,7,7,1.42
2022,51111,송승기,LG,5.4,7,0,1,0,0,0,8.33,9,1,6,0,10,5,5,1.8
2022,73801,송은범,LG,4.05,25,1,1,0,2,0.5,26.66,29,3,10,0,13,13,12,1.46
2022,67116,오석주,LG,2.45,4,0,0,0,0,,3.66,4,1,0,0,2,1,1,1.09
2022,50126,이민호,LG,5.51,26,12,8,0,0,0.6,119.33,146,14,43,7,73,77,73,1.58
2022,61145,이우찬,LG,1.81,36,5,0,0,2,1,44.66,29,2,21,1,42,10,9,1.12
2022,69134,이정용,LG,3.34,65,4,4,1,22,0.5,59.33,53,3,18,2,40,26,22,1.2
2022,69108,이지강,LG,4.91,4,0,0,0,0,,11.00,12,0,13,0,6,6,6,2.27
2022,69113,임준형,LG,6,10,1,3,0,1,0.25,30.00,36,2,14,3,26,22,20,1.67
2022,61101,임찬규,LG,5.04,23,6,11,0,0,0.353,103.66,113,10,39,7,75,60,58,1.47
2022,69159,정우영,LG,2.64,67,2,3,0,35,0.4,58.00,48,3,32,6,40,18,17,1.38
2022,52149,조원태,LG,0,2,0,0,0,0,,4.00,1,0,2,1,0,0,0,0.75
2022,76650,진해수,LG,2.4,64,4,0,0,12,1,45.00,39,1,11,1,35,13,12,1.11
2022,65241,채원후,LG,0,3,0,0,0,1,,3.00,1,0,0,1,2,0,0,0.33
2022,79140,최동환,LG,4.14,47,0,1,0,0,0,50.00,45,5,17,1,30,23,23,1.24
2022,62146,최성훈,LG,2.16,45,0,0,0,6,,33.33,23,1,13,3,22,10,8,1.08
2022,69103,켈리,LG,2.54,27,16,4,0,0,0.8,166.33,144,10,35,2,153,50,47,1.08
2022,69103,켈리,LG,2.54,27,16,4,0,0,0.8,166.33,144,10,35,2,153,50,47,1.08
2022,52145,플럿코,LG,2.39,28,15,5,0,0,0.75,162.00,125,13,38,2,149,53,43,1.01
2022,52145,플럿코,LG,2.39,28,15,5,0,0,0.75,162.00,125,13,38,2,149,53,43,1.01
2022,63248,함덕주,LG,2.13,13,0,0,0,0,,12.66,9,0,11,1,13,3,3,1.58
2022,52119,허준혁,LG,9.64,6,0,0,0,0,,4.66,11,3,2,0,4,6,5,2.79
2022,79358,강윤구,롯데,5.48,29,0,0,0,0,,21.33,25,0,6,1,27,17,13,1.45
2022,63543,구승민,롯데,2.9,73,2,4,0,26,0.333,62.00,46,3,35,1,77,20,20,1.31
2022,78536,김대우,롯데,4.5,10,0,0,0,1,,10.00,6,0,8,0,8,5,5,1.4
2022,68585,김도규,롯데,3.71,55,4,4,3,8,0.5,51.00,48,2,19,4,45,26,21,1.31
2022,50573,김민기,롯데,67.5,1,0,0,0,0,,,6,1,1,0,0,5,5,10.5
2022,62528,김원중,롯데,3.98,43,2,3,17,2,0.4,43.00,40,4,16,0,60,21,19,1.3
2022,64596,김유영,롯데,5.65,68,6,2,0,13,0.75,51.00,73,4,30,3,44,34,32,2.02
2022,51516,김진욱,롯데,6.36,14,2,5,0,0,0.286,46.66,43,3,35,8,52,36,33,1.67
2022,51586,김창훈,롯데,5.4,1,0,0,0,0,,1.66,3,0,0,0,2,1,1,1.8
2022,67539,나균안,롯데,3.98,39,3,8,0,2,0.273,117.66,125,5,37,3,123,55,52,1.38
2022,67454,나원탁,롯데,9,7,0,0,0,0,,6.00,9,1,5,2,8,7,6,2.33
2022,65643,문경찬,롯데,5.8,38,1,2,0,1,0.333,40.33,51,7,13,1,31,27,26,1.59
2022,64021,박세웅,롯데,3.89,28,10,11,0,0,0.476,157.33,179,8,32,8,146,80,68,1.34
2022,52528,반즈,롯데,3.62,31,12,12,0,0,0.5,186.33,176,8,47,18,160,87,75,1.2
2022,52528,반즈,롯데,3.62,31,12,12,0,0,0.5,186.33,176,8,47,18,160,87,75,1.2
2022,69539,서준원,롯데,4.8,33,3,3,0,2,0.5,60.00,65,3,23,5,45,32,32,1.47
2022,50558,스트레일리,롯데,2.31,11,4,2,0,0,0.667,62.33,54,5,22,6,55,24,16,1.22
2022,52557,스파크맨,롯데,5.31,19,2,4,0,0,0.333,84.66,97,6,43,4,89,55,50,1.65
2022,50036,이강준,롯데,10.24,13,0,0,0,1,,9.66,9,1,20,0,6,11,11,3
2022,71564,이대호,롯데,0,1,0,0,0,1,,,0,0,0,0,0,0,0,0
2022,52530,이민석,롯데,5.88,27,1,1,0,5,0.5,33.66,43,4,19,2,37,27,22,1.84
2022,68529,이승헌,롯데,54,1,0,1,0,0,0,,3,0,3,0,1,4,4,9
2022,64565,이인복,롯데,4.19,26,9,9,0,1,0.5,126.66,153,6,30,4,71,63,59,1.44
2022,68556,정성종,롯데,4.15,5,0,0,0,0,,4.33,4,0,4,0,5,4,2,1.85
2022,65067,조무근,롯데,4.5,2,0,0,0,0,,2.00,2,0,1,0,1,1,1,1.5
2022,79545,진명호,롯데,6.06,16,0,0,0,0,,16.33,23,1,9,2,11,12,11,1.96
2022,52558,진승현,롯데,9,10,0,0,0,0,,9.00,12,2,7,1,11,9,9,2.11
2022,64718,최설우,롯데,20.25,1,0,1,0,0,0,2.66,8,0,1,1,1,6,6,3.38
2022,68036,최이준,롯데,23.14,5,0,0,0,0,,2.33,7,0,6,0,3,8,6,5.57
2022,50556,최준용,롯데,4.06,68,3,4,14,6,0.429,71.00,63,10,20,6,80,35,32,1.17
2022,61295,강동연,NC,10.38,6,0,0,0,0,,8.66,16,2,3,1,3,10,10,2.19
2022,65933,구창모,NC,2.1,19,11,5,0,0,0.688,111.66,92,7,29,4,108,32,26,1.08
2022,60339,김건태,NC,4.42,16,0,0,0,0,,18.33,22,2,12,2,16,15,9,1.85
2022,68928,김시훈,NC,3.24,59,4,5,0,11,0.444,83.33,75,7,43,4,79,35,30,1.42
2022,68900,김영규,NC,3.41,72,2,7,1,13,0.222,66.00,56,5,22,7,46,26,25,1.18
2022,67954,김진호,NC,6.12,36,4,0,1,0,1,42.66,53,7,20,1,35,30,29,1.71
2022,50992,김태경,NC,3.25,16,3,2,0,1,0.6,44.33,36,4,21,5,31,16,16,1.29
2022,52950,더모디,NC,4.54,8,3,5,0,0,0.375,39.66,42,3,13,7,37,27,20,1.39
2022,69940,루친스키,NC,2.97,31,10,12,0,0,0.455,193.66,184,14,34,8,194,77,64,1.13
2022,65949,류진욱,NC,4.86,51,4,2,0,4,0.667,46.33,48,2,31,4,37,29,25,1.71
2022,52994,박동수,NC,5.52,10,0,0,0,0,,14.66,11,0,21,1,15,10,9,2.18
2022,69962,송명기,NC,4.51,25,5,7,0,0,0.417,107.66,116,14,54,15,106,67,54,1.58
2022,68902,신민혁,NC,4.56,26,4,9,0,0,0.308,118.33,128,15,31,10,105,64,60,1.34
2022,61411,심창민,NC,14.21,11,1,2,0,0,0.333,6.33,9,0,7,3,6,10,10,2.53
2022,76118,원종현,NC,2.98,68,5,0,1,13,1,63.33,55,5,17,1,50,22,21,1.14
2022,51948,이용준,NC,8.59,10,0,1,0,0,0,22.00,33,4,13,3,19,23,21,2.09
2022,77211,이용찬,NC,2.08,59,3,3,22,0,0.5,60.66,56,3,13,3,61,16,14,1.14
2022,65964,이우석,NC,21.6,3,0,1,0,0,0,1.66,1,0,3,2,1,4,4,2.4
2022,60263,이재학,NC,4.75,26,3,8,0,0,0.273,91.00,75,5,54,8,72,56,48,1.42
2022,63959,임정호,NC,3.24,33,1,2,0,6,0.333,25.00,21,1,7,2,30,11,9,1.12
2022,69969,전사민,NC,3.24,7,0,0,0,0,,8.33,5,1,6,0,2,4,3,1.32
2022,50995,정구범,NC,13.5,2,0,0,0,0,,1.33,1,1,1,0,2,2,2,1.5
2022,52903,조민석,NC,4.5,18,0,1,0,0,0,16.00,17,2,12,2,14,9,8,1.81
2022,51967,파슨스,NC,3.56,8,1,2,0,0,0.333,43.00,34,4,21,1,43,19,17,1.28
2022,69991,하준수,NC,6,2,0,0,0,0,,3.00,3,0,3,0,1,2,2,2
2022,68639,하준영,NC,4.62,47,3,0,0,4,1,39.00,28,3,14,3,44,22,20,1.08
2022,51994,한재승,NC,2.53,12,0,0,0,2,,10.66,13,0,10,1,11,4,3,2.16
2022,61365,김대우,삼성,2.08,4,1,0,0,0,1,4.33,4,0,0,0,5,1,1,0.92
2022,68403,김무신,삼성,5.91,37,3,3,0,3,0.5,35.00,39,2,22,2,32,29,23,1.74
2022,52460,김서준,삼성,10.13,3,0,0,0,0,,2.66,6,1,4,1,2,4,3,3.75
2022,66492,김승현,삼성,11.25,6,0,1,0,2,0,4.00,6,2,4,0,5,7,5,2.5
2022,62920,노건우,삼성,4.5,3,0,0,0,0,,2.00,2,0,3,0,2,1,1,2.5
2022,67419,문용익,삼성,3.35,39,1,2,1,2,0.333,37.66,31,2,22,2,23,20,14,1.41
2022,65844,박세웅,삼성,6.75,5,0,0,0,0,,2.66,1,0,5,1,2,2,2,2.25
2022,61396,박정준,삼성,6.3,8,0,0,0,0,,10.00,10,2,5,1,4,7,7,1.5
2022,50411,박주혁,삼성,1.35,8,0,0,0,0,,6.66,5,1,4,0,3,3,1,1.35
2022,77446,백정현,삼성,5.27,24,4,13,0,0,0.235,124.66,154,22,37,9,70,76,73,1.53
2022,50404,뷰캐넌,삼성,3.04,26,11,8,0,0,0.579,160.00,176,10,39,8,117,61,54,1.34
2022,52457,수아레즈,삼성,2.49,30,6,8,0,0,0.429,173.66,151,7,50,4,159,61,48,1.16
2022,68415,양창섭,삼성,8.41,6,2,3,0,0,0.4,20.33,24,3,12,1,10,19,19,1.77
2022,75421,오승환,삼성,3.32,57,6,2,31,2,0.75,57.00,59,8,13,1,51,23,21,1.26
2022,73117,우규민,삼성,3.26,60,4,3,1,16,0.571,47.00,55,3,6,4,31,21,17,1.3
2022,69446,원태인,삼성,3.92,27,10,8,0,0,0.556,165.33,175,16,38,4,130,75,72,1.29
2022,63960,이상민,삼성,3.68,46,0,0,0,9,,29.33,30,5,15,3,23,13,12,1.53
2022,64464,이수민,삼성,5.79,4,0,0,0,0,,4.66,3,1,5,1,2,3,3,1.71
2022,50464,이승민,삼성,1.69,2,0,0,0,0,,5.33,2,0,5,0,2,1,1,1.31
2022,51454,이승현,삼성,4.53,58,2,4,1,14,0.333,47.66,43,5,21,3,57,28,24,1.34
2022,60146,이승현,삼성,4.68,54,0,2,0,13,0,50.00,48,5,22,3,39,26,26,1.4
2022,63492,이재익,삼성,5.94,42,3,2,0,7,0.6,33.33,41,4,9,1,21,25,22,1.5
2022,66493,임대한,삼성,5.27,12,2,1,0,1,0.667,13.66,12,1,9,1,8,11,8,1.54
2022,77927,장필준,삼성,5.7,19,0,3,0,0,0,30.00,38,1,15,3,17,20,19,1.77
2022,66451,최충연,삼성,4.7,38,0,1,0,0,0,38.33,39,3,20,5,29,24,20,1.54
2022,68501,최하늘,삼성,6.15,14,1,4,0,1,0.2,33.66,42,5,15,2,18,23,23,1.69
2022,50449,허윤동,삼성,6.55,12,4,3,0,0,0.571,55.00,64,8,34,6,36,43,40,1.78
2022,65496,홍정우,삼성,3.04,26,5,2,0,1,0.714,26.66,19,3,13,0,20,10,9,1.2
2022,50441,황동재,삼성,7.06,16,1,3,0,0,0.25,66.33,91,9,31,0,53,58,52,1.84
2022,72523,고효준,SSG,3.72,45,1,0,0,7,1,38.66,35,1,20,2,35,18,16,1.42
2022,51867,김건우,SSG,9,2,0,0,0,0,,3.00,5,1,4,0,1,3,3,3
2022,77829,김광현,SSG,2.13,28,13,3,0,0,0.813,173.33,141,10,45,5,153,48,41,1.07
2022,76430,김상수,SSG,9,8,0,0,1,0,,8.00,9,2,4,1,3,8,8,1.63
2022,65411,김주온,SSG,11.25,5,0,0,0,0,,4.00,3,1,5,0,4,5,5,2
2022,79847,김태훈,SSG,10.13,9,0,0,1,3,,5.33,6,2,10,0,1,6,6,3
2022,65343,김택형,SSG,4.92,64,3,5,17,10,0.375,60.33,57,8,22,3,62,33,33,1.31
2022,73211,노경은,SSG,3.05,41,12,5,1,7,0.706,79.66,69,5,23,4,55,28,27,1.15
2022,52833,노바,SSG,6.5,12,3,4,0,0,0.429,63.66,78,5,25,5,32,50,46,1.62
2022,52808,모리만도,SSG,1.67,12,7,1,0,0,0.875,75.33,57,2,23,4,67,19,14,1.06
2022,62869,문승원,SSG,5.11,23,1,1,3,3,0.5,24.66,32,3,7,2,25,15,14,1.58
2022,64893,박민호,SSG,4.09,22,1,1,1,4,0.5,22.00,26,3,11,2,12,10,10,1.68
2022,50812,박시후,SSG,18,2,0,0,0,0,,1.00,3,0,0,0,0,2,2,3
2022,60841,박종훈,SSG,6,11,3,5,0,0,0.375,48.00,52,6,21,8,40,34,32,1.52
2022,64896,서동민,SSG,2.57,20,1,1,0,5,0.5,21.00,13,3,11,1,19,11,6,1.14
2022,61895,서진용,SSG,4.01,68,7,3,21,12,0.7,67.33,64,5,36,3,55,32,30,1.49
2022,62937,신재영,SSG,12.46,4,0,0,0,0,,4.33,9,2,0,0,4,6,6,2.08
2022,52873,신헌민,SSG,9,1,0,0,0,0,,1.00,3,0,0,0,1,2,1,3
2022,50859,오원석,SSG,4.5,31,6,8,0,0,0.429,144.00,158,16,58,3,112,79,72,1.5
2022,52867,윤태현,SSG,9,3,0,0,0,0,,2.00,2,0,2,0,2,2,2,2
2022,64861,이건욱,SSG,9,1,0,1,0,0,0,3.00,2,1,4,0,2,3,3,2
2022,60768,이태양,SSG,3.62,30,8,3,0,1,0.727,112.00,116,15,24,5,61,50,45,1.25
2022,51895,장지훈,SSG,4.25,40,2,0,0,6,1,55.00,56,6,11,3,33,26,26,1.22
2022,52809,전영준,SSG,7.2,4,0,0,0,0,,5.00,7,2,3,1,7,4,4,2
2022,65058,정성곤,SSG,10.13,2,0,0,0,0,,2.66,1,1,3,1,3,3,3,1.5
2022,51809,조요한,SSG,6.52,23,2,1,0,5,0.667,19.33,17,2,13,4,15,15,14,1.55
2022,68856,최민준,SSG,3.95,51,5,4,0,5,0.556,68.33,51,10,34,2,48,37,30,1.24
2022,51863,폰트,SSG,2.69,28,13,6,0,0,0.684,184.00,141,18,34,6,170,63,55,0.95
2022,68092,한두솔,SSG,16.88,8,0,0,0,0,,5.33,10,0,4,0,1,10,10,2.63
2023,66201,고봉재,두산,6.35,10,0,0,0,0,,11.33,12,0,7,1,7,8,8,1.68
2023,68220,곽빈,두산,2.9,23,12,7,0,0,0.632,127.33,96,7,58,5,106,44,41,1.21
2023,77263,김강률,두산,4.21,32,1,0,1,7,1,25.66,23,2,12,2,21,14,12,1.36
2023,51230,김동주,두산,4.14,18,3,6,0,0,0.333,78.33,73,5,35,4,59,37,36,1.38
2023,67246,김명신,두산,3.65,70,3,3,1,24,0.5,79.00,72,3,27,6,65,34,32,1.25
2023,68200,김민규,두산,4.32,6,0,0,0,0,,8.33,6,0,4,2,5,5,4,1.2
2023,53262,김유성,두산,9.95,7,0,0,0,0,,6.33,6,2,12,0,6,7,7,2.84
2023,68830,김정우,두산,9.45,7,0,0,0,0,,6.66,11,1,7,0,6,7,7,2.7
2023,68269,김호준,두산,12,3,0,0,0,0,,3.00,3,1,4,0,2,4,4,2.33
2023,53233,딜런,두산,8,2,0,1,0,0,0,9.00,10,2,5,0,2,9,8,1.67
2023,68249,박신지,두산,5.54,15,0,0,0,0,,26.00,39,1,11,3,15,16,16,1.92
2023,65639,박정수,두산,4.17,25,1,0,1,0,1,36.66,37,1,18,6,28,22,17,1.5
2023,67266,박치국,두산,3.59,62,5,3,2,11,0.625,52.66,54,3,21,5,48,22,21,1.42
2023,53298,백승우,두산,0,6,0,0,0,0,,4.00,3,0,3,1,1,0,0,1.5
2023,52257,브랜든,두산,2.49,18,11,3,0,0,0.786,104.66,80,4,30,12,100,34,29,1.05
2023,69045,알칸타라,두산,2.67,31,13,9,0,0,0.591,192.00,171,16,35,5,162,67,57,1.07
2023,52204,이병헌,두산,4.67,36,0,0,0,5,,27.00,25,2,22,1,28,16,14,1.74
2023,64805,이승진,두산,0,1,0,0,0,0,,,1,0,1,1,1,4,0,3
2023,66291,이영하,두산,5.49,36,5,3,0,4,0.625,39.33,40,2,21,4,28,27,24,1.55
2023,52295,이원재,두산,27,1,0,0,0,0,,1.00,3,0,3,0,0,3,3,6
2023,62951,이형범,두산,6.51,23,1,0,0,1,1,27.66,40,2,12,3,13,23,20,1.88
2023,74513,장원준,두산,5.27,11,3,5,0,0,0.375,41.00,53,4,11,2,24,27,24,1.56
2023,68242,정철원,두산,3.96,67,7,6,13,11,0.538,72.66,66,8,32,2,55,36,32,1.35
2023,50211,제환유,두산,13.5,1,0,0,0,0,,2.00,3,0,4,0,2,4,3,3.5
2023,51264,최승용,두산,3.97,34,3,6,1,0,0.333,111.00,116,9,34,4,82,54,49,1.35
2023,67263,최원준,두산,4.93,26,3,10,0,0,0.231,107.66,119,11,28,12,71,60,59,1.37
2023,52206,최지강,두산,5.32,25,2,1,0,2,0.667,22.00,16,0,20,1,14,13,13,1.64
2023,61643,홍건희,두산,3.06,64,1,5,22,5,0.167,61.66,67,4,24,0,62,28,21,1.48
2023,50705,강재민,한화,6.44,43,1,3,0,12,0.25,43.33,35,5,19,8,42,31,31,1.25
2023,51713,김규연,한화,2.75,23,0,1,1,0,0,19.66,16,0,10,2,20,7,6,1.32
2023,51715,김기중,한화,4.63,37,1,3,0,1,0.25,56.33,58,4,29,9,46,33,29,1.54
2023,65764,김민우,한화,6.97,12,1,6,0,0,0.143,51.66,65,6,28,2,43,43,40,1.8
2023,65769,김범수,한화,4.19,76,5,5,1,18,0.5,62.33,64,3,33,3,52,33,29,1.56
2023,53754,김서현,한화,7.25,20,0,0,1,0,,22.33,22,1,23,7,26,20,18,2.01
2023,66741,김재영,한화,10.13,6,0,0,0,0,,8.00,13,2,2,2,5,9,9,1.88
2023,50720,남지민,한화,6.45,16,1,7,0,0,0.125,37.66,54,0,13,6,23,31,27,1.78
2023,63103,류원석,한화,4.5,1,0,0,0,0,,2.00,1,0,0,1,1,1,1,0.5
2023,64029,류희운,한화,11.25,3,0,0,0,0,,4.00,6,1,2,0,4,5,5,2
2023,52701,문동주,한화,3.72,23,8,8,0,0,0.5,118.66,113,6,42,4,95,52,49,1.31
2023,67703,박상원,한화,3.65,55,5,3,16,0,0.625,61.66,63,2,29,3,57,35,25,1.49
2023,69762,박윤철,한화,21.6,3,0,0,0,0,,3.33,5,2,5,0,1,8,8,3
2023,52731,박준영,한화,18.69,4,0,0,0,0,,4.33,2,0,8,0,7,9,9,2.31
2023,53714,산체스,한화,3.79,24,7,8,0,0,0.467,126.00,136,13,28,6,99,62,53,1.3
2023,61156,송윤준,한화,8.31,4,0,0,0,0,,4.33,4,0,2,0,3,4,4,1.38
2023,53734,스미스,한화,6.75,1,0,0,0,0,,2.66,3,0,0,1,2,2,2,1.13
2023,63464,윤대경,한화,2.45,47,5,1,0,2,0.833,47.66,36,4,19,6,28,18,13,1.15
2023,69213,윤산흠,한화,6,5,0,0,0,0,,3.00,3,0,6,0,3,2,2,3
2023,65616,이민우,한화,2.63,17,2,1,0,2,0.667,13.66,8,2,6,0,11,6,4,1.02
2023,63749,이충호,한화,9.35,11,0,0,0,0,,8.66,12,2,5,1,7,9,9,1.96
2023,60768,이태양,한화,3.23,50,3,3,0,2,0.5,100.33,100,7,21,3,72,44,36,1.21
2023,79764,장민재,한화,4.83,25,3,8,0,1,0.273,69.00,79,12,22,5,61,46,37,1.46
2023,77318,장시환,한화,3.38,39,2,2,1,7,0.5,34.66,32,1,21,4,24,13,13,1.53
2023,69645,장지수,한화,18,1,0,0,0,0,,2.00,4,0,2,0,0,5,4,3
2023,74857,정우람,한화,5.36,52,0,1,0,8,0,40.33,45,3,17,2,30,24,24,1.54
2023,65707,주현상,한화,1.96,55,2,2,0,12,0.5,59.66,35,2,15,3,45,13,13,0.84
2023,52720,페냐,한화,3.6,32,11,11,0,0,0.5,177.33,149,14,59,18,147,82,71,1.17
2023,52720,페냐,한화,3.6,32,11,11,0,0,0.5,177.33,149,14,59,18,147,82,71,1.17
2023,50726,한승주,한화,3.95,47,1,4,0,2,0.2,70.66,81,6,31,4,55,34,31,1.58
2023,61666,한승혁,한화,6.44,21,0,3,0,1,0,36.33,48,3,21,3,28,27,26,1.9
2023,53609,곽도규,KIA,8.49,14,0,0,0,0,,11.66,14,0,10,2,14,11,11,2.06
2023,76225,김건국,KIA,6.75,6,0,1,0,0,0,16.00,18,0,4,1,9,12,12,1.38
2023,69620,김기훈,KIA,4.6,29,2,0,0,0,1,31.33,28,0,37,2,26,22,16,2.07
2023,60337,김대유,KIA,5.11,41,0,2,0,4,0,24.66,26,2,8,6,20,15,14,1.38
2023,66492,김승현,KIA,4.26,10,0,0,0,0,,12.66,11,1,10,1,7,6,6,1.66
2023,68659,김유신,KIA,5.64,27,0,1,0,2,0,30.33,34,2,19,3,12,19,19,1.75
2023,64580,김재열,KIA,13.11,9,0,0,0,0,,11.66,20,2,13,0,9,17,17,2.83
2023,53645,메디나,KIA,6.05,12,2,6,0,0,0.25,58.00,64,6,29,9,36,42,39,1.6
2023,63638,박준표,KIA,4.5,33,1,0,0,3,1,28.00,28,3,9,0,13,16,14,1.32
2023,53665,산체스,KIA,5.94,12,4,4,0,0,0.5,63.66,79,7,15,4,59,46,42,1.48
2023,53664,앤더슨,KIA,3.76,14,4,7,0,0,0.364,79.00,76,6,26,2,64,42,33,1.29
2023,77637,양현종,KIA,3.58,29,9,11,0,0,0.45,171.00,181,13,48,1,133,78,68,1.34
2023,77637,양현종,KIA,3.58,29,9,11,0,0,0.45,171.00,181,13,48,1,133,78,68,1.34
2023,67640,유승철,KIA,0,1,0,0,0,0,,1.00,0,0,1,0,0,0,0,1
2023,53613,윤영철,KIA,4.04,25,8,7,0,0,0.533,122.66,124,10,48,1,74,59,55,1.4
2023,68619,윤중현,KIA,3.86,31,2,1,0,0,0.667,28.00,29,2,10,1,8,13,12,1.39
2023,51648,이의리,KIA,3.96,28,11,7,0,0,0.611,131.66,103,4,93,8,156,64,58,1.49
2023,65665,이준영,KIA,3.21,64,1,0,0,10,1,33.66,26,0,23,2,30,12,12,1.46
2023,62754,임기영,KIA,2.96,64,4,4,3,16,0.5,82.00,56,6,19,6,57,29,27,0.91
2023,63950,장현식,KIA,4.06,56,2,2,3,5,0.5,51.00,58,6,26,1,44,26,23,1.65
2023,66609,전상현,KIA,2.15,64,8,3,1,13,0.727,58.66,50,1,26,1,50,20,14,1.3
2023,50662,정해영,KIA,2.92,52,3,4,23,1,0.429,49.33,53,3,20,1,30,18,16,1.48
2023,52639,최지민,KIA,2.12,58,6,3,3,12,0.667,59.33,45,4,26,4,44,17,14,1.2
2023,52606,파노니,KIA,4.26,16,6,3,0,0,0.667,82.33,86,6,23,2,66,41,39,1.32
2023,52641,황동하,KIA,6.61,13,0,3,0,0,0,31.33,35,5,21,1,19,25,23,1.79
2023,53312,김건희,키움,22.5,3,0,0,0,0,,2.00,6,2,2,0,0,5,5,4
2023,53164,김동규,키움,22.85,4,0,1,0,0,0,4.33,6,1,12,2,1,12,11,4.15
2023,50360,김동혁,키움,7.32,35,1,7,0,6,0.125,39.33,51,1,18,6,24,34,32,1.75
2023,66018,김선기,키움,5.98,17,1,3,1,0,0.25,43.66,56,2,15,1,29,37,29,1.63
2023,51301,김성진,키움,3.64,55,3,3,0,7,0.5,47.00,44,5,25,1,38,19,19,1.47
2023,67391,김재웅,키움,4.22,67,2,3,6,18,0.4,59.66,56,2,24,0,46,29,28,1.34
2023,51393,김준형,키움,7.04,8,0,0,0,0,,7.66,4,0,6,3,5,6,6,1.3
2023,53322,맥키니,키움,6.52,12,1,9,0,0,0.1,59.33,61,10,36,1,39,46,43,1.63
2023,60336,문성현,키움,4.45,32,2,2,0,2,0.5,28.33,26,2,20,2,21,16,14,1.62
2023,66305,박승주,키움,3.5,18,0,3,0,0,0,18.00,19,2,13,2,15,11,7,1.78
2023,68341,안우진,키움,2.39,24,9,7,0,0,0.563,150.66,121,5,38,1,164,44,40,1.06
2023,67365,양지율,키움,13.5,1,0,0,0,0,,,1,0,3,0,2,1,1,6
2023,61268,양현,키움,5.05,54,0,5,0,8,0,57.00,83,5,21,0,16,38,32,1.82
2023,53300,오상원,키움,6.6,11,0,0,0,0,,15.00,18,0,9,3,7,11,11,1.8
2023,69343,요키시,키움,4.39,12,5,3,0,0,0.625,65.66,82,3,14,3,51,37,32,1.46
2023,76118,원종현,키움,5.79,20,1,1,0,6,0.5,18.66,24,3,5,1,17,16,12,1.55
2023,52395,윤석원,키움,4.5,21,2,0,0,2,1,24.00,29,2,8,0,8,17,12,1.54
2023,69399,윤정현,키움,1.5,5,0,0,0,0,,6.00,5,0,6,0,2,2,1,1.83
2023,52397,이명종,키움,5.21,45,5,5,0,1,0.5,57.00,66,5,24,6,26,34,33,1.58
2023,67603,이승호,키움,5.4,4,0,0,0,1,,5.00,5,1,4,0,1,3,3,1.8
2023,64051,이영준,키움,21.6,2,0,1,0,0,0,1.66,4,0,1,0,0,4,4,3
2023,50354,이종민,키움,7.24,11,0,1,0,0,0,13.66,22,0,6,1,10,13,11,2.05
2023,78352,임창민,키움,2.51,51,2,2,26,1,0.5,46.66,51,3,17,2,40,16,13,1.46
2023,51359,장재영,키움,5.53,23,1,5,0,0,0.167,71.66,63,4,66,8,67,46,44,1.8
2023,78148,정찬헌,키움,4.75,14,2,8,0,0,0.2,72.00,71,4,13,2,35,40,38,1.17
2023,69360,조영건,키움,0,6,0,0,0,1,,7.66,5,0,2,0,7,0,0,0.91
2023,52330,주승우,키움,9.56,11,0,1,0,0,0,16.00,20,1,21,2,8,18,17,2.56
2023,64350,하영민,키움,4.64,57,3,1,0,5,0.75,52.33,67,4,25,1,51,36,27,1.76
2023,62655,홍성민,키움,9,2,0,0,0,0,,2.00,5,1,1,0,1,2,2,3
2023,53375,후라도,키움,2.65,30,11,8,0,0,0.579,183.66,164,7,41,9,147,64,54,1.12
2023,53006,강건,KT,1.35,4,0,0,1,0,,6.66,4,0,3,0,8,1,1,1.05
2023,64001,고영표,KT,2.78,28,12,7,0,0,0.632,174.66,181,7,19,9,114,57,54,1.15
2023,68043,김민,KT,6.83,16,1,2,0,0,0.333,29.00,40,3,16,4,22,26,22,1.93
2023,65048,김민수,KT,6.92,14,0,1,0,3,0,13.00,17,1,5,0,4,10,10,1.69
2023,51097,김영현,KT,5.45,31,0,0,1,1,,33.00,30,4,20,1,35,22,20,1.52
2023,65062,김재윤,KT,2.6,59,5,5,32,0,0.5,65.66,54,2,13,1,60,21,19,1.02
2023,53029,김정운,KT,3.86,5,0,0,0,0,,7.00,6,0,6,2,3,4,3,1.71
2023,66064,김태오,KT,7.36,5,0,0,0,0,,7.33,10,0,4,0,3,6,6,1.91
2023,66047,박세진,KT,3.86,16,0,1,0,1,0,11.66,15,1,14,0,10,8,5,2.49
2023,52060,박영현,KT,2.75,68,3,3,4,32,0.5,75.33,63,3,23,2,79,25,23,1.14
2023,65516,배제성,KT,4.49,26,8,10,0,0,0.444,130.33,144,6,77,2,79,72,65,1.7
2023,52043,벤자민,KT,3.54,29,15,6,0,0,0.714,160.00,149,12,45,3,157,79,63,1.21
2023,50030,소형준,KT,11.45,3,0,0,0,0,,11.00,22,1,3,3,4,14,14,2.27
2023,69041,손동현,KT,3.42,64,8,5,1,15,0.615,73.66,68,5,20,2,40,31,28,1.19
2023,53040,슐서,KT,5.62,9,1,7,0,0,0.125,49.66,66,6,14,0,35,32,31,1.61
2023,65056,엄상백,KT,3.63,20,7,6,0,0,0.538,111.66,100,6,29,2,89,46,45,1.16
2023,69054,이상동,KT,3.98,36,4,1,0,1,0.8,40.66,45,4,15,0,43,19,18,1.48
2023,69068,이선우,KT,4.34,22,0,2,0,0,0,37.33,47,5,9,4,24,20,18,1.5
2023,68896,이채호,KT,6.93,25,0,1,0,1,0,24.66,26,6,9,3,8,19,19,1.42
2023,69047,전용주,KT,4.35,15,0,1,0,1,0,10.33,6,0,6,1,9,5,5,1.16
2023,64768,조이현,KT,6.69,18,2,1,0,1,0.667,35.00,61,3,6,2,17,27,26,1.91
2023,64047,조현우,KT,6,5,0,0,0,0,,3.00,6,0,2,0,1,2,2,2.67
2023,65060,주권,KT,4.4,42,1,2,0,5,0.333,47.00,49,4,19,2,17,23,23,1.45
2023,69032,쿠에바스,KT,2.6,18,12,0,0,0,1,114.33,95,4,24,2,100,33,33,1.04
2023,78517,하준호,KT,4.15,12,0,1,0,0,0,13.00,14,0,10,5,6,9,6,1.85
2023,51143,강효종,LG,6.23,7,1,2,0,0,0.333,21.66,25,1,12,2,14,18,15,1.71
2023,67119,고우석,LG,3.68,44,3,8,15,0,0.273,44.00,38,2,22,4,59,19,18,1.36
2023,66145,김대현,LG,10.8,5,0,0,0,0,,3.33,8,1,2,1,3,5,4,3
2023,50157,김윤식,LG,4.22,17,6,4,0,0,0.6,74.66,86,4,25,3,42,35,35,1.49
2023,75867,김진성,LG,2.18,80,5,1,4,21,0.833,70.33,41,8,26,0,69,17,17,0.95
2023,53139,박명근,LG,5.08,57,4,3,5,9,0.571,51.33,49,4,28,6,40,31,29,1.5
2023,63145,배재준,LG,18,1,0,0,0,0,,1.00,2,0,1,0,0,2,2,3
2023,65109,백승현,LG,1.58,42,2,0,3,11,1,40.00,28,2,18,0,30,7,7,1.15
2023,68159,성동현,LG,9,1,0,0,0,0,,1.00,2,0,1,0,1,1,1,3
2023,67143,손주영,LG,5.19,3,1,0,0,0,1,8.66,12,0,6,0,5,7,5,2.08
2023,51111,송승기,LG,0,1,0,0,0,0,,1.00,1,0,1,0,0,0,0,2
2023,73801,송은범,LG,2.45,4,0,0,0,0,,3.66,6,0,3,0,2,1,1,2.45
2023,67116,오석주,LG,6.3,9,0,0,0,0,,10.00,12,2,3,0,11,7,7,1.5
2023,50106,유영찬,LG,3.44,67,6,3,1,12,0.667,68.00,55,4,40,7,55,27,26,1.4
2023,63961,윤호솔,LG,2.45,4,0,0,0,0,,3.66,3,0,3,0,4,1,1,1.64
2023,50126,이민호,LG,5.03,5,0,2,0,0,0,19.66,22,1,10,0,7,13,11,1.63
2023,65117,이상규,LG,2.35,8,0,0,0,0,,7.66,7,0,5,0,6,2,2,1.57
2023,69168,이상영,LG,3.27,6,0,1,0,0,0,11.00,12,0,8,3,4,5,4,1.82
2023,61145,이우찬,LG,3.52,38,1,3,0,5,0.25,38.33,35,1,18,2,30,15,15,1.38
2023,69134,이정용,LG,4.15,37,7,2,3,1,0.778,86.66,100,5,19,2,50,45,40,1.37
2023,69108,이지강,LG,3.97,22,2,5,0,2,0.286,68.00,60,4,28,9,38,45,30,1.29
2023,61101,임찬규,LG,3.42,30,14,3,0,1,0.824,144.66,142,10,54,5,103,63,55,1.35
2023,69159,정우영,LG,4.7,60,5,6,0,11,0.455,51.66,63,1,17,15,41,39,27,1.55
2023,76650,진해수,LG,3.68,19,0,0,0,2,,14.66,18,2,10,0,12,8,6,1.91
2023,79140,최동환,LG,3.19,45,0,0,1,1,,42.33,42,1,17,3,20,18,15,1.39
2023,62146,최성훈,LG,15,5,0,0,1,0,,3.00,7,0,1,0,2,5,5,2.67
2023,65320,최원태,LG,4.3,26,9,7,0,0,0.563,146.66,149,12,46,7,118,73,70,1.33
2023,69103,켈리,LG,3.83,30,10,7,0,0,0.588,178.66,183,10,39,6,129,87,76,1.24
2023,52145,플럿코,LG,2.41,21,11,3,0,0,0.786,123.33,115,5,31,3,101,37,33,1.18
2023,63248,함덕주,LG,1.62,57,4,0,4,16,1,55.66,32,1,22,2,59,12,10,0.97
2023,63543,구승민,롯데,3.96,67,2,6,3,22,0.25,63.66,65,4,29,5,66,32,28,1.48
2023,65522,김강현,롯데,3,2,0,0,0,0,,3.00,1,0,2,1,0,1,1,1
2023,68585,김도규,롯데,4.55,36,0,3,1,1,0,29.66,29,1,13,1,26,16,15,1.42
2023,76430,김상수,롯데,3.12,67,4,2,1,18,0.667,52.00,45,1,21,3,36,22,18,1.27
2023,62528,김원중,롯데,2.97,63,5,6,30,0,0.455,63.66,51,2,25,5,82,24,21,1.19
2023,51516,김진욱,롯데,6.44,50,2,1,0,8,0.667,36.33,37,4,29,2,35,27,26,1.82
2023,51586,김창훈,롯데,2.08,3,0,0,0,0,,4.33,5,0,1,0,1,1,1,1.38
2023,67768,김태욱,롯데,0,1,0,0,0,0,,1.00,0,0,0,0,0,0,0,0
2023,67539,나균안,롯데,3.8,23,6,8,0,0,0.429,130.33,140,8,42,5,114,61,55,1.4
2023,64021,박세웅,롯데,3.45,27,9,7,0,0,0.563,154.00,145,8,59,4,129,70,59,1.32
2023,69507,박영완,롯데,0,1,0,0,0,0,,1.00,0,0,1,0,1,0,0,1
2023,69594,박진,롯데,9,4,0,0,0,0,,5.00,7,1,7,0,2,5,5,2.8
2023,52528,반즈,롯데,3.28,30,11,10,0,0,0.524,170.33,171,6,56,15,147,68,62,1.33
2023,53560,석상호,롯데,0,5,0,0,0,0,,5.33,4,0,2,0,6,0,0,1.13
2023,50558,스트레일리,롯데,4.37,16,3,5,0,0,0.375,80.33,82,6,37,10,70,43,39,1.48
2023,60140,신정락,롯데,4.66,34,4,0,0,1,1,29.00,32,4,11,3,28,15,15,1.48
2023,64017,심재민,롯데,3.78,33,3,1,0,6,0.75,47.66,57,2,18,1,29,23,20,1.57
2023,51526,우강훈,롯데,6,3,0,0,0,0,,6.00,6,0,4,1,5,5,4,1.67
2023,53546,윌커슨,롯데,2.26,13,7,2,0,0,0.778,79.66,67,3,20,2,81,28,20,1.09
2023,62242,윤명준,롯데,6.52,21,0,1,0,5,0,19.33,31,4,10,4,11,14,14,2.12
2023,52530,이민석,롯데,0,1,0,0,0,0,,1.33,0,0,1,0,1,0,0,0.75
2023,64565,이인복,롯데,6.48,10,1,4,0,0,0.2,33.33,54,3,10,5,15,32,24,1.92
2023,53562,이진하,롯데,3.38,9,0,0,0,0,,8.00,4,0,3,1,2,3,3,0.88
2023,53596,장세진,롯데,13.5,2,0,0,0,0,,1.33,2,1,2,0,1,2,2,3
2023,68556,정성종,롯데,5.32,12,0,1,0,1,0,22.00,21,1,15,1,10,14,13,1.64
2023,52558,진승현,롯데,5.86,24,2,2,0,1,0.5,27.66,34,2,16,0,25,20,18,1.81
2023,64718,최설우,롯데,9.9,8,0,1,0,0,0,10.00,15,0,7,1,7,14,11,2.2
2023,68036,최이준,롯데,6.83,28,1,0,0,1,1,29.00,37,1,21,0,20,22,22,2
2023,50556,최준용,롯데,2.45,47,2,3,0,14,0.4,47.66,50,2,18,1,40,15,13,1.43
2023,62363,한현희,롯데,5.45,38,6,12,0,3,0.333,104.00,123,11,44,11,74,69,63,1.61
2023,65933,구창모,NC,2.96,11,1,3,0,0,0.25,51.66,38,4,16,0,56,19,17,1.05
2023,68928,김시훈,NC,4.44,61,4,3,3,12,0.571,52.66,57,3,34,1,49,32,26,1.73
2023,68900,김영규,NC,3.06,63,2,4,0,24,0.333,61.66,45,2,23,1,48,22,21,1.1
2023,67954,김진호,NC,2.76,19,2,1,0,9,0.667,16.33,15,0,10,1,22,5,5,1.53
2023,67956,김태현,NC,4.43,16,1,0,0,0,1,20.33,17,4,13,1,14,13,10,1.48
2023,65949,류진욱,NC,2.15,70,1,4,0,22,0.2,67.00,41,1,32,1,62,19,16,1.09
2023,69974,배민서,NC,6.75,6,0,0,0,0,,6.66,10,0,2,1,4,8,5,1.8
2023,69962,송명기,NC,4.83,35,4,9,0,0,0.308,104.33,106,12,47,11,65,64,56,1.47
2023,68902,신민혁,NC,3.98,29,5,5,0,0,0.5,122.00,122,14,25,6,97,63,54,1.2
2023,61411,심창민,NC,2.7,5,0,1,0,0,0,3.33,2,0,5,1,5,2,1,2.1
2023,51948,이용준,NC,4.3,24,3,4,0,0,0.429,67.00,60,5,44,2,50,39,32,1.55
2023,77211,이용찬,NC,4.13,60,4,4,29,0,0.5,61.00,53,5,19,3,51,28,28,1.18
2023,65964,이우석,NC,0,1,0,0,0,0,,,0,0,1,0,0,0,0,1.5
2023,60263,이재학,NC,4.54,15,5,5,0,0,0.5,67.33,55,6,33,5,43,36,34,1.31
2023,53996,이준호,NC,4.83,17,3,2,0,0,0.6,31.66,32,3,15,4,19,22,17,1.48
2023,63959,임정호,NC,4.68,65,4,4,0,15,0.5,50.00,51,3,17,4,49,30,26,1.36
2023,52902,임지민,NC,13.5,2,0,0,0,0,,1.33,2,0,4,0,3,2,2,4.5
2023,69969,전사민,NC,4.76,9,0,2,1,0,0,17.00,17,1,14,2,6,10,9,1.82
2023,50995,정구범,NC,7.82,4,0,1,0,0,0,12.66,16,3,12,0,6,11,11,2.21
2023,52903,조민석,NC,4.06,35,1,0,0,4,1,31.00,33,2,14,3,28,15,14,1.52
2023,65241,채원후,NC,8.1,3,0,0,0,0,,3.33,4,0,4,0,2,3,3,2.4
2023,66920,최성영,NC,4.86,18,5,4,0,0,0.556,66.66,77,6,32,5,38,37,36,1.64
2023,53909,태너,NC,2.92,11,5,2,0,0,0.714,64.66,58,6,13,1,47,26,21,1.1
2023,53913,페디,NC,2,30,20,6,0,0,0.769,180.33,137,9,35,4,209,46,40,0.95
2023,69991,하준수,NC,0,1,0,0,0,0,,1.00,0,0,2,0,1,0,0,2
2023,68639,하준영,NC,4.59,57,1,0,0,2,1,49.00,52,4,19,2,49,25,25,1.45
2023,51994,한재승,NC,4.66,11,0,1,0,0,0,9.66,9,2,5,0,10,5,5,1.45
2023,61365,김대우,삼성,4.5,44,0,2,0,4,0,64.00,66,7,22,3,49,37,32,1.38
2023,52460,김서준,삼성,7.04,8,0,1,0,1,0,7.66,9,0,6,2,2,6,6,1.96
2023,67467,김시현,삼성,12,2,0,0,0,0,,3.00,6,2,2,0,2,5,4,2.67
2023,62360,김태훈,삼성,7.11,71,6,7,3,11,0.462,63.33,74,8,43,3,40,54,50,1.85
2023,62920,노건우,삼성,7.3,16,0,1,0,1,0,12.33,22,3,5,1,12,11,10,2.19
2023,67419,문용익,삼성,4.15,14,1,0,0,0,1,13.00,8,0,12,2,12,6,6,1.54
2023,53469,박권후,삼성,3.38,4,0,0,0,0,,2.66,4,1,1,0,0,2,1,1.88
2023,77446,백정현,삼성,3.67,18,7,5,0,0,0.583,100.66,100,6,30,0,61,44,41,1.29
2023,50404,뷰캐넌,삼성,2.54,30,12,8,0,0,0.6,188.00,174,4,43,6,139,71,53,1.15
2023,50404,뷰캐넌,삼성,2.54,30,12,8,0,0,0.6,188.00,174,4,43,6,139,71,53,1.15
2023,52457,수아레즈,삼성,3.92,19,4,7,0,0,0.364,108.00,129,3,32,2,88,54,47,1.49
2023,68415,양창섭,삼성,9.1,15,0,3,0,2,0,28.66,45,7,16,1,12,29,29,2.13
2023,75421,오승환,삼성,3.45,58,4,5,30,2,0.444,62.66,57,9,15,2,44,26,24,1.15
2023,53927,와이드너,삼성,4.54,21,7,5,0,0,0.583,115.00,112,7,40,6,99,65,58,1.32
2023,73117,우규민,삼성,4.81,56,3,1,0,13,0.75,43.00,55,3,5,3,28,25,23,1.4
2023,69446,원태인,삼성,3.24,26,7,7,0,0,0.5,150.00,157,15,34,6,102,61,54,1.27
2023,69446,원태인,삼성,3.24,26,7,7,0,0,0.5,150.00,157,15,34,6,102,61,54,1.27
2023,63960,이상민,삼성,8.5,23,2,1,0,1,0.667,18.00,32,2,3,0,17,17,17,1.94
2023,60146,이승현,삼성,3.6,60,4,4,0,14,0.5,60.00,68,5,15,0,42,29,24,1.38
2023,51454,이승현,삼성,4.98,48,1,5,5,7,0.167,43.33,41,6,29,2,37,26,24,1.62
2023,63492,이재익,삼성,3.95,51,1,3,0,11,0.25,41.00,46,3,17,0,26,19,18,1.54
2023,51460,이재희,삼성,3.38,2,0,0,0,0,,8.00,4,1,5,0,5,3,3,1.13
2023,53455,이호성,삼성,2.65,5,1,0,0,0,1,17.00,11,1,10,0,11,5,5,1.24
2023,77927,장필준,삼성,7.91,17,1,1,0,1,0.5,19.33,28,2,12,2,11,17,17,2.07
2023,67421,최지광,삼성,5.19,22,2,0,0,1,1,17.33,17,4,9,1,18,10,10,1.5
2023,68419,최채흥,삼성,6.68,15,1,7,0,0,0.125,63.33,90,9,16,3,33,52,47,1.67
2023,66451,최충연,삼성,4.82,7,0,0,0,0,,9.33,10,3,7,3,8,8,5,1.82
2023,68501,최하늘,삼성,19.89,3,0,2,0,0,0,6.33,14,2,5,2,3,14,14,3
2023,50449,허윤동,삼성,10.13,7,0,1,0,0,0,10.66,16,0,12,0,8,12,12,2.63
2023,50430,홍원표,삼성,2.45,3,0,0,0,0,,3.66,2,0,2,0,1,1,1,1.09
2023,65496,홍정우,삼성,7.5,36,2,3,0,3,0.4,36.00,36,5,21,3,22,31,30,1.58
2023,50441,황동재,삼성,7.11,7,0,5,0,0,0,31.66,40,6,21,2,27,27,25,1.93
2023,72523,고효준,SSG,4.5,73,4,1,0,13,0.8,58.00,49,3,42,3,66,31,29,1.57
2023,77829,김광현,SSG,3.53,30,9,8,0,0,0.529,168.33,163,11,70,2,119,75,66,1.38
2023,65411,김주온,SSG,81,1,0,0,0,0,,,2,0,1,1,1,3,3,9
2023,66859,김주한,SSG,,1,0,0,0,0,,0.00,2,1,1,0,0,3,3,
2023,73211,노경은,SSG,3.58,76,9,5,2,30,0.643,83.00,78,4,36,4,65,33,33,1.37
2023,53833,맥카티,SSG,3.39,24,9,5,0,0,0.643,130.00,124,10,45,1,116,58,49,1.3
2023,62869,문승원,SSG,5.23,50,5,8,1,9,0.385,105.00,138,12,35,6,65,67,61,1.65
2023,64893,박민호,SSG,0.9,10,0,0,0,0,,10.00,14,0,1,2,4,3,1,1.5
2023,60841,박종훈,SSG,6.19,18,2,6,0,0,0.25,80.00,77,8,60,19,56,57,55,1.71
2023,69839,백승건,SSG,4.97,25,2,2,0,3,0.5,38.00,41,7,17,0,29,24,21,1.53
2023,64896,서동민,SSG,0,2,0,0,0,0,,1.00,0,0,3,0,1,0,0,3
2023,69803,서상준,SSG,0,2,0,0,0,0,,2.00,1,0,5,0,3,3,0,3
2023,61895,서진용,SSG,2.59,69,5,4,42,0,0.556,73.00,63,3,49,4,64,22,21,1.53
2023,53898,송영진,SSG,5.7,17,3,3,0,0,0.5,47.33,46,3,31,2,38,35,30,1.63
2023,52873,신헌민,SSG,6,11,0,0,0,0,,12.00,19,1,6,0,8,10,8,2.08
2023,53825,엘리아스,SSG,3.7,22,8,6,0,0,0.571,131.33,140,12,33,6,93,58,54,1.32
2023,50859,오원석,SSG,5.23,28,8,10,0,0,0.444,144.66,158,11,69,9,88,92,84,1.57
2023,64861,이건욱,SSG,2.09,27,1,0,0,0,1,38.66,31,0,25,2,31,13,9,1.45
2023,52868,이기순,SSG,9,2,0,0,0,0,,3.00,3,1,4,0,3,3,3,2.33
2023,53892,이로운,SSG,5.62,50,6,1,0,5,0.857,57.66,67,7,29,1,52,39,36,1.66
2023,62611,임준섭,SSG,5.79,41,0,2,0,4,0,32.66,44,1,19,1,26,25,21,1.93
2023,65058,정성곤,SSG,10.38,6,0,0,0,0,,4.33,8,2,7,0,3,9,5,3.46
2023,68848,조성훈,SSG,6.43,2,0,1,0,0,0,7.00,10,0,4,2,4,5,5,2
2023,68856,최민준,SSG,4.2,53,5,3,1,7,0.625,60.00,75,7,19,1,37,29,28,1.57
2023,68092,한두솔,SSG,9,1,0,0,0,0,,1.00,1,0,1,1,2,1,1,2
2024,68220,곽빈,두산,4.24,30,15,9,0,0,0.625,167.66,142,11,76,6,154,83,79,1.3
2024,50203,권휘,두산,11,8,0,0,0,0,,9.00,15,0,7,0,11,11,11,2.44
2024,77263,김강률,두산,3,53,2,2,1,12,0.5,42.00,41,1,21,2,33,16,14,1.48
2024,51294,김도윤,두산,3.86,2,0,0,0,0,,2.33,2,0,2,1,1,2,1,1.71
2024,51230,김동주,두산,6.84,14,1,3,0,0,0.25,50.00,67,6,21,4,35,46,38,1.76
2024,67246,김명신,두산,9.37,35,2,1,0,4,0.667,32.66,63,8,8,2,25,34,34,2.17
2024,68200,김민규,두산,4.32,13,0,1,0,0,0,25.00,23,4,19,4,19,14,12,1.68
2024,53262,김유성,두산,6.43,17,1,2,0,0,0.333,28.00,28,1,24,4,29,23,20,1.86
2024,68830,김정우,두산,81,1,0,0,0,0,,,3,0,0,0,0,3,3,9
2024,54263,김택연,두산,2.08,60,3,2,19,4,0.6,65.00,51,2,31,4,78,17,15,1.26
2024,68269,김호준,두산,8.78,16,1,2,0,0,0.333,13.33,22,1,4,5,6,14,13,1.95
2024,63292,박소준,두산,11.25,1,0,1,0,0,0,4.00,6,2,2,0,2,5,5,2
2024,68249,박신지,두산,2.08,6,0,1,0,0,0,8.66,8,0,8,1,3,3,2,1.85
2024,65639,박정수,두산,5.16,29,1,2,0,4,0.333,29.66,38,2,12,2,22,18,17,1.69
2024,54213,박지호,두산,0,1,0,0,0,1,,,0,0,1,0,2,0,0,1.5
2024,67266,박치국,두산,6.38,52,2,3,1,3,0.4,48.00,59,8,18,10,35,34,34,1.6
2024,54243,발라조빅,두산,4.26,12,2,6,0,1,0.25,57.00,54,3,28,2,69,29,27,1.44
2024,52257,브랜든,두산,3.12,14,7,4,0,0,0.636,75.00,75,3,11,4,75,34,26,1.15
2024,54843,시라카와,두산,5.65,12,4,5,0,0,0.444,57.33,59,6,33,3,46,41,36,1.6
2024,69045,알칸타라,두산,4.76,12,2,2,0,0,0.5,64.33,58,10,22,2,34,35,34,1.24
2024,69205,이교훈,두산,7.39,33,1,1,0,1,0.5,35.33,43,7,17,2,27,32,29,1.7
2024,52204,이병헌,두산,2.89,77,6,1,1,22,0.857,65.33,61,3,34,3,57,25,21,1.45
2024,66291,이영하,두산,3.99,59,5,4,2,5,0.556,65.33,62,4,36,2,59,34,29,1.5
2024,68242,정철원,두산,6.4,36,2,1,6,1,0.667,32.33,39,5,26,5,39,24,23,2.01
2024,51264,최승용,두산,6,12,2,0,0,1,1,27.00,37,6,7,0,21,19,18,1.63
2024,67263,최원준,두산,6.46,24,6,7,0,0,0.462,110.00,125,21,34,10,72,79,79,1.45
2024,50206,최종인,두산,3.72,11,1,0,1,2,1,9.66,8,2,5,0,8,4,4,1.34
2024,53259,최준호,두산,5.1,17,3,6,0,0,0.333,72.33,69,11,30,4,58,44,41,1.37
2024,52206,최지강,두산,3.24,55,3,1,1,15,0.75,50.00,48,6,24,6,45,19,18,1.44
2024,61643,홍건희,두산,2.73,65,4,3,9,11,0.571,59.33,55,5,33,5,45,22,18,1.48
2024,51713,김규연,한화,7.02,58,1,0,0,4,1,59.00,66,6,28,4,40,50,46,1.59
2024,51715,김기중,한화,6.56,27,5,4,0,0,0.556,59.00,83,8,27,6,39,44,43,1.86
2024,54705,김도빈,한화,54,1,0,1,0,0,0,,1,0,3,0,1,2,2,12
2024,65764,김민우,한화,2.19,3,1,0,0,0,1,12.33,7,2,6,0,13,3,3,1.05
2024,65769,김범수,한화,5.29,39,0,0,0,4,,34.00,33,11,20,5,38,20,20,1.56
2024,53754,김서현,한화,3.76,37,1,2,0,10,0.333,38.33,31,0,32,4,43,20,16,1.64
2024,50711,김승일,한화,3,3,0,0,0,0,,3.00,4,0,0,1,2,1,1,1.33
2024,50720,남지민,한화,0,2,0,0,0,0,,4.00,2,0,2,1,3,0,0,1
2024,76715,류현진,한화,3.87,28,10,8,0,0,0.556,158.33,182,12,33,3,135,78,68,1.36
2024,52701,문동주,한화,5.17,21,7,7,0,0,0.5,111.33,148,14,38,4,96,71,64,1.67
2024,54720,바리아,한화,5.15,20,6,7,0,0,0.462,92.66,114,10,18,0,83,58,53,1.42
2024,67703,박상원,한화,4.59,65,3,3,2,16,0.5,66.66,57,2,22,7,65,38,34,1.19
2024,69974,배민서,한화,16.2,1,0,0,0,0,,1.66,4,0,3,0,1,3,3,4.2
2024,53714,산체스,한화,4.22,11,2,3,0,0,0.4,53.33,60,2,21,10,56,28,25,1.52
2024,54755,와이스,한화,3.73,16,5,5,0,0,0.5,91.66,77,8,29,3,98,43,38,1.16
2024,63464,윤대경,한화,10.57,7,0,0,0,0,,7.66,10,1,6,1,7,9,9,2.09
2024,65616,이민우,한화,3.76,64,2,1,1,10,0.667,55.00,56,5,23,1,49,25,23,1.44
2024,65117,이상규,한화,5.63,21,1,4,0,0,0.2,32.00,39,5,15,1,27,20,20,1.69
2024,63749,이충호,한화,3.86,3,0,0,0,0,,2.33,4,0,3,0,3,1,1,3
2024,60768,이태양,한화,11.57,10,0,2,0,0,0,9.33,17,4,2,0,2,13,12,2.04
2024,79764,장민재,한화,3.1,26,1,1,0,0,0.5,29.00,46,2,7,1,17,10,10,1.83
2024,77318,장시환,한화,5.13,30,2,2,0,2,0.5,33.33,34,3,22,1,28,27,19,1.68
2024,69645,장지수,한화,10.93,13,0,0,0,0,,14.00,23,0,10,2,11,18,17,2.36
2024,74857,정우람,한화,,1,0,0,0,0,,0.00,1,0,0,0,0,0,0,
2024,54768,조동욱,한화,6.37,21,1,2,0,0,0.333,41.00,57,5,14,6,32,34,29,1.73
2024,65707,주현상,한화,2.65,65,8,4,23,2,0.667,71.33,52,9,8,1,64,22,21,0.84
2024,52720,페냐,한화,6.27,9,3,5,0,0,0.375,37.33,41,6,20,0,29,28,26,1.63
2024,50726,한승주,한화,11.45,18,0,2,0,0,0,22.00,45,2,10,3,14,31,28,2.5
2024,61666,한승혁,한화,5.03,70,5,5,0,19,0.5,62.66,63,2,38,6,64,39,35,1.61
2024,54729,황준서,한화,5.38,36,2,8,0,1,0.2,72.00,80,9,51,5,70,44,43,1.82
2024,53609,곽도규,KIA,3.56,71,4,2,2,16,0.667,55.66,43,4,34,4,64,24,22,1.38
2024,76225,김건국,KIA,7.86,20,0,1,0,0,0,34.33,48,5,14,2,20,33,30,1.81
2024,69620,김기훈,KIA,5.03,17,1,0,0,0,1,19.66,16,1,15,3,17,13,11,1.58
2024,60337,김대유,KIA,8.28,37,0,0,0,8,,25.00,35,4,12,2,26,23,23,1.88
2024,69745,김도현,KIA,4.92,35,4,6,0,3,0.4,75.00,87,9,31,9,59,45,41,1.57
2024,54645,김민주,KIA,9,2,0,0,0,0,,1.00,3,0,1,0,2,2,1,4
2024,63894,김사윤,KIA,4.62,23,0,1,1,0,0,37.00,40,2,25,5,36,29,19,1.76
2024,66492,김승현,KIA,4,15,1,0,0,0,1,18.00,23,3,7,0,11,12,8,1.67
2024,54640,네일,KIA,2.53,26,12,5,0,0,0.706,149.33,154,11,35,9,138,69,42,1.27
2024,54666,라우어,KIA,4.93,7,2,2,0,0,0.5,34.66,35,3,12,3,37,19,19,1.36
2024,67609,박정우,KIA,0,1,0,0,0,0,,1.00,0,0,0,0,2,0,0,0
2024,63638,박준표,KIA,6,8,0,0,0,1,,6.00,10,0,3,1,4,4,4,2.17
2024,54615,스타우트,KIA,5.06,4,1,1,0,0,0.5,16.00,17,2,5,3,20,10,9,1.38
2024,54664,알드레드,KIA,4.53,9,3,2,0,0,0.6,43.66,38,4,17,2,52,24,22,1.26
2024,77637,양현종,KIA,4.1,29,11,5,0,0,0.688,171.33,174,21,41,6,129,86,78,1.25
2024,67640,유승철,KIA,5.4,5,0,0,0,0,,5.00,3,0,7,0,4,3,3,2
2024,50604,유지성,KIA,7.71,3,0,0,0,0,,2.33,5,1,0,1,3,4,2,2.14
2024,53613,윤영철,KIA,4.19,18,7,4,0,0,0.636,81.66,82,8,43,1,58,44,38,1.53
2024,68619,윤중현,KIA,13.94,11,0,0,0,0,,10.33,22,4,9,3,4,17,16,3
2024,51648,이의리,KIA,5.4,4,1,0,0,0,1,13.33,17,3,14,0,14,10,8,2.33
2024,65665,이준영,KIA,3.86,56,4,0,0,9,1,35.00,37,5,17,2,33,21,15,1.54
2024,62951,이형범,KIA,7.8,16,0,1,0,2,0,15.00,26,2,7,5,9,17,13,2.2
2024,62754,임기영,KIA,6.31,37,6,2,0,2,0.75,45.66,61,8,17,1,36,35,32,1.71
2024,50641,장재혁,KIA,0,1,0,0,0,0,,1.33,2,0,1,0,0,0,0,2.25
2024,63950,장현식,KIA,3.94,75,5,4,0,16,0.556,75.33,75,8,34,2,75,41,33,1.45
2024,66609,전상현,KIA,4.09,66,10,5,7,19,0.667,66.00,55,5,20,5,54,32,30,1.14
2024,50662,정해영,KIA,2.49,53,2,3,31,1,0.4,50.66,47,8,16,1,50,14,14,1.24
2024,52639,최지민,KIA,5.09,56,3,3,3,12,0.5,46.00,44,2,40,4,37,28,26,1.83
2024,54612,크로우,KIA,3.57,8,5,1,0,0,0.833,40.33,41,2,12,1,43,19,16,1.31
2024,52641,황동하,KIA,4.44,25,5,7,0,0,0.417,103.33,109,13,44,8,81,64,51,1.48
2024,53164,김동규,키움,54,2,0,0,0,0,,,1,0,2,0,0,2,2,9
2024,50393,김동욱,키움,5,37,2,1,0,3,0.667,36.00,33,4,6,2,18,20,20,1.08
2024,50360,김동혁,키움,6.85,17,0,2,0,0,0,22.33,27,7,10,2,9,21,17,1.66
2024,66018,김선기,키움,5.54,42,6,4,0,0,0.6,76.33,91,13,30,6,43,51,47,1.59
2024,67828,김성민,키움,4.34,46,3,4,0,14,0.429,45.66,45,5,17,1,34,24,22,1.36
2024,54368,김연주,키움,6.61,34,1,1,0,1,0.5,31.33,34,5,17,5,18,24,23,1.63
2024,54319,김윤하,키움,6.04,19,1,6,0,2,0.143,79.00,93,6,35,4,43,57,53,1.62
2024,69367,김인범,키움,5.4,19,2,7,0,0,0.222,63.33,75,9,31,8,27,40,38,1.67
2024,67391,김재웅,키움,3.42,26,0,2,0,7,0,23.66,24,2,12,1,19,9,9,1.52
2024,60336,문성현,키움,6.57,42,1,2,3,2,0.333,38.33,54,3,25,2,31,28,28,2.06
2024,54304,박범준,키움,13.5,5,0,1,0,0,0,5.33,7,1,4,1,8,8,8,2.06
2024,66305,박승주,키움,6.75,15,0,1,0,0,0,17.33,16,2,9,1,13,13,13,1.44
2024,53301,박윤성,키움,5.79,17,0,0,0,1,,18.66,14,5,9,0,14,12,12,1.23
2024,54363,손현기,키움,7.53,6,0,1,0,0,0,14.33,17,2,8,3,9,14,12,1.74
2024,67365,양지율,키움,6.27,21,0,2,0,3,0,18.66,16,1,13,2,7,13,13,1.55
2024,67116,오석주,키움,11.12,17,1,1,0,0,0.5,17.00,28,0,11,3,16,21,21,2.29
2024,76118,원종현,키움,4.91,4,0,0,0,0,,3.66,4,0,3,0,4,2,2,1.91
2024,52395,윤석원,키움,11.42,11,0,1,0,0,0,17.33,31,3,7,2,1,24,22,2.19
2024,69399,윤정현,키움,9,2,0,0,0,0,,3.00,4,0,2,0,1,3,3,2
2024,52397,이명종,키움,8.18,10,0,1,0,0,0,11.00,20,4,5,0,4,10,10,2.27
2024,50354,이종민,키움,7.63,12,1,8,0,0,0.111,43.66,56,9,22,5,21,39,37,1.79
2024,54362,전준표,키움,6.83,18,2,4,0,0,0.333,27.66,35,4,20,5,18,28,21,1.99
2024,78148,정찬헌,키움,7.88,4,0,2,0,0,0,16.00,26,3,3,1,5,14,14,1.81
2024,63342,조상우,키움,3.18,44,0,1,6,9,0,39.66,40,2,20,0,36,17,14,1.51
2024,69360,조영건,키움,8.01,25,2,1,0,1,0.667,39.33,51,7,24,1,31,39,35,1.91
2024,52330,주승우,키움,4.35,55,4,6,14,5,0.4,51.66,50,4,18,5,43,25,25,1.32
2024,64350,하영민,키움,4.37,28,9,8,0,0,0.529,150.33,168,8,58,5,101,82,73,1.5
2024,54354,헤이수스,키움,3.68,30,13,11,0,0,0.542,171.33,171,22,44,14,178,78,70,1.25
2024,53375,후라도,키움,3.36,30,10,8,0,0,0.556,190.33,185,19,32,9,169,78,71,1.14
2024,53006,강건,KT,11.25,4,0,1,0,0,0,4.00,8,1,4,1,3,5,5,3
2024,64001,고영표,KT,4.95,18,6,8,0,0,0.429,100.00,141,6,14,11,79,61,55,1.55
2024,68043,김민,KT,4.31,71,8,4,0,21,0.667,77.33,84,5,27,2,77,38,37,1.44
2024,65048,김민수,KT,5.2,75,5,3,0,12,0.625,81.33,84,8,33,1,75,56,47,1.44
2024,51097,김영현,KT,4.91,8,0,0,0,0,,7.33,9,1,7,1,8,6,4,2.18
2024,67419,문용익,KT,12.18,12,0,0,0,0,,17.00,23,2,22,2,17,27,23,2.65
2024,66047,박세진,KT,3.38,6,0,0,0,0,,5.33,7,0,4,0,2,4,2,2.06
2024,60559,박시영,KT,4.62,26,0,1,1,4,0,25.33,27,4,7,1,23,13,13,1.34
2024,52060,박영현,KT,3.52,66,10,2,25,0,0.833,76.66,63,12,22,0,87,31,30,1.11
2024,52043,벤자민,KT,4.63,28,11,8,0,0,0.579,149.66,141,28,48,4,156,90,77,1.26
2024,50109,성재헌,KT,7.31,30,0,0,0,1,,32.00,46,1,16,5,20,29,26,1.94
2024,50030,소형준,KT,3.24,6,2,0,0,0,1,8.33,7,1,1,1,3,3,3,0.96
2024,69041,손동현,KT,5.32,42,1,2,1,4,0.333,47.33,50,5,20,1,27,31,28,1.48
2024,65056,엄상백,KT,4.88,29,13,10,0,0,0.565,156.66,164,26,42,7,159,88,85,1.31
2024,73117,우규민,KT,2.49,45,4,1,1,4,0.8,43.33,47,1,2,2,39,14,12,1.13
2024,54063,원상현,KT,7.03,22,2,5,0,1,0.286,65.33,105,6,31,2,59,54,51,2.08
2024,54064,육청명,KT,5.44,13,1,5,0,0,0.167,44.66,52,6,20,6,20,31,27,1.61
2024,69054,이상동,KT,5.34,29,0,1,0,3,0,32.00,42,3,14,3,30,20,19,1.75
2024,69068,이선우,KT,5.4,6,0,0,0,0,,10.00,10,0,4,2,4,6,6,1.4
2024,68896,이채호,KT,9.45,9,0,0,0,0,,6.66,13,2,3,1,5,7,7,2.4
2024,69047,전용주,KT,10.8,4,0,0,0,0,,1.66,2,0,3,1,4,3,2,3
2024,64768,조이현,KT,6.3,16,1,2,0,0,0.333,40.00,53,9,10,1,19,29,28,1.58
2024,65060,주권,KT,6.67,48,1,1,0,0,0.5,58.00,78,7,11,3,31,48,43,1.53
2024,69032,쿠에바스,KT,4.1,31,7,12,0,0,0.368,173.33,158,17,59,7,154,86,79,1.25
2024,78517,하준호,KT,9,2,0,0,0,0,,2.00,5,0,1,0,0,2,2,3
2024,51058,한차현,KT,9.95,10,0,4,0,0,0,19.00,29,4,18,0,17,22,21,2.47
2024,66145,김대현,LG,5.4,37,2,0,1,1,1,35.00,33,6,18,2,30,21,21,1.46
2024,68130,김영준,LG,8.22,14,1,1,0,0,0.5,15.33,21,2,9,0,11,17,14,1.96
2024,64596,김유영,LG,3.78,53,1,2,1,6,0.333,47.66,50,2,16,4,42,27,20,1.38
2024,50157,김윤식,LG,12,1,0,0,0,0,,3.00,7,0,1,0,1,4,4,2.67
2024,65411,김주온,LG,15.43,2,0,0,0,0,,4.66,8,2,3,0,4,8,8,2.36
2024,75867,김진성,LG,3.97,71,3,3,1,27,0.5,70.33,62,11,23,7,61,34,31,1.21
2024,51154,김진수,LG,6.75,8,0,1,0,0,0,13.33,17,3,4,0,6,10,10,1.58
2024,53139,박명근,LG,6.39,33,2,2,1,8,0.5,25.33,29,6,12,3,13,20,18,1.62
2024,65109,백승현,LG,9.11,36,2,1,2,1,0.667,26.66,33,3,22,2,14,28,27,2.06
2024,68159,성동현,LG,0,2,0,0,0,0,,2.00,0,0,3,0,1,0,0,1.5
2024,67143,손주영,LG,3.79,28,9,10,0,1,0.474,144.66,157,11,54,10,112,71,61,1.46
2024,54119,에르난데스,LG,4.02,11,3,2,1,1,0.6,47.00,41,5,16,2,55,21,21,1.21
2024,54134,엔스,LG,4.19,30,13,6,0,0,0.684,167.66,169,16,50,6,157,84,78,1.31
2024,51526,우강훈,LG,3.09,14,1,0,0,0,1,11.66,11,0,8,6,10,6,4,1.63
2024,50106,유영찬,LG,2.97,62,7,5,26,1,0.583,63.66,61,2,30,3,77,24,21,1.43
2024,63961,윤호솔,LG,4.15,7,0,0,0,0,,4.33,4,0,8,0,5,2,2,2.77
2024,51110,이믿음,LG,15.75,1,0,1,0,0,0,4.00,11,0,4,0,2,7,7,3.75
2024,69168,이상영,LG,3.31,8,0,1,0,1,0,16.33,15,1,8,4,8,6,6,1.41
2024,61145,이우찬,LG,8.82,42,3,2,0,6,0.6,33.66,42,2,30,1,31,35,33,2.14
2024,50904,이종준,LG,4.15,27,1,2,0,1,0.333,26.00,26,4,16,0,28,13,12,1.62
2024,69108,이지강,LG,4.53,46,2,3,1,1,0.4,53.66,61,5,26,2,39,35,27,1.62
2024,69113,임준형,LG,6.59,18,0,0,0,0,,13.66,16,2,4,3,13,10,10,1.46
2024,61101,임찬규,LG,3.83,25,10,6,0,1,0.625,134.00,144,12,42,5,136,58,57,1.39
2024,69159,정우영,LG,4.76,27,2,1,0,3,0.667,22.66,31,0,11,6,17,15,12,1.85
2024,54149,정지헌,LG,11.68,17,0,0,0,1,,12.33,19,2,11,3,11,18,16,2.43
2024,54148,진우영,LG,4.7,6,0,0,0,0,,7.66,8,1,4,0,6,4,4,1.57
2024,79140,최동환,LG,6.95,26,0,1,0,2,0,22.00,35,4,9,0,14,18,17,2
2024,65320,최원태,LG,4.26,24,9,7,0,0,0.563,126.66,126,10,57,5,103,66,60,1.44
2024,69103,켈리,LG,4.51,19,5,8,0,0,0.385,113.66,131,13,25,6,69,65,57,1.37
2024,63248,함덕주,LG,5.4,15,0,1,0,3,0,11.66,13,2,7,1,8,7,7,1.71
2024,63543,구승민,롯데,4.84,66,5,3,0,13,0.625,57.66,68,6,35,6,62,37,31,1.79
2024,65522,김강현,롯데,3.55,26,0,0,0,0,,25.33,28,2,18,2,24,13,10,1.82
2024,68585,김도규,롯데,9,5,0,1,0,0,0,4.00,5,0,6,2,5,4,4,2.75
2024,76430,김상수,롯데,4.15,74,8,4,2,17,0.667,73.66,71,5,26,5,56,40,34,1.32
2024,62528,김원중,롯데,3.55,56,3,6,25,0,0.333,63.33,59,4,31,1,68,27,25,1.42
2024,51516,김진욱,롯데,5.31,19,4,3,0,0,0.571,84.66,89,13,44,3,87,54,50,1.57
2024,67539,나균안,롯데,8.51,26,4,7,0,0,0.364,73.00,114,15,47,5,74,73,69,2.21
2024,64021,박세웅,롯데,4.78,30,6,11,0,0,0.353,173.33,188,13,56,11,124,103,92,1.41
2024,54503,박준우,롯데,9,2,0,0,0,0,,2.00,3,0,1,0,1,2,2,2
2024,69594,박진,롯데,4.38,38,2,4,1,0,0.333,49.33,60,4,11,2,35,28,24,1.44
2024,63512,박진형,롯데,4.26,7,0,0,0,0,,6.33,6,0,1,1,4,3,3,1.11
2024,52528,반즈,롯데,3.35,25,9,6,0,0,0.6,150.66,140,18,46,5,171,59,56,1.23
2024,52528,반즈,롯데,3.35,25,9,6,0,0,0.6,150.66,140,18,46,5,171,59,56,1.23
2024,51594,송재영,롯데,10.8,19,0,1,1,3,0,8.33,9,2,5,1,9,10,10,1.68
2024,53546,윌커슨,롯데,3.84,32,12,8,0,0,0.6,196.66,210,18,27,2,167,90,84,1.21
2024,53546,윌커슨,롯데,3.84,32,12,8,0,0,0.6,196.66,210,18,27,2,167,90,84,1.21
2024,67588,윤성빈,롯데,45,1,0,1,0,0,0,1.00,4,1,2,0,1,5,5,6
2024,52530,이민석,롯데,7.26,18,0,2,0,1,0,31.00,38,3,25,2,20,27,25,2.03
2024,64565,이인복,롯데,9.55,8,0,3,0,0,0,33.00,49,10,13,3,20,35,35,1.88
2024,62611,임준섭,롯데,7.94,24,0,0,0,2,,11.33,12,0,11,3,3,11,10,2.03
2024,54561,전미르,롯데,5.88,36,1,5,1,5,0.167,33.66,33,4,21,1,34,28,22,1.6
2024,51546,정우준,롯데,4.32,8,0,0,0,0,,8.33,10,2,7,0,5,4,4,2.04
2024,54537,정현수,롯데,4.56,18,1,1,0,1,0.5,23.66,20,0,12,2,25,12,12,1.35
2024,52558,진승현,롯데,8.53,7,0,1,0,0,0,6.33,7,0,5,0,5,6,6,1.89
2024,76650,진해수,롯데,6.18,54,2,1,0,5,0.667,27.66,36,5,10,3,22,21,19,1.66
2024,68036,최이준,롯데,7.3,23,3,0,0,0,1,24.66,40,3,16,1,17,22,20,2.27
2024,50556,최준용,롯데,5.4,27,1,2,0,3,0.333,21.66,28,2,14,1,12,13,13,1.94
2024,62363,한현희,롯데,5.19,57,5,3,0,8,0.625,76.33,92,7,24,10,70,45,44,1.52
2024,68260,현도훈,롯데,9,8,0,1,0,0,0,10.00,15,2,6,0,8,11,10,2.1
2024,50596,홍민기,롯데,12.27,3,0,0,0,0,,3.66,8,0,1,2,2,7,5,2.45
2024,54913,김민규,NC,5.68,7,0,0,0,0,,6.33,8,0,3,0,2,4,4,1.74
2024,68928,김시훈,NC,4.53,39,3,4,0,5,0.429,107.33,110,7,59,3,74,60,54,1.57
2024,68900,김영규,NC,3.15,42,4,2,1,14,0.667,45.66,40,3,14,1,48,19,16,1.18
2024,64580,김재열,NC,2.49,69,1,5,2,12,0.167,68.66,58,4,29,0,67,20,19,1.27
2024,67954,김진호,NC,7.71,2,0,0,0,0,,2.33,3,0,2,0,3,2,2,2.14
2024,67956,김태현,NC,7.2,11,0,0,0,0,,10.00,14,3,7,0,3,10,8,2.1
2024,65949,류진욱,NC,5.74,50,2,1,0,10,0.667,42.33,52,4,19,2,37,30,27,1.68
2024,53973,목지훈,NC,12,3,0,1,0,0,0,9.00,15,1,10,2,3,12,12,2.78
2024,68097,박주현,NC,6,3,0,0,0,0,,3.00,3,1,1,0,4,2,2,1.33
2024,64995,배재환,NC,7.32,20,0,1,0,0,0,19.66,20,5,15,0,13,17,16,1.78
2024,66068,서의태,NC,9.39,11,1,0,0,0,1,7.66,5,1,8,0,7,8,8,1.7
2024,67962,소이현,NC,13.5,4,0,0,0,0,,3.33,6,0,1,1,1,7,5,2.1
2024,54904,손주환,NC,9.82,4,0,1,0,0,0,3.66,2,0,2,1,4,4,4,1.09
2024,69962,송명기,NC,5.87,33,2,1,0,4,0.667,38.33,40,4,17,3,31,27,25,1.49
2024,68902,신민혁,NC,4.31,25,8,9,0,0,0.471,121.00,140,20,16,7,74,67,58,1.29
2024,53919,신영우,NC,10.61,4,0,1,0,0,0,9.33,9,0,15,2,6,11,11,2.57
2024,69343,요키시,NC,5.72,8,3,4,0,0,0.429,39.33,51,5,20,2,32,29,25,1.81
2024,51948,이용준,NC,6.68,9,2,3,0,0,0.4,33.66,42,5,14,1,26,28,25,1.66
2024,77211,이용찬,NC,6.13,57,3,9,16,2,0.25,54.33,82,6,21,2,49,48,37,1.9
2024,60263,이재학,NC,5.52,21,3,12,0,0,0.2,104.33,108,17,42,4,97,68,64,1.44
2024,53996,이준호,NC,7.48,38,3,5,0,2,0.375,49.33,71,7,26,3,42,41,41,1.97
2024,54900,임상현,NC,6.47,12,1,5,0,0,0.167,40.33,46,5,23,2,21,35,29,1.71
2024,63959,임정호,NC,4.42,65,1,6,2,9,0.143,55.00,54,3,25,3,46,32,27,1.44
2024,69969,전사민,NC,9.51,17,0,0,0,0,,23.66,39,3,17,3,17,25,25,2.37
2024,65241,채원후,NC,12,3,0,0,0,0,,3.00,6,0,3,0,2,4,4,3
2024,66920,최성영,NC,5.79,24,2,0,1,1,1,46.66,65,7,17,0,29,37,30,1.76
2024,54903,최우석,NC,3.12,9,0,0,0,0,,8.66,7,2,6,0,8,3,3,1.5
2024,54920,카스타노,NC,4.35,19,8,6,0,0,0.571,111.66,117,11,25,7,89,65,54,1.27
2024,54930,하트,NC,2.69,26,13,3,0,0,0.813,157.00,124,11,38,11,182,51,47,1.03
2024,51994,한재승,NC,3.97,51,1,2,0,6,0.333,45.33,37,2,27,3,44,21,20,1.41
2024,61365,김대우,삼성,5.5,32,0,0,0,5,,34.33,42,4,9,3,23,24,21,1.49
2024,54401,김대호,삼성,11.25,1,0,1,0,0,0,4.00,7,1,2,0,1,6,5,2.25
2024,68403,김무신,삼성,10.13,4,0,0,0,0,,5.33,6,0,7,0,2,6,6,2.44
2024,65062,김재윤,삼성,4.09,65,4,8,11,25,0.333,66.00,58,13,25,1,51,37,30,1.26
2024,62360,김태훈,삼성,3.96,56,3,2,0,23,0.6,52.33,49,6,19,4,37,24,23,1.3
2024,54443,레예스,삼성,3.81,26,11,4,0,0,0.733,144.00,159,15,30,7,114,65,61,1.31
2024,77446,백정현,삼성,5.95,17,6,5,0,0,0.545,78.66,104,13,27,1,56,56,52,1.67
2024,73801,송은범,삼성,1.08,9,0,0,0,2,,8.33,8,0,1,0,2,1,1,1.08
2024,61268,양현,삼성,7.62,18,0,1,0,2,0,13.00,21,4,5,1,10,11,11,2
2024,75421,오승환,삼성,4.91,58,3,9,27,2,0.25,55.00,75,9,18,3,42,36,30,1.69
2024,69446,원태인,삼성,3.66,28,15,6,0,0,0.714,159.66,150,17,42,7,119,68,65,1.2
2024,54404,육선엽,삼성,5.29,11,0,0,0,0,,17.00,19,3,17,2,11,11,10,2.12
2024,63960,이상민,삼성,3.9,37,2,1,1,8,0.667,30.00,31,2,6,4,12,13,13,1.23
2024,50464,이승민,삼성,8.56,25,1,4,0,0,0.2,47.33,71,14,26,3,23,48,45,2.05
2024,51454,이승현,삼성,4.23,17,6,4,0,0,0.6,87.33,88,9,37,6,68,44,41,1.43
2024,60146,이승현,삼성,4.48,60,6,2,1,9,0.75,60.33,68,6,23,3,51,31,30,1.51
2024,63492,이재익,삼성,17.69,9,1,0,0,0,1,9.66,29,2,4,0,6,19,19,3.41
2024,53455,이호성,삼성,7.4,16,2,4,0,0,0.333,45.00,66,9,26,2,28,39,37,2.04
2024,78352,임창민,삼성,3.98,60,2,1,1,28,0.667,54.33,60,4,30,2,50,26,24,1.66
2024,77927,장필준,삼성,135,1,0,0,0,0,,,5,0,0,0,0,5,5,15
2024,62146,최성훈,삼성,6.92,28,0,1,0,3,0,13.00,14,1,9,1,10,10,10,1.77
2024,67421,최지광,삼성,2.23,35,3,2,0,7,0.6,36.33,22,1,21,4,38,9,9,1.18
2024,68419,최채흥,삼성,6.3,14,0,0,0,1,,20.00,24,4,12,0,14,15,14,1.8
2024,68501,최하늘,삼성,5.34,27,1,1,0,1,0.5,32.00,26,2,16,4,18,20,19,1.31
2024,54452,코너,삼성,3.43,28,11,6,0,0,0.647,160.00,135,21,40,19,158,67,61,1.09
2024,50430,홍원표,삼성,4.26,4,0,0,0,0,,6.33,4,1,6,0,5,3,3,1.58
2024,65496,홍정우,삼성,45,1,0,0,0,0,,1.00,5,1,1,0,1,5,5,6
2024,50441,황동재,삼성,4.07,15,1,2,0,0,0.333,42.00,38,2,18,4,30,20,19,1.33
2024,72523,고효준,SSG,8.18,26,2,1,0,5,0.667,22.00,23,4,20,1,27,21,20,1.95
2024,77829,김광현,SSG,4.93,31,12,10,0,0,0.545,162.33,162,24,73,6,154,95,89,1.45
2024,65343,김택형,SSG,9,6,0,1,0,0,0,7.00,10,1,6,1,1,7,7,2.29
2024,73211,노경은,SSG,2.9,77,8,5,0,38,0.615,83.66,71,10,32,4,71,30,27,1.23
2024,54804,더거,SSG,12.71,6,0,3,0,0,0,22.66,37,2,10,3,18,33,32,2.07
2024,62869,문승원,SSG,4.5,62,6,1,20,6,0.857,60.00,67,10,24,1,53,33,30,1.52
2024,64893,박민호,SSG,4.76,19,2,0,0,0,1,22.66,25,4,7,2,10,14,12,1.41
2024,54807,박성빈,SSG,0,3,0,0,0,0,,2.33,1,0,0,1,2,0,0,0.43
2024,50812,박시후,SSG,6.75,11,0,0,0,0,,14.66,18,1,7,2,11,11,11,1.7
2024,60841,박종훈,SSG,6.94,10,1,4,0,0,0.2,35.00,37,7,21,8,34,28,27,1.66
2024,69839,백승건,SSG,7.71,10,0,0,0,0,,9.33,13,2,9,0,5,9,8,2.36
2024,61895,서진용,SSG,5.55,51,0,1,0,6,0,47.00,52,5,26,0,38,34,29,1.66
2024,53898,송영진,SSG,5.8,26,5,10,0,0,0.333,99.33,112,10,51,1,67,74,64,1.64
2024,52873,신헌민,SSG,18,3,0,0,0,0,,3.00,7,2,3,1,0,7,6,3.33
2024,54833,앤더슨,SSG,3.89,24,11,3,0,0,0.786,115.66,98,11,53,8,158,55,50,1.31
2024,53825,엘리아스,SSG,4.08,22,7,7,0,0,0.5,123.66,126,13,30,6,104,59,56,1.26
2024,50859,오원석,SSG,5.03,29,6,9,0,1,0.4,121.66,122,17,65,13,112,72,68,1.54
2024,64861,이건욱,SSG,11.37,10,1,2,0,0,0.333,19.00,34,5,15,2,17,25,24,2.58
2024,52868,이기순,SSG,3.66,10,1,1,0,0,0.5,19.66,12,2,23,1,24,10,8,1.78
2024,53892,이로운,SSG,5.95,63,1,3,1,9,0.25,56.00,67,4,43,3,41,43,37,1.96
2024,51895,장지훈,SSG,6.75,18,0,0,0,0,,21.33,29,3,10,1,10,16,16,1.83
2024,66858,정동윤,SSG,0,3,0,0,0,0,,1.66,1,0,1,0,2,0,0,1.2
2024,51897,조병현,SSG,3.58,76,4,6,12,12,0.4,73.00,52,8,31,2,96,34,29,1.14
2024,68856,최민준,SSG,7.78,32,1,0,0,0,1,39.33,61,9,24,3,40,36,34,2.16
2024,54803,최현석,SSG,54,2,0,0,0,0,,,5,1,3,0,1,4,4,12
2024,68092,한두솔,SSG,5.01,69,2,1,0,3,0.667,59.33,62,3,31,3,68,40,33,1.57
2025,72523,고효준,두산,6.86,45,2,1,0,9,0.667,21.00,29,4,14,1,19,16,16,2.05
2025,68220,곽빈,두산,4.2,19,5,7,0,0,0.417,109.33,96,9,41,2,107,55,51,1.25
2025,67246,김명신,두산,5.4,8,0,0,0,0,,8.33,13,0,3,1,6,8,5,1.92
2025,68200,김민규,두산,4.66,7,1,1,0,0,0.5,9.66,9,1,6,4,6,5,5,1.55
2025,53262,김유성,두산,8.83,7,0,2,0,0,0,17.33,17,3,14,4,22,17,17,1.79
2025,68830,김정우,두산,3.86,18,0,0,1,1,,21.00,26,1,9,3,13,12,9,1.67
2025,54263,김택연,두산,3.53,64,4,5,24,0,0.444,66.33,47,6,31,5,79,31,26,1.18
2025,55221,김한중,두산,0,2,0,0,0,0,,2.00,1,0,0,0,0,1,0,0.5
2025,68269,김호준,두산,6.75,19,0,1,0,1,0,10.66,14,2,7,0,7,11,8,1.97
2025,68249,박신지,두산,2.85,54,2,4,0,5,0.333,60.00,55,3,29,5,36,24,19,1.4
2025,65639,박정수,두산,4.1,29,1,0,0,3,1,26.33,31,1,8,4,15,13,12,1.48
2025,67266,박치국,두산,3.75,73,4,4,2,16,0.5,62.33,58,4,21,7,57,35,26,1.27
2025,55215,양재훈,두산,4.24,19,0,0,1,0,,23.33,19,3,8,0,19,11,11,1.16
2025,52202,윤태호,두산,6.75,10,0,1,0,1,0,17.33,16,2,5,0,16,14,13,1.21
2025,69205,이교훈,두산,1.17,10,1,0,0,0,1,7.66,4,0,4,1,7,2,1,1.04
2025,52204,이병헌,두산,6.23,22,0,0,0,4,,13.00,11,1,10,0,9,9,9,1.62
2025,66291,이영하,두산,4.05,73,4,4,0,14,0.5,66.66,63,4,39,6,72,33,30,1.53
2025,55239,잭로그,두산,2.81,30,10,8,0,1,0.556,176.00,146,8,39,17,156,66,55,1.05
2025,50211,제환유,두산,4.96,6,0,1,0,0,0,16.33,17,2,12,1,8,10,9,1.78
2025,55268,최민석,두산,4.4,17,3,3,0,0,0.5,77.66,72,7,34,5,53,41,38,1.36
2025,51264,최승용,두산,4.41,23,5,7,0,0,0.417,116.33,121,8,36,6,71,60,57,1.35
2025,67263,최원준,두산,4.71,47,4,7,0,9,0.364,107.00,105,18,38,4,62,59,56,1.34
2025,50206,최종인,두산,5.4,3,0,0,0,0,,1.66,1,0,3,0,5,1,1,2.4
2025,53259,최준호,두산,8.44,9,1,2,0,0,0.333,16.00,18,4,9,2,11,15,15,1.69
2025,52206,최지강,두산,6.34,39,2,5,0,5,0.286,32.66,41,3,13,2,38,25,23,1.65
2025,55257,콜어빈,두산,4.48,28,8,12,0,0,0.4,144.66,142,9,79,18,128,80,72,1.53
2025,61643,홍건희,두산,6.19,20,2,1,0,0,0.667,16.00,18,2,15,0,15,13,11,2.06
2025,55267,홍민규,두산,4.59,20,2,1,1,0,0.667,33.33,37,4,15,1,17,19,17,1.56
2025,50705,강재민,한화,9,4,0,0,0,0,,4.00,6,1,2,1,5,4,4,2
2025,55764,권민규,한화,8.44,5,0,0,0,0,,5.33,5,1,7,0,4,5,5,2.25
2025,51715,김기중,한화,3.07,5,0,1,0,0,0,14.66,16,0,6,1,8,5,5,1.5
2025,65769,김범수,한화,2.25,73,2,1,2,6,0.667,48.00,30,0,22,4,41,17,12,1.08
2025,53754,김서현,한화,3.14,69,2,4,33,2,0.333,66.00,52,4,31,8,71,23,23,1.26
2025,50711,김승일,한화,23.63,5,0,0,0,0,,2.66,3,1,3,3,3,7,7,2.25
2025,63765,김종수,한화,3.25,63,4,5,0,5,0.444,63.66,57,5,36,4,59,30,23,1.46
2025,76715,류현진,한화,3.23,26,9,7,0,0,0.563,139.33,144,12,25,4,122,54,50,1.21
2025,52701,문동주,한화,4.02,24,11,5,0,0,0.688,121.00,112,7,31,3,135,57,54,1.18
2025,67703,박상원,한화,4.19,74,4,3,0,16,0.571,66.66,67,4,21,8,52,35,31,1.32
2025,52731,박준영,한화,3.6,1,0,0,0,0,,5.00,3,0,6,0,3,2,2,1.8
2025,65056,엄상백,한화,6.58,28,2,7,0,1,0.222,80.66,106,13,38,8,74,60,59,1.79
2025,54755,와이스,한화,2.87,30,16,5,0,0,0.762,178.66,127,13,56,13,207,63,57,1.02
2025,54702,원종혁,한화,16.2,2,0,0,0,0,,1.66,3,1,2,0,1,3,3,3
2025,69213,윤산흠,한화,3.78,12,0,0,0,0,,16.66,16,1,5,3,17,7,7,1.26
2025,65117,이상규,한화,8,5,0,1,0,0,0,9.00,16,0,4,0,5,9,8,2.22
2025,60768,이태양,한화,3.97,14,0,1,0,0,0,11.33,14,0,5,1,8,5,5,1.68
2025,55743,정우주,한화,2.85,51,3,0,0,3,1,53.66,34,6,21,10,82,18,17,1.02
2025,54768,조동욱,한화,4.05,68,3,3,2,5,0.5,60.00,77,4,29,4,43,29,27,1.77
2025,65707,주현상,한화,5.18,48,5,2,1,3,0.714,41.66,59,8,10,3,37,25,24,1.66
2025,55730,폰세,한화,1.89,29,17,1,0,0,0.944,180.66,128,10,41,6,252,41,38,0.94
2025,61666,한승혁,한화,2.25,71,3,3,3,16,0.5,64.00,56,4,23,7,53,18,16,1.23
2025,54729,황준서,한화,5.3,23,2,8,0,0,0.2,56.00,54,7,26,2,57,37,33,1.43
2025,53609,곽도규,KIA,13.5,9,0,0,0,3,,4.00,3,0,6,2,5,6,6,2.25
2025,76225,김건국,KIA,6.85,26,0,3,0,1,0,46.00,59,11,17,5,31,38,35,1.65
2025,69620,김기훈,KIA,3.25,24,1,1,0,0,0.5,27.66,25,2,10,1,27,11,10,1.27
2025,60337,김대유,KIA,9.72,15,0,1,0,1,0,8.33,12,1,4,0,3,9,9,1.92
2025,69745,김도현,KIA,4.81,24,4,7,0,0,0.364,125.33,149,11,33,10,71,79,67,1.45
2025,54608,김민재,KIA,0,1,0,0,0,0,,2.00,2,0,0,0,1,0,0,1
2025,54645,김민주,KIA,12,3,0,0,0,0,,3.00,4,0,2,2,2,4,4,2
2025,68928,김시훈,KIA,8.06,24,1,0,0,1,1,25.66,33,7,10,0,18,25,23,1.68
2025,55646,김정엽,KIA,18,2,0,0,0,0,,1.00,0,0,1,1,0,2,2,1
2025,55610,김태형,KIA,4.56,8,0,3,0,0,0,23.66,25,4,7,5,14,12,12,1.35
2025,69516,김현수,KIA,2.45,18,0,0,0,0,,18.33,17,2,13,1,11,5,5,1.64
2025,54640,네일,KIA,2.25,27,8,4,0,0,0.667,164.33,135,6,41,15,152,46,41,1.07
2025,54610,성영탁,KIA,1.55,45,3,2,0,7,0.6,52.33,38,2,13,0,30,11,9,0.97
2025,77637,양현종,KIA,5.06,30,7,9,0,0,0.438,153.00,171,12,57,4,109,101,86,1.49
2025,55633,올러,KIA,3.62,26,11,7,0,0,0.611,149.00,125,8,47,8,169,64,60,1.15
2025,67640,유승철,KIA,4.5,1,0,0,0,0,,2.00,3,0,2,0,3,1,1,2.5
2025,50604,유지성,KIA,0,1,0,0,0,0,,1.00,0,0,0,0,0,0,0,0
2025,53613,윤영철,KIA,5.58,13,2,7,0,0,0.222,50.00,52,4,30,1,43,37,31,1.64
2025,68619,윤중현,KIA,4.35,13,1,0,0,0,1,10.33,10,2,7,0,7,5,5,1.65
2025,53615,이도현,KIA,6.92,6,1,1,0,0,0.5,13.00,17,1,8,1,9,11,10,1.92
2025,55632,이성원,KIA,16.88,4,0,0,0,0,,2.66,3,0,4,3,3,7,5,2.63
2025,51648,이의리,KIA,7.94,10,1,4,0,0,0.2,39.66,41,6,31,3,42,37,35,1.82
2025,65665,이준영,KIA,4.76,57,3,1,0,7,0.75,34.00,36,6,11,1,34,18,18,1.38
2025,62951,이형범,KIA,11.7,12,0,0,0,0,,10.00,21,0,5,0,6,16,13,2.6
2025,55663,이호민,KIA,8.59,13,1,0,0,0,1,14.66,21,0,9,2,7,14,14,2.05
2025,62754,임기영,KIA,13,10,1,1,0,0,0.5,9.00,23,2,4,0,5,13,13,3
2025,50641,장재혁,KIA,6,3,0,0,0,0,,3.00,3,1,3,0,2,2,2,2
2025,66609,전상현,KIA,3.34,74,7,5,1,25,0.583,70.00,64,4,20,2,50,30,26,1.2
2025,50662,정해영,KIA,3.79,60,3,7,27,0,0.3,61.66,75,4,18,3,72,30,26,1.51
2025,63342,조상우,KIA,3.9,72,6,6,1,28,0.5,60.00,64,5,27,6,55,29,26,1.52
2025,52639,최지민,KIA,6.58,66,2,4,0,9,0.333,53.33,46,5,51,4,39,40,39,1.82
2025,51994,한재승,KIA,6.48,36,1,1,1,1,0.5,33.33,40,5,31,1,35,29,24,2.13
2025,69643,홍원빈,KIA,27,2,0,0,0,0,,1.66,2,0,4,0,1,5,5,3.6
2025,52641,황동하,KIA,5.3,18,1,2,0,0,0.333,35.66,38,4,10,3,31,21,21,1.35
2025,53164,김동규,키움,6.75,9,0,0,0,0,,8.00,13,2,11,0,10,11,6,3
2025,55359,김서준,키움,20.25,4,0,0,0,0,,5.33,14,2,5,0,4,12,12,3.56
2025,66018,김선기,키움,5.65,44,1,7,0,2,0.125,78.00,96,6,47,11,43,55,49,1.83
2025,67828,김성민,키움,4.68,29,0,3,0,1,0,25.00,25,1,13,5,18,15,13,1.52
2025,54368,김연주,키움,6.62,20,1,3,0,0,0.25,51.66,67,10,25,6,28,40,38,1.78
2025,54319,김윤하,키움,6.14,19,0,12,0,0,0,88.00,113,16,44,3,52,76,60,1.78
2025,55322,로젠버그,키움,3.23,13,4,4,0,0,0.5,75.33,63,5,25,4,80,33,27,1.17
2025,55342,메르세데스,키움,4.47,8,3,3,0,0,0.5,46.33,54,5,9,0,41,24,23,1.36
2025,53301,박윤성,키움,4.53,54,0,5,1,6,0,51.66,55,9,19,1,40,31,26,1.43
2025,55394,박정훈,키움,7.43,16,0,1,1,0,0,23.00,24,1,20,4,7,24,19,1.91
2025,69328,박주성,키움,6.58,18,2,3,0,1,0.4,52.00,63,9,16,3,26,40,38,1.52
2025,54363,손현기,키움,15,2,0,0,0,0,,3.00,4,1,6,1,1,5,5,3.33
2025,55300,손힘찬,키움,11.25,4,0,0,0,0,,4.00,5,0,4,1,4,5,5,2.25
2025,69045,알칸타라,키움,3.27,19,8,4,0,0,0.667,121.00,125,11,10,4,92,50,44,1.12
2025,67365,양지율,키움,8.36,18,0,2,0,1,0,14.00,18,3,7,3,10,13,13,1.79
2025,67116,오석주,키움,3.7,53,2,1,0,7,0.667,58.33,52,4,29,7,44,24,24,1.39
2025,76118,원종현,키움,6.13,61,2,4,5,11,0.333,54.33,68,5,18,3,40,42,37,1.58
2025,55348,웰스,키움,3.15,4,1,1,0,0,0.5,20.00,18,0,6,1,16,8,7,1.2
2025,52395,윤석원,키움,5.54,37,1,1,0,8,0.5,37.33,41,3,12,2,27,23,23,1.42
2025,55396,윤현,키움,8.59,17,2,1,0,0,0.667,22.00,31,2,23,5,15,28,21,2.45
2025,50036,이강준,키움,6.57,29,0,3,0,2,0,24.66,29,3,17,2,26,22,18,1.86
2025,55301,이준우,키움,8.61,31,1,4,0,3,0.2,23.00,37,6,12,1,22,23,22,2.13
2025,55382,임진묵,키움,24.55,4,0,0,0,0,,3.66,10,0,5,1,3,11,10,4.09
2025,54362,전준표,키움,8.85,21,2,2,0,1,0.5,20.33,33,2,19,3,15,22,20,2.56
2025,55377,정세영,키움,16.88,4,0,1,0,0,0,2.66,9,0,4,0,2,6,5,4.88
2025,55313,정현우,키움,5.86,18,3,7,0,0,0.3,81.33,92,8,48,6,55,63,53,1.72
2025,69360,조영건,키움,5.68,51,5,5,8,7,0.5,77.66,84,12,38,4,47,51,49,1.57
2025,52330,주승우,키움,2.45,42,2,2,16,5,0.5,44.00,35,7,17,2,35,13,12,1.18
2025,64350,하영민,키움,4.99,28,7,14,0,0,0.333,153.33,169,13,41,9,134,90,85,1.37
2025,53006,강건,KT,24.55,2,0,1,0,0,0,3.66,7,1,7,1,1,10,10,3.82
2025,68050,강백호,KT,18,1,0,0,0,0,,1.00,3,1,1,0,1,2,2,4
2025,64001,고영표,KT,3.3,29,11,8,0,0,0.579,161.00,170,10,30,15,154,70,59,1.24
2025,55040,김동현,KT,13.5,3,0,0,0,0,,3.33,7,2,3,0,4,5,5,3
2025,65048,김민수,KT,4.96,58,4,3,0,11,0.571,52.66,63,5,15,1,36,31,29,1.48
2025,55043,김재원,KT,10.38,4,0,0,0,0,,4.33,3,0,8,1,4,5,5,2.54
2025,67419,문용익,KT,3.14,20,1,0,0,0,1,28.66,21,3,19,0,31,11,10,1.4
2025,55046,박건우,KT,2.7,6,0,0,0,0,,6.66,4,1,4,0,9,2,2,1.2
2025,52060,박영현,KT,3.39,67,5,6,35,1,0.455,69.00,68,9,34,2,77,31,26,1.48
2025,65516,배제성,KT,5.67,8,2,3,0,0,0.4,27.00,38,2,11,0,23,17,17,1.81
2025,50030,소형준,KT,3.3,26,10,7,1,0,0.588,147.33,155,6,29,3,123,60,54,1.25
2025,69041,손동현,KT,3.84,58,5,0,1,13,1,58.66,66,6,12,3,55,30,25,1.33
2025,50859,오원석,KT,3.67,25,11,8,0,0,0.579,132.33,130,10,52,4,113,60,54,1.38
2025,73117,우규민,KT,2.44,53,1,2,0,9,0.333,44.33,45,2,3,4,24,12,12,1.08
2025,54063,원상현,KT,5.21,52,0,3,0,14,0,57.00,56,8,35,1,45,35,33,1.6
2025,69054,이상동,KT,2.49,41,3,0,0,5,1,43.33,31,4,9,2,34,12,12,0.92
2025,67048,이정현,KT,16.62,6,0,0,0,0,,4.33,9,0,4,1,3,8,8,3
2025,68896,이채호,KT,6.17,10,0,0,0,0,,11.66,12,1,5,2,8,8,8,1.46
2025,69113,임준형,KT,5.19,10,0,0,0,0,,8.66,11,0,7,1,6,7,5,2.08
2025,69047,전용주,KT,3.95,21,0,1,0,4,0,13.66,18,0,7,0,11,8,6,1.83
2025,64768,조이현,KT,5.4,3,1,2,0,0,0.333,11.66,17,2,0,1,3,7,7,1.46
2025,65060,주권,KT,4.43,34,0,1,0,0,0,40.66,48,3,13,0,19,23,20,1.5
2025,79140,최동환,KT,8.68,20,1,1,0,0,0.5,18.66,27,4,12,1,9,19,18,2.09
2025,50650,최용준,KT,2,7,1,0,0,0,1,9.00,13,0,2,0,5,2,2,1.67
2025,69032,쿠에바스,KT,5.4,18,3,10,0,0,0.231,98.33,104,13,46,5,60,69,59,1.53
2025,55032,패트릭,KT,3.12,15,3,3,0,2,0.5,60.66,63,2,21,2,45,26,21,1.38
2025,51058,한차현,KT,16.2,2,0,0,0,0,,1.66,4,0,2,0,1,3,3,3.6
2025,54354,헤이수스,KT,3.96,32,9,9,0,1,0.5,163.66,173,17,44,8,165,85,72,1.33
2025,77263,김강률,LG,1.46,12,1,0,1,4,1,12.33,7,0,8,1,9,2,2,1.22
2025,55167,김영우,LG,2.4,66,3,2,1,7,0.6,60.00,49,2,30,3,56,17,16,1.32
2025,64596,김유영,LG,12.46,6,0,0,0,0,,4.33,8,0,4,1,5,6,6,2.77
2025,55122,김종운,LG,5.4,2,0,0,0,0,,1.66,2,2,0,0,2,3,1,1.2
2025,65411,김주온,LG,27,1,0,1,0,0,0,,0,0,2,2,1,1,1,6
2025,75867,김진성,LG,3.44,78,6,4,1,33,0.6,70.66,61,7,24,0,63,28,27,1.2
2025,51154,김진수,LG,9,4,0,0,0,0,,5.00,11,2,1,0,6,5,5,2.4
2025,53139,박명근,LG,4.89,44,3,4,4,10,0.429,38.66,36,5,16,5,30,21,21,1.34
2025,55121,박시원,LG,13.5,2,0,0,0,0,,1.33,0,0,5,0,0,2,2,3.75
2025,63145,배재준,LG,5.54,14,0,0,0,1,,13.00,9,1,7,1,14,8,8,1.23
2025,65109,백승현,LG,3.9,33,1,0,0,2,1,30.00,28,2,28,1,27,13,13,1.87
2025,68159,성동현,LG,9,12,0,0,0,0,,9.00,10,2,9,0,6,9,9,2.11
2025,67143,손주영,LG,3.41,30,11,6,0,0,0.647,153.00,153,8,49,4,132,67,58,1.32
2025,51111,송승기,LG,3.5,28,11,6,0,0,0.647,144.00,149,15,49,1,125,61,56,1.38
2025,54119,에르난데스,LG,4.23,14,4,4,0,0,0.5,66.00,53,7,24,5,73,32,31,1.17
2025,51526,우강훈,LG,4.66,11,0,0,0,0,,9.66,12,0,6,2,5,5,5,1.86
2025,50106,유영찬,LG,2.63,39,2,2,21,1,0.5,41.00,31,2,23,3,52,14,12,1.32
2025,61145,이우찬,LG,1.89,23,0,1,0,0,0,19.00,13,0,14,1,20,6,4,1.42
2025,69134,이정용,LG,5.03,39,6,1,1,7,0.857,34.00,32,3,12,2,26,19,19,1.29
2025,50904,이종준,LG,0,2,0,0,0,0,,1.66,0,0,1,0,2,0,0,0.6
2025,69108,이지강,LG,5.32,43,1,2,3,4,0.333,47.33,50,4,24,1,39,29,28,1.56
2025,61101,임찬규,LG,3.03,27,11,7,0,0,0.611,160.33,163,9,40,6,107,61,54,1.27
2025,63950,장현식,LG,4.35,56,3,3,10,5,0.5,49.66,65,4,21,5,38,27,24,1.73
2025,69159,정우영,LG,20.25,4,0,0,0,0,,2.66,1,1,4,1,3,6,6,1.88
2025,68419,최채흥,LG,5.28,13,0,1,0,2,0,29.00,35,3,14,1,21,17,17,1.69
2025,55146,치리노스,LG,3.31,30,13,6,0,0,0.684,177.00,173,5,36,9,137,71,65,1.18
2025,55138,코엔 윈,LG,7.04,5,1,1,0,0,0.5,23.00,28,4,4,5,8,19,18,1.39
2025,55130,톨허스트,LG,2.86,8,6,2,0,0,0.75,44.00,39,2,16,2,45,15,14,1.25
2025,63248,함덕주,LG,6,31,2,3,0,1,0.4,27.00,14,1,18,0,26,19,18,1.19
2025,55532,감보아,롯데,3.58,19,7,8,0,0,0.467,108.00,97,6,49,4,117,54,43,1.35
2025,63543,구승민,롯데,7,11,0,1,0,1,0,9.00,9,1,7,1,10,10,7,1.78
2025,65522,김강현,롯데,4,67,2,2,0,4,0.5,72.00,69,9,21,7,36,37,32,1.25
2025,76430,김상수,롯데,6.38,45,0,1,2,3,0,36.66,48,4,18,3,27,26,26,1.8
2025,62528,김원중,롯데,2.67,53,4,3,32,0,0.571,60.66,58,4,33,2,69,21,18,1.5
2025,51516,김진욱,롯데,10,14,1,3,0,0,0.25,27.00,42,10,16,2,24,32,30,2.15
2025,55566,김태현,롯데,4.5,1,0,0,0,0,,2.00,1,0,4,0,2,2,1,2.5
2025,67539,나균안,롯데,3.87,28,3,7,0,0,0.3,137.33,143,13,50,5,116,67,59,1.41
2025,55536,데이비슨,롯데,3.65,22,10,5,0,0,0.667,123.33,123,10,48,5,119,53,50,1.39
2025,64021,박세웅,롯데,4.93,29,11,13,0,0,0.458,160.66,183,15,54,8,156,99,88,1.48
2025,55568,박세현,롯데,14.73,3,0,0,0,0,,3.66,8,1,1,1,4,6,6,2.45
2025,60559,박시영,롯데,11.05,11,1,0,0,0,1,7.33,9,0,9,2,10,9,9,2.45
2025,54503,박준우,롯데,8.03,11,1,2,0,1,0.333,12.33,21,0,6,1,11,11,11,2.19
2025,69594,박진,롯데,5.32,51,3,3,1,3,0.5,69.33,76,10,22,1,50,42,41,1.41
2025,63512,박진형,롯데,8.44,7,0,0,0,0,,5.33,9,1,3,0,5,7,5,2.25
2025,52528,반즈,롯데,5.32,8,3,4,0,0,0.429,45.66,47,4,17,2,38,31,27,1.4
2025,55526,벨라스케즈,롯데,8.23,11,1,4,0,0,0.2,35.00,47,7,18,3,28,32,32,1.86
2025,51594,송재영,롯데,4,46,1,0,0,3,1,27.00,19,3,24,0,28,13,12,1.59
2025,64017,심재민,롯데,3,4,1,0,0,0,1,3.00,5,0,1,0,2,2,1,2
2025,67588,윤성빈,롯데,7.67,31,1,2,0,0,0.333,27.00,26,3,20,4,44,23,23,1.7
2025,52530,이민석,롯데,5.26,20,2,5,0,0,0.286,87.33,104,10,56,2,61,56,51,1.83
2025,55503,이영재,롯데,9,3,0,0,0,0,,2.00,5,1,0,1,2,2,2,2.5
2025,68556,정성종,롯데,3.86,2,0,0,0,0,,2.33,3,1,0,0,0,1,1,1.29
2025,51546,정우준,롯데,5.4,3,0,0,0,0,,3.33,6,0,0,1,3,2,2,1.8
2025,68242,정철원,롯데,4.24,75,8,3,0,21,0.727,70.00,72,4,28,7,55,34,33,1.43
2025,54537,정현수,롯데,3.97,82,2,0,0,12,1,47.66,34,4,26,2,47,23,21,1.26
2025,50556,최준용,롯데,5.3,49,4,4,1,17,0.5,54.33,50,5,16,6,62,35,32,1.21
2025,62363,한현희,롯데,6.23,3,0,0,0,1,,8.66,13,2,2,1,8,6,6,1.73
2025,50596,홍민기,롯데,3.09,25,0,2,0,3,0,32.00,24,0,11,2,39,13,11,1.09
2025,65933,구창모,NC,2.51,4,1,0,0,0,1,14.33,14,1,3,0,18,4,4,1.19
2025,52995,김녹원,NC,6.56,21,3,4,0,1,0.429,70.00,75,10,47,3,37,53,51,1.74
2025,54913,김민규,NC,7.71,7,0,0,0,1,,4.66,5,0,4,0,2,4,4,1.93
2025,68900,김영규,NC,2.86,45,4,3,0,21,0.571,44.00,40,3,18,3,35,17,14,1.32
2025,64580,김재열,NC,6.23,22,0,0,0,2,,21.66,32,5,16,1,16,16,15,2.22
2025,67954,김진호,NC,3.36,76,4,3,6,20,0.571,72.33,53,5,45,9,70,30,27,1.35
2025,50992,김태경,NC,10.64,6,0,0,0,1,,11.00,18,4,9,2,10,20,13,2.45
2025,67956,김태현,NC,12,5,0,0,0,1,,3.00,5,2,3,2,2,4,4,2.67
2025,55995,김태훈,NC,5.21,18,0,0,0,0,,19.00,17,4,16,1,9,15,11,1.74
2025,54944,데이비슨,NC,0,1,0,0,0,0,,,0,0,0,0,0,0,0,0
2025,66965,도태훈,NC,9,1,0,0,0,0,,1.00,3,1,0,0,1,1,1,3
2025,55903,라일리,NC,3.45,30,17,7,0,0,0.708,172.00,136,18,56,3,216,76,66,1.12
2025,55912,로건,NC,4.53,32,7,12,0,0,0.368,173.00,180,18,67,10,149,98,87,1.43
2025,65949,류진욱,NC,3.27,62,4,3,29,0,0.571,66.00,50,6,28,6,57,27,24,1.18
2025,53973,목지훈,NC,6.05,16,3,5,0,0,0.375,58.00,68,6,42,5,45,42,39,1.9
2025,64995,배재환,NC,4.48,70,2,4,2,24,0.333,60.33,48,3,37,11,51,36,30,1.41
2025,67962,소이현,NC,5.63,7,0,0,0,0,,8.00,5,0,7,1,3,5,5,1.5
2025,54904,손주환,NC,4.35,52,6,1,0,7,0.857,51.66,53,5,19,1,37,29,25,1.39
2025,68902,신민혁,NC,4.77,28,6,3,0,0,0.667,132.00,148,23,26,6,84,76,70,1.32
2025,53919,신영우,NC,7.53,8,1,3,0,0,0.25,14.33,8,2,16,3,19,13,12,1.67
2025,77211,이용찬,NC,10.57,12,1,2,0,1,0.333,15.33,23,1,12,4,14,18,18,2.28
2025,52992,이준혁,NC,7.3,25,1,3,0,0,0.25,37.00,43,8,20,6,30,33,30,1.7
2025,54900,임상현,NC,18,1,0,0,0,0,,1.00,2,0,3,0,0,2,2,5
2025,63959,임정호,NC,4.82,31,1,1,0,4,0.5,18.66,18,3,9,4,15,13,10,1.45
2025,52902,임지민,NC,3.86,7,0,1,0,1,0,4.66,1,0,5,0,7,2,2,1.29
2025,69969,전사민,NC,4.26,74,7,7,2,13,0.5,82.33,86,3,33,11,62,45,39,1.45
2025,52903,조민석,NC,6.92,6,0,1,0,0,0,13.00,12,3,11,2,4,10,10,1.77
2025,66920,최성영,NC,6.23,35,2,2,0,4,0.5,47.66,62,6,28,3,33,33,33,1.89
2025,54903,최우석,NC,8.16,12,0,0,0,0,,14.33,23,1,9,0,15,16,13,2.23
2025,68639,하준영,NC,6.75,10,1,1,0,1,0.5,5.33,10,0,7,0,5,4,4,3.19
2025,55460,가라비토,삼성,2.64,15,4,4,0,0,0.5,78.33,56,6,37,6,84,31,23,1.19
2025,61365,김대우,삼성,0,2,0,0,0,1,,,1,0,0,0,0,0,0,1.5
2025,54401,김대호,삼성,5.14,11,0,1,0,0,0,21.00,25,3,15,1,19,13,12,1.9
2025,65062,김재윤,삼성,4.99,63,4,7,13,3,0.364,57.66,57,10,13,1,43,34,32,1.21
2025,62360,김태훈,삼성,4.48,73,2,6,2,19,0.25,66.33,66,8,26,2,74,34,33,1.39
2025,54443,레예스,삼성,4.14,10,4,3,0,0,0.571,50.00,51,5,12,3,35,26,23,1.26
2025,55455,배찬승,삼성,3.91,65,2,3,0,19,0.4,50.66,50,3,34,2,57,25,22,1.66
2025,77446,백정현,삼성,1.95,29,2,0,1,3,1,32.33,19,1,7,2,31,7,7,0.8
2025,73801,송은범,삼성,4.5,5,0,0,0,0,,6.00,9,0,3,0,2,3,3,2
2025,68415,양창섭,삼성,3.43,33,3,3,0,2,0.5,63.00,67,3,19,9,45,29,24,1.37
2025,61268,양현,삼성,0,4,0,0,0,0,,3.33,2,0,3,0,1,0,0,1.5
2025,75421,오승환,삼성,8,12,0,0,0,0,,9.00,15,1,3,0,7,8,8,2
2025,69446,원태인,삼성,3.24,27,12,4,0,0,0.75,166.66,157,20,27,6,108,66,60,1.1
2025,54404,육선엽,삼성,5.34,27,0,1,0,1,0,28.66,23,4,24,0,19,21,17,1.64
2025,63960,이상민,삼성,0,1,0,0,0,0,,1.00,2,0,0,0,1,0,0,2
2025,50464,이승민,삼성,3.78,62,3,2,0,8,0.6,64.33,61,5,26,3,53,37,27,1.35
2025,51454,이승현,삼성,5.42,25,4,9,0,0,0.308,101.33,121,10,46,9,74,64,61,1.65
2025,60146,이승현,삼성,6.31,42,2,1,0,11,0.667,35.66,43,9,11,1,29,26,25,1.51
2025,63492,이재익,삼성,1.23,7,1,0,0,0,1,7.33,8,0,2,0,6,1,1,1.36
2025,51460,이재희,삼성,3,11,0,2,0,4,0,9.00,7,0,5,0,9,3,3,1.33
2025,53455,이호성,삼성,6.34,58,7,4,9,3,0.636,55.33,54,7,29,2,69,44,39,1.5
2025,78352,임창민,삼성,4.85,16,1,0,0,2,1,13.00,17,5,7,1,6,8,7,1.85
2025,54467,정민성,삼성,36,1,0,1,0,0,0,1.00,3,0,0,2,0,4,4,3
2025,62146,최성훈,삼성,9,2,0,0,0,0,,1.00,1,0,1,0,1,1,1,2
2025,65320,최원태,삼성,4.92,27,8,7,0,0,0.533,124.33,128,13,51,12,109,72,68,1.44
2025,66451,최충연,삼성,37.8,4,0,0,0,0,,1.66,7,1,2,1,1,8,7,5.4
2025,50430,홍원표,삼성,4.5,2,0,1,0,0,0,2.00,3,0,2,1,1,1,1,2.5
2025,50441,황동재,삼성,6.97,15,0,1,0,0,0,20.66,27,1,14,2,22,16,16,1.98
2025,53375,후라도,삼성,2.6,30,15,8,0,0,0.652,197.33,177,17,36,4,142,65,57,1.08
2025,51867,김건우,SSG,3.82,35,5,4,0,2,0.556,66.00,53,2,49,7,68,31,28,1.55
2025,77829,김광현,SSG,5,28,10,10,0,0,0.5,144.00,164,13,50,4,138,86,80,1.49
2025,68043,김민,SSG,2.97,70,5,2,1,22,0.714,63.66,60,7,17,6,65,23,21,1.21
2025,50848,김성민,SSG,0,2,1,0,0,0,1,,0,0,2,0,0,0,0,3
2025,65343,김택형,SSG,2.78,25,0,0,0,1,,22.66,19,0,10,3,14,7,7,1.28
2025,73211,노경은,SSG,2.14,77,3,6,3,35,0.333,80.00,60,2,25,3,68,22,19,1.06
2025,62869,문승원,SSG,5.13,23,4,7,0,0,0.364,105.33,109,16,38,5,61,61,60,1.4
2025,54802,박기호,SSG,3,18,0,0,0,2,,24.00,23,3,12,8,13,10,8,1.46
2025,50812,박시후,SSG,3.27,52,6,2,0,3,0.75,52.33,45,5,29,5,34,24,19,1.41
2025,60841,박종훈,SSG,7.11,5,0,2,0,0,0,19.00,15,4,18,5,10,17,15,1.74
2025,61895,서진용,SSG,6.75,2,0,0,0,0,,1.33,1,0,3,0,0,1,1,3
2025,53898,송영진,SSG,5.83,21,2,5,0,0,0.286,63.33,77,10,31,3,40,45,41,1.71
2025,55860,신지환,SSG,0,1,0,0,0,0,,1.00,0,0,0,1,1,0,0,0
2025,54833,앤더슨,SSG,2.25,30,12,7,0,0,0.632,171.66,121,13,51,9,245,53,43,1
2025,53892,이로운,SSG,1.99,75,6,5,1,33,0.545,77.00,56,7,26,0,66,19,17,1.06
2025,52809,전영준,SSG,4.61,34,1,5,0,0,0.167,52.66,48,5,26,5,55,28,27,1.41
2025,66858,정동윤,SSG,8.31,12,0,0,0,0,,17.33,21,2,12,0,17,16,16,1.9
2025,51897,조병현,SSG,1.6,69,5,4,30,0,0.556,67.33,42,5,18,0,79,13,12,0.89
2025,68856,최민준,SSG,3.97,40,2,2,0,1,0.5,65.66,72,6,24,3,44,34,29,1.46
2025,54803,최현석,SSG,6.23,13,0,0,0,0,,17.33,21,5,6,2,11,13,12,1.56
2025,68092,한두솔,SSG,4.95,44,2,0,1,3,1,36.33,46,1,19,1,27,22,20,1.79
2025,55855,화이트,SSG,2.87,24,11,4,0,0,0.733,134.66,111,9,44,8,137,51,43,1.15
