기준일,순위,경기,승,패,무,승률,게임차,최근10경기,연속,홈,방문
2022-04-02,1,1,1,0,0,1,0,1승0무0패,1승,1-0-0,0-0-0
2022-04-02,1,1,1,0,0,1,0,1승0무0패,1승,0-0-0,1-0-0
2022-04-02,6,1,0,1,0,0,1,0승0무1패,1패,0-0-0,0-0-1
2022-04-02,6,1,0,1,0,0,1,0승0무1패,1패,0-0-1,0-0-0
2022-04-03,1,2,2,0,0,1,0,2승0무0패,2승,2-0-0,0-0-0
2022-04-03,1,2,2,0,0,1,0,2승0무0패,2승,0-0-0,2-0-0
2022-04-03,4,2,1,1,0,0.5,1,1승0무1패,1패,1-0-1,0-0-0
2022-04-03,4,2,1,1,0,0.5,1,1승0무1패,1승,0-0-0,1-0-1
2022-04-03,4,2,1,1,0,0.5,1,1승0무1패,1승,1-0-1,0-0-0
2022-04-03,4,2,1,1,0,0.5,1,1승0무1패,1패,0-0-0,1-0-1
2022-04-03,8,2,0,2,0,0,2,0승0무2패,2패,0-0-2,0-0-0
2022-04-03,8,2,0,2,0,0,2,0승0무2패,2패,0-0-0,0-0-2
2022-04-05,1,3,3,0,0,1,0,3승0무0패,3승,0-0-0,3-0-0
2022-04-05,3,3,2,1,0,0.667,1,2승0무1패,1패,2-0-1,0-0-0
2022-04-05,3,3,2,1,0,0.667,1,2승0무1패,2승,0-0-0,2-0-1
2022-04-05,3,3,2,1,0,0.667,1,2승0무1패,1승,0-0-0,2-0-1
2022-04-05,6,3,1,2,0,0.333,2,1승0무2패,2패,1-0-2,0-0-0
2022-04-05,6,3,1,2,0,0.333,2,1승0무2패,1패,1-0-2,0-0-0
2022-04-05,6,3,1,2,0,0.333,2,1승0무2패,1승,1-0-2,0-0-0
2022-04-05,9,3,0,3,0,0,3,0승0무3패,3패,0-0-3,0-0-0
2022-04-05,9,3,0,3,0,0,3,0승0무3패,3패,0-0-0,0-0-3
2022-04-06,1,4,4,0,0,1,0,4승0무0패,4승,0-0-0,4-0-0
2022-04-06,3,4,3,1,0,0.75,1,3승0무1패,3승,0-0-0,3-0-1
2022-04-06,4,4,2,2,0,0.5,2,2승0무2패,2패,2-0-2,0-0-0
2022-04-06,4,4,2,2,0,0.5,2,2승0무2패,1패,0-0-0,2-0-2
2022-04-06,4,4,2,2,0,0.5,2,2승0무2패,2승,2-0-2,0-0-0
2022-04-06,7,4,1,3,0,0.25,3,1승0무3패,3패,1-0-3,0-0-0
2022-04-06,7,4,1,3,0,0.25,3,1승0무3패,2패,1-0-3,0-0-0
2022-04-06,7,4,1,3,0,0.25,3,1승0무3패,1승,1-0-3,0-0-0
2022-04-06,10,4,0,4,0,0,4,0승0무4패,4패,0-0-0,0-0-4
2022-04-07,1,5,5,0,0,1,0,5승0무0패,5승,0-0-0,5-0-0
2022-04-07,3,5,3,2,0,0.6,2,3승0무2패,1승,3-0-2,0-0-0
2022-04-07,3,5,3,2,0,0.6,2,3승0무2패,1패,0-0-0,3-0-2
2022-04-07,3,5,3,2,0,0.6,2,3승0무2패,1승,0-0-0,3-0-2
2022-04-07,3,5,3,2,0,0.6,2,3승0무2패,3승,3-0-2,0-0-0
2022-04-07,7,5,1,4,0,0.2,4,1승0무4패,4패,1-0-4,0-0-0
2022-04-07,7,5,1,4,0,0.2,4,1승0무4패,3패,1-0-4,0-0-0
2022-04-07,7,5,1,4,0,0.2,4,1승0무4패,1패,1-0-4,0-0-0
2022-04-07,10,5,0,5,0,0,5,0승0무5패,5패,0-0-0,0-0-5
2022-04-08,1,6,6,0,0,1,0,6승0무0패,6승,1-0-0,5-0-0
2022-04-08,2,6,5,1,0,0.833,1,5승0무1패,1패,0-0-1,5-0-0
2022-04-08,3,6,4,2,0,0.667,2,4승0무2패,2승,3-0-2,1-0-0
2022-04-08,4,6,3,3,0,0.5,3,3승0무3패,2패,0-0-1,3-0-2
2022-04-08,4,6,3,3,0,0.5,3,3승0무3패,1패,0-0-1,3-0-2
2022-04-08,4,6,3,3,0,0.5,3,3승0무3패,1패,3-0-2,0-0-1
2022-04-08,7,6,2,4,0,0.333,4,2승0무4패,1승,1-0-4,1-0-0
2022-04-08,10,6,0,6,0,0,6,0승0무6패,6패,0-0-1,0-0-5
2022-04-09,1,7,7,0,0,1,0,7승0무0패,7승,2-0-0,5-0-0
2022-04-09,2,7,6,1,0,0.857,1,6승0무1패,1승,1-0-1,5-0-0
2022-04-09,3,7,4,3,0,0.571,3,4승0무3패,1패,3-0-2,1-0-1
2022-04-09,3,7,4,3,0,0.571,3,4승0무3패,1승,1-0-1,3-0-2
2022-04-09,5,7,3,4,0,0.429,4,3승0무4패,3패,0-0-2,3-0-2
2022-04-09,5,7,3,4,0,0.429,4,3승0무4패,2승,1-0-4,2-0-0
2022-04-09,5,7,3,4,0,0.429,4,3승0무4패,2패,3-0-2,0-0-2
2022-04-09,8,7,2,5,0,0.286,5,2승0무5패,1패,1-0-4,1-0-1
2022-04-09,10,7,1,6,0,0.143,6,1승0무6패,1승,1-0-1,0-0-5
2022-04-10,1,8,8,0,0,1,0,8승0무0패,8승,3-0-0,5-0-0
2022-04-10,2,8,7,1,0,0.875,1,7승0무1패,2승,2-0-1,5-0-0
2022-04-10,3,8,5,3,0,0.625,3,5승0무3패,1승,3-0-2,2-0-1
2022-04-10,4,8,4,4,0,0.5,4,4승0무4패,3승,1-0-4,3-0-0
2022-04-10,4,8,4,4,0,0.5,4,4승0무4패,1패,1-0-2,3-0-2
2022-04-10,6,8,3,5,0,0.375,5,3승0무5패,4패,0-0-3,3-0-2
2022-04-10,6,8,3,5,0,0.375,5,3승0무5패,3패,3-0-2,0-0-3
2022-04-10,8,8,2,6,0,0.25,6,2승0무6패,2패,1-0-4,1-0-2
2022-04-10,8,8,2,6,0,0.25,6,2승0무6패,2승,2-0-1,0-0-5
2022-04-12,1,9,9,0,0,1,0,9승0무0패,9승,3-0-0,6-0-0
2022-04-12,2,9,7,2,0,0.778,2,7승0무2패,1패,2-0-2,5-0-0
2022-04-12,3,9,6,3,0,0.667,3,6승0무3패,2승,3-0-2,3-0-1
2022-04-12,4,9,5,4,0,0.556,4,5승0무4패,4승,2-0-4,3-0-0
2022-04-12,5,9,4,5,0,0.444,5,4승0무5패,1승,1-0-3,3-0-2
2022-04-12,5,9,4,5,0,0.444,5,4승0무5패,2패,1-0-2,3-0-3
2022-04-12,5,9,4,5,0,0.444,5,4승0무5패,1승,4-0-2,0-0-3
2022-04-12,8,9,2,7,0,0.222,7,2승0무7패,3패,1-0-5,1-0-2
2022-04-12,8,9,2,7,0,0.222,7,2승0무7패,3패,1-0-4,1-0-3
2022-04-12,8,9,2,7,0,0.222,7,2승0무7패,1패,2-0-1,0-0-6
2022-04-13,1,10,10,0,0,1,0,10승0무0패,10승,3-0-0,7-0-0
2022-04-13,2,10,7,3,0,0.7,3,7승0무3패,2패,2-0-3,5-0-0
2022-04-13,3,9,6,3,0,0.667,3.5,6승0무3패,2승,3-0-2,3-0-1
2022-04-13,4,10,6,4,0,0.6,4,6승0무4패,5승,3-0-4,3-0-0
2022-04-13,5,10,5,5,0,0.5,5,5승0무5패,2승,2-0-3,3-0-2
2022-04-13,6,9,4,5,0,0.444,5.5,4승0무5패,2패,1-0-2,3-0-3
2022-04-13,6,9,4,5,0,0.444,5.5,4승0무5패,1승,4-0-2,0-0-3
2022-04-13,8,9,2,7,0,0.222,7.5,2승0무7패,3패,1-0-5,1-0-2
2022-04-13,9,10,2,8,0,0.2,8,2승0무8패,4패,1-0-4,1-0-4
2022-04-13,9,10,2,8,0,0.2,8,2승0무8패,2패,2-0-1,0-0-7
2022-04-14,1,11,10,1,0,0.909,0,9승0무1패,1패,3-0-0,7-0-1
2022-04-14,2,11,8,3,0,0.727,2,7승0무3패,1승,3-0-3,5-0-0
2022-04-14,3,10,7,3,0,0.7,2.5,7승0무3패,3승,3-0-2,4-0-1
2022-04-14,4,11,7,4,0,0.636,3,7승0무3패,6승,4-0-4,3-0-0
2022-04-14,5,11,6,5,0,0.545,4,6승0무4패,3승,3-0-3,3-0-2
2022-04-14,6,10,5,5,0,0.5,4.5,5승0무5패,1승,1-0-2,4-0-3
2022-04-14,7,10,4,6,0,0.4,5.5,4승0무6패,1패,4-0-3,0-0-3
2022-04-14,8,10,2,8,0,0.2,7.5,2승0무8패,4패,1-0-6,1-0-2
2022-04-14,9,11,2,9,0,0.182,8,2승0무8패,5패,1-0-4,1-0-5
2022-04-14,9,11,2,9,0,0.182,8,2승0무8패,3패,2-0-1,0-0-8
2022-04-15,1,12,11,1,0,0.917,0,9승0무1패,1승,4-0-0,7-0-1
2022-04-15,2,12,8,4,0,0.667,3,6승0무4패,1패,3-0-3,5-0-1
2022-04-15,2,12,8,4,0,0.667,3,7승0무3패,7승,4-0-4,4-0-0
2022-04-15,4,11,7,4,0,0.636,3.5,6승0무4패,1패,3-0-3,4-0-1
2022-04-15,5,11,6,5,0,0.545,4.5,5승0무5패,2승,2-0-2,4-0-3
2022-04-15,6,12,6,6,0,0.5,5,5승0무5패,1패,3-0-3,3-0-3
2022-04-15,7,11,4,7,0,0.364,6.5,4승0무6패,2패,4-0-3,0-0-4
2022-04-15,8,12,3,9,0,0.25,8,3승0무7패,1승,2-0-4,1-0-5
2022-04-15,8,12,3,9,0,0.25,8,3승0무7패,1승,3-0-1,0-0-8
2022-04-15,10,11,2,9,0,0.182,8.5,1승0무9패,5패,1-0-6,1-0-3
2022-04-16,1,13,12,1,0,0.923,0,9승0무1패,2승,5-0-0,7-0-1
2022-04-16,2,13,9,4,0,0.692,3,6승0무4패,1승,3-0-3,6-0-1
2022-04-16,3,12,8,4,0,0.667,3.5,6승0무4패,1승,4-0-3,4-0-1
2022-04-16,4,13,8,5,0,0.615,4,7승0무3패,1패,4-0-4,4-0-1
2022-04-16,5,12,6,6,0,0.5,5.5,5승0무5패,1패,2-0-3,4-0-3
2022-04-16,6,13,6,7,0,0.462,6,4승0무6패,2패,3-0-3,3-0-4
2022-04-16,7,12,5,7,0,0.417,6.5,5승0무5패,1승,4-0-3,1-0-4
2022-04-16,8,12,3,9,0,0.25,8.5,2승0무8패,1승,1-0-6,2-0-3
2022-04-16,9,13,3,10,0,0.231,9,3승0무7패,1패,2-0-5,1-0-5
2022-04-16,9,13,3,10,0,0.231,9,3승0무7패,1패,3-0-2,0-0-8
2022-04-17,1,14,13,1,0,0.929,0,9승0무1패,3승,6-0-0,7-0-1
2022-04-17,2,14,10,4,0,0.714,3,6승0무4패,2승,3-0-3,7-0-1
2022-04-17,3,14,9,5,0,0.643,4,8승0무2패,1승,4-0-4,5-0-1
2022-04-17,4,13,8,5,0,0.615,4.5,6승0무4패,1패,4-0-4,4-0-1
2022-04-17,5,13,7,6,0,0.538,5.5,5승0무5패,1승,3-0-3,4-0-3
2022-04-17,6,13,6,7,0,0.462,6.5,5승0무5패,2승,4-0-3,2-0-4
2022-04-17,7,14,6,8,0,0.429,7,3승0무7패,3패,3-0-3,3-0-5
2022-04-17,8,13,3,10,0,0.231,9.5,2승0무8패,1패,1-0-6,2-0-4
2022-04-17,9,14,3,11,0,0.214,10,2승0무8패,2패,2-0-6,1-0-5
2022-04-17,9,14,3,11,0,0.214,10,3승0무7패,2패,3-0-3,0-0-8
2022-04-19,1,15,13,2,0,0.867,0,8승0무2패,1패,6-0-1,7-0-1
2022-04-19,2,15,10,5,0,0.667,3,5승0무5패,1패,3-0-4,7-0-1
2022-04-19,2,15,10,5,0,0.667,3,9승0무1패,2승,4-0-4,6-0-1
2022-04-19,4,14,8,6,0,0.571,4.5,6승0무4패,2패,4-0-4,4-0-2
2022-04-19,5,14,7,7,0,0.5,5.5,5승0무5패,1패,3-0-4,4-0-3
2022-04-19,5,14,7,7,0,0.5,5.5,5승0무5패,3승,5-0-3,2-0-4
2022-04-19,7,15,6,9,0,0.4,7,3승0무7패,4패,3-0-3,3-0-6
2022-04-19,8,14,4,10,0,0.286,8.5,3승0무7패,1승,1-0-6,3-0-4
2022-04-19,9,15,4,11,0,0.267,9,3승0무7패,1승,3-0-6,1-0-5
2022-04-19,9,15,4,11,0,0.267,9,4승0무6패,1승,3-0-3,1-0-8
2022-04-20,1,16,14,2,0,0.875,0,8승0무2패,1승,7-0-1,7-0-1
2022-04-20,2,16,10,6,0,0.625,4,5승0무5패,2패,3-0-5,7-0-1
2022-04-20,2,16,10,6,0,0.625,4,8승0무2패,1패,4-0-4,6-0-2
2022-04-20,4,15,9,6,0,0.6,4.5,6승0무4패,1승,4-0-4,5-0-2
2022-04-20,5,15,8,7,0,0.533,5.5,5승0무5패,1승,4-0-4,4-0-3
2022-04-20,6,15,7,8,0,0.467,6.5,4승0무6패,1패,5-0-4,2-0-4
2022-04-20,7,16,6,10,0,0.375,8,3승0무7패,5패,3-0-3,3-0-7
2022-04-20,8,15,5,10,0,0.333,8.5,4승0무6패,2승,1-0-6,4-0-4
2022-04-20,9,16,5,11,0,0.313,9,3승0무7패,2승,4-0-6,1-0-5
2022-04-20,10,16,4,12,0,0.25,10,4승0무6패,1패,3-0-3,1-0-9
2022-04-21,1,17,15,2,0,0.882,0,8승0무2패,2승,8-0-1,7-0-1
2022-04-21,2,16,10,6,0,0.625,4.5,6승0무4패,2승,4-0-4,6-0-2
2022-04-21,3,17,10,7,0,0.588,5,4승0무6패,3패,3-0-6,7-0-1
2022-04-21,3,17,10,7,0,0.588,5,7승0무3패,2패,4-0-4,6-0-3
2022-04-21,5,16,8,8,0,0.5,6.5,5승0무5패,1패,4-0-5,4-0-3
2022-04-21,6,16,7,9,0,0.438,7.5,4승0무6패,2패,5-0-5,2-0-4
2022-04-21,7,17,7,10,0,0.412,8,4승0무6패,1승,3-0-3,4-0-7
2022-04-21,8,16,6,10,0,0.375,8.5,4승0무6패,3승,1-0-6,5-0-4
2022-04-21,9,17,5,12,0,0.294,10,3승0무7패,1패,4-0-7,1-0-5
2022-04-21,9,17,5,12,0,0.294,10,4승0무6패,1승,3-0-3,2-0-9
2022-04-22,1,18,15,3,0,0.833,0,7승0무3패,1패,8-0-1,7-0-2
2022-04-22,2,18,11,7,0,0.611,4,4승0무6패,1승,3-0-6,8-0-1
2022-04-22,3,17,10,7,0,0.588,4.5,6승0무4패,1패,4-0-5,6-0-2
2022-04-22,4,18,10,8,0,0.556,5,6승0무4패,3패,4-0-5,6-0-3
2022-04-22,5,17,9,8,0,0.529,5.5,5승0무5패,1승,4-0-5,5-0-3
2022-04-22,6,17,8,9,0,0.471,6.5,5승0무5패,1승,5-0-5,3-0-4
2022-04-22,7,17,7,10,0,0.412,7.5,5승0무5패,4승,2-0-6,5-0-4
2022-04-22,8,18,7,11,0,0.389,8,4승0무6패,1패,3-0-4,4-0-7
2022-04-22,9,18,6,12,0,0.333,9,4승0무6패,2승,4-0-3,2-0-9
2022-04-22,10,18,5,13,0,0.278,10,3승0무7패,2패,4-0-7,1-0-6
2022-04-23,1,19,15,4,0,0.789,0,6승0무4패,2패,8-0-1,7-0-3
2022-04-23,2,18,11,7,0,0.611,3.5,6승0무4패,1승,5-0-5,6-0-2
2022-04-23,3,19,11,8,0,0.579,4,4승0무6패,1패,3-0-6,8-0-2
2022-04-23,3,19,11,8,0,0.579,4,6승0무4패,1승,5-0-5,6-0-3
2022-04-23,5,18,10,8,0,0.556,4.5,6승0무4패,2승,4-0-5,6-0-3
2022-04-23,6,18,8,10,0,0.444,6.5,6승0무4패,5승,3-0-6,5-0-4
2022-04-23,6,18,8,10,0,0.444,6.5,5승0무5패,1패,5-0-5,3-0-5
2022-04-23,8,19,7,12,0,0.368,8,3승0무7패,2패,3-0-5,4-0-7
2022-04-23,8,19,7,12,0,0.368,8,5승0무5패,3승,5-0-3,2-0-9
2022-04-23,10,19,5,14,0,0.263,10,3승0무7패,3패,4-0-7,1-0-7
2022-04-24,1,20,16,4,0,0.8,0,6승0무4패,1승,8-0-1,8-0-3
2022-04-24,2,20,12,8,0,0.6,4,5승0무5패,1승,3-0-6,9-0-2
2022-04-24,3,19,11,8,0,0.579,4.5,5승0무5패,1패,5-0-6,6-0-2
2022-04-24,3,19,11,8,0,0.579,4.5,7승0무3패,3승,4-0-5,7-0-3
2022-04-24,5,20,11,9,0,0.55,5,5승0무5패,1패,5-0-6,6-0-3
2022-04-24,6,19,9,10,0,0.474,6.5,5승0무5패,1승,5-0-5,4-0-5
2022-04-24,7,19,8,11,0,0.421,7.5,6승0무4패,1패,3-0-7,5-0-4
2022-04-24,8,20,7,13,0,0.35,9,2승0무8패,3패,3-0-6,4-0-7
2022-04-24,8,20,7,13,0,0.35,9,5승0무5패,1패,5-0-4,2-0-9
2022-04-24,10,20,6,14,0,0.3,10,4승0무6패,1승,4-0-7,2-0-7
2022-04-26,1,21,17,4,0,0.81,0,7승0무3패,2승,8-0-1,9-0-3
2022-04-26,2,20,12,8,0,0.6,4.5,5승0무5패,1승,6-0-6,6-0-2
2022-04-26,3,21,12,9,0,0.571,5,4승0무6패,1패,3-0-6,9-0-3
2022-04-26,4,20,11,9,0,0.55,5.5,6승0무4패,1패,4-0-6,7-0-3
2022-04-26,5,21,11,10,0,0.524,6,4승0무6패,2패,5-0-6,6-0-4
2022-04-26,6,20,10,10,0,0.5,6.5,6승0무4패,2승,5-0-5,5-0-5
2022-04-26,7,20,8,12,0,0.4,8.5,6승0무4패,2패,3-0-8,5-0-4
2022-04-26,8,21,8,13,0,0.381,9,2승0무8패,1승,4-0-6,4-0-7
2022-04-26,8,21,8,13,0,0.381,9,6승0무4패,1승,6-0-4,2-0-9
2022-04-26,10,21,6,15,0,0.286,11,4승0무6패,1패,4-0-7,2-0-8
2022-04-27,1,22,17,4,1,0.81,0,6승1무3패,2승,8-0-1,2009-01-03
2022-04-27,2,21,13,8,0,0.619,4,6승0무4패,2승,7-0-6,6-0-2
2022-04-27,3,22,13,9,0,0.591,4.5,5승0무5패,1승,3-0-6,10-0-3
2022-04-27,4,21,11,9,1,0.55,5.5,5승1무4패,1패,2004-01-06,7-0-3
2022-04-27,5,22,12,10,0,0.545,5.5,4승0무6패,1승,5-0-6,7-0-4
2022-04-27,6,21,10,11,0,0.476,7,6승0무4패,1패,5-0-5,5-0-6
2022-04-27,7,21,9,12,0,0.429,8,7승0무3패,1승,4-0-8,5-0-4
2022-04-27,8,22,8,14,0,0.364,9.5,2승0무8패,1패,4-0-7,4-0-7
2022-04-27,8,22,8,14,0,0.364,9.5,5승0무5패,1패,6-0-5,2-0-9
2022-04-27,10,22,6,16,0,0.273,11.5,3승0무7패,2패,4-0-7,2-0-9
2022-04-28,1,23,17,5,1,0.773,0,5승1무4패,1패,8-0-1,2009-01-04
2022-04-28,2,23,14,9,0,0.609,3.5,5승0무5패,2승,3-0-6,11-0-3
2022-04-28,3,22,13,9,0,0.591,4,5승0무5패,1패,7-0-7,6-0-2
2022-04-28,4,22,12,9,1,0.571,4.5,6승1무3패,1승,2005-01-06,7-0-3
2022-04-28,5,23,13,10,0,0.565,4.5,5승0무5패,2승,5-0-6,8-0-4
2022-04-28,6,22,10,12,0,0.455,7,7승0무3패,2승,5-0-8,5-0-4
2022-04-28,6,22,10,12,0,0.455,7,5승0무5패,2패,5-0-5,5-0-7
2022-04-28,8,23,8,15,0,0.348,9.5,2승0무8패,2패,4-0-8,4-0-7
2022-04-28,8,23,8,15,0,0.348,9.5,5승0무5패,2패,6-0-6,2-0-9
2022-04-28,10,23,7,16,0,0.304,10.5,4승0무6패,1승,4-0-7,3-0-9
2022-04-29,1,24,18,5,1,0.783,0,5승1무4패,1승,9-0-1,2009-01-04
2022-04-29,2,23,13,9,1,0.591,4.5,6승1무3패,2승,2005-01-06,8-0-3
2022-04-29,3,24,14,10,0,0.583,4.5,4승0무6패,1패,3-0-7,11-0-3
2022-04-29,4,23,13,10,0,0.565,5,5승0무5패,2패,7-0-7,6-0-3
2022-04-29,5,24,13,11,0,0.542,5.5,4승0무6패,1패,5-0-7,8-0-4
2022-04-29,6,23,11,12,0,0.478,7,8승0무2패,3승,5-0-8,6-0-4
2022-04-29,7,23,10,13,0,0.435,8,4승0무6패,3패,5-0-6,5-0-7
2022-04-29,8,24,9,15,0,0.375,9.5,3승0무7패,1승,4-0-8,5-0-7
2022-04-29,9,24,8,16,0,0.333,10.5,5승0무5패,2승,5-0-7,3-0-9
2022-04-29,9,24,8,16,0,0.333,10.5,5승0무5패,3패,6-0-6,2-0-10
2022-04-30,1,25,19,5,1,0.792,0,6승1무3패,2승,10-0-1,2009-01-04
2022-04-30,2,24,14,9,1,0.609,4.5,7승1무2패,3승,2005-01-06,9-0-3
2022-04-30,3,25,14,11,0,0.56,5.5,4승0무6패,2패,3-0-8,11-0-3
2022-04-30,3,25,14,11,0,0.56,5.5,4승0무6패,1승,6-0-7,8-0-4
2022-04-30,5,24,13,11,0,0.542,6,5승0무5패,3패,7-0-7,6-0-4
2022-04-30,6,24,11,13,0,0.458,8,7승0무3패,1패,5-0-8,6-0-5
2022-04-30,7,24,10,14,0,0.417,9,3승0무7패,4패,5-0-7,5-0-7
2022-04-30,8,25,10,15,0,0.4,9.5,4승0무6패,2승,4-0-8,6-0-7
2022-04-30,9,25,9,16,0,0.36,10.5,5승0무5패,1승,6-0-6,3-0-10
2022-04-30,10,25,8,17,0,0.32,11.5,4승0무6패,1패,5-0-8,3-0-9
2022-05-01,1,26,19,6,1,0.76,0,5승1무4패,1패,10-0-2,2009-01-04
2022-05-01,2,25,15,9,1,0.625,3.5,7승1무2패,4승,2005-01-06,10-0-3
2022-05-01,3,26,15,11,0,0.577,4.5,5승0무5패,2승,7-0-7,8-0-4
2022-05-01,4,25,14,11,0,0.56,5,5승0무5패,1승,7-0-7,7-0-4
2022-05-01,5,26,14,12,0,0.538,5.5,4승0무6패,3패,3-0-9,11-0-3
2022-05-01,6,25,11,14,0,0.44,8,6승0무4패,2패,5-0-8,6-0-6
2022-05-01,7,26,11,15,0,0.423,8.5,5승0무5패,3승,4-0-8,7-0-7
2022-05-01,8,25,10,15,0,0.4,9,3승0무7패,5패,5-0-8,5-0-7
2022-05-01,9,26,10,16,0,0.385,9.5,6승0무4패,2승,6-0-6,4-0-10
2022-05-01,10,26,8,18,0,0.308,11.5,3승0무7패,2패,5-0-9,3-0-9
2022-05-03,1,27,20,6,1,0.769,0,5승1무4패,1승,11-0-2,2009-01-04
2022-05-03,2,26,15,10,1,0.6,4.5,7승1무2패,1패,2005-01-06,10-0-4
2022-05-03,3,27,16,11,0,0.593,4.5,6승0무4패,3승,7-0-7,9-0-4
2022-05-03,4,27,15,12,0,0.556,5.5,5승0무5패,1승,4-0-9,11-0-3
2022-05-03,5,26,14,12,0,0.538,6,4승0무6패,1패,7-0-7,7-0-5
2022-05-03,6,26,12,14,0,0.462,8,6승0무4패,1승,6-0-8,6-0-6
2022-05-03,7,27,11,16,0,0.407,9.5,4승0무6패,1패,4-0-9,7-0-7
2022-05-03,8,26,10,16,0,0.385,10,3승0무7패,6패,5-0-9,5-0-7
2022-05-03,9,27,10,17,0,0.37,10.5,5승0무5패,1패,6-0-6,4-0-11
2022-05-03,10,27,9,18,0,0.333,11.5,4승0무6패,1승,5-0-9,4-0-9
2022-05-04,1,28,20,7,1,0.741,0,5승1무4패,1패,11-0-3,2009-01-04
2022-05-04,2,27,16,10,1,0.615,3.5,7승1무2패,1승,2005-01-06,11-0-4
2022-05-04,3,28,16,12,0,0.571,4.5,6승0무4패,1패,7-0-7,9-0-5
2022-05-04,4,27,15,12,0,0.556,5,5승0무5패,1승,7-0-7,8-0-5
2022-05-04,5,28,15,13,0,0.536,5.5,4승0무6패,1패,4-0-10,11-0-3
2022-05-04,6,27,12,15,0,0.444,8,5승0무5패,1패,6-0-9,6-0-6
2022-05-04,7,28,12,16,0,0.429,8.5,5승0무5패,1승,5-0-9,7-0-7
2022-05-04,8,27,11,16,0,0.407,9,3승0무7패,1승,6-0-9,5-0-7
2022-05-04,9,28,11,17,0,0.393,9.5,5승0무5패,1승,6-0-6,5-0-11
2022-05-04,10,28,9,19,0,0.321,11.5,4승0무6패,1패,5-0-9,4-0-10
2022-05-05,1,29,21,7,1,0.75,0,6승1무3패,1승,12-0-3,2009-01-04
2022-05-05,2,28,16,11,1,0.593,4.5,6승1무3패,1패,2005-01-06,11-0-5
2022-05-05,3,28,16,12,0,0.571,5,5승0무5패,2승,7-0-7,9-0-5
2022-05-05,4,29,16,13,0,0.552,5.5,5승0무5패,2패,7-0-7,9-0-6
2022-05-05,5,29,15,14,0,0.517,6.5,4승0무6패,2패,4-0-11,11-0-3
2022-05-05,6,28,13,15,0,0.464,8,5승0무5패,1승,7-0-9,6-0-6
2022-05-05,7,29,13,16,0,0.448,8.5,6승0무4패,2승,6-0-9,7-0-7
2022-05-05,8,28,12,16,0,0.429,9,4승0무6패,2승,7-0-9,5-0-7
2022-05-05,9,29,11,18,0,0.379,10.5,4승0무6패,1패,6-0-6,5-0-12
2022-05-05,10,29,9,20,0,0.31,12.5,4승0무6패,2패,5-0-9,4-0-11
2022-05-06,1,30,21,8,1,0.724,0,5승1무4패,1패,12-0-3,2009-01-05
2022-05-06,2,29,16,12,1,0.571,4.5,5승1무4패,2패,2005-01-07,11-0-5
2022-05-06,3,30,17,13,0,0.567,4.5,6승0무4패,1승,8-0-7,9-0-6
2022-05-06,4,29,16,13,0,0.552,5,5승0무5패,1패,7-0-8,9-0-5
2022-05-06,5,30,16,14,0,0.533,5.5,4승0무6패,1승,4-0-11,12-0-3
2022-05-06,6,29,14,15,0,0.483,7,6승0무4패,2승,7-0-9,7-0-6
2022-05-06,7,30,14,16,0,0.467,7.5,7승0무3패,3승,6-0-9,8-0-7
2022-05-06,8,29,13,16,0,0.448,8,4승0무6패,3승,7-0-9,6-0-7
2022-05-06,9,30,11,19,0,0.367,10.5,4승0무6패,2패,6-0-7,5-0-12
2022-05-06,10,30,9,21,0,0.3,12.5,3승0무7패,3패,5-0-10,4-0-11
2022-05-07,1,31,22,8,1,0.733,0,5승1무4패,1승,12-0-3,2010-01-05
2022-05-07,2,30,17,13,0,0.567,5,5승0무5패,1승,8-0-8,9-0-5
2022-05-07,3,30,16,13,1,0.552,5.5,5승1무4패,3패,2005-01-08,11-0-5
2022-05-07,4,31,17,14,0,0.548,5.5,5승0무5패,2승,4-0-11,13-0-3
2022-05-07,4,31,17,14,0,0.548,5.5,6승0무4패,1패,8-0-8,9-0-6
2022-05-07,6,31,15,16,0,0.484,7.5,7승0무3패,4승,6-0-9,9-0-7
2022-05-07,7,30,14,16,0,0.467,8,6승0무4패,1패,7-0-9,7-0-7
2022-05-07,7,30,14,16,0,0.467,8,4승0무6패,4승,7-0-9,7-0-7
2022-05-07,9,31,11,20,0,0.355,11.5,3승0무7패,3패,6-0-8,5-0-12
2022-05-07,10,31,9,22,0,0.29,13.5,3승0무7패,4패,5-0-11,4-0-11
2022-05-08,1,32,23,8,1,0.742,0,6승0무4패,2승,12-0-3,2011-01-05
2022-05-08,2,32,18,14,0,0.563,5.5,5승0무5패,3승,4-0-11,14-0-3
2022-05-08,3,31,17,14,0,0.548,6,4승0무6패,1패,8-0-9,9-0-5
2022-05-08,4,31,16,14,1,0.533,6.5,5승0무5패,4패,2005-01-09,11-0-5
2022-05-08,5,32,17,15,0,0.531,6.5,5승0무5패,2패,8-0-9,9-0-6
2022-05-08,6,32,16,16,0,0.5,7.5,8승0무2패,5승,6-0-9,10-0-7
2022-05-08,7,31,15,16,0,0.484,8,6승0무4패,1승,7-0-9,8-0-7
2022-05-08,7,31,15,16,0,0.484,8,5승0무5패,5승,7-0-9,8-0-7
2022-05-08,9,32,11,21,0,0.344,12.5,3승0무7패,4패,6-0-9,5-0-12
2022-05-08,10,32,9,23,0,0.281,14.5,3승0무7패,5패,5-0-12,4-0-11
2022-05-10,1,33,24,8,1,0.75,0,7승0무3패,3승,12-0-3,2012-01-05
2022-05-10,2,33,19,14,0,0.576,5.5,5승0무5패,4승,5-0-11,14-0-3
2022-05-10,3,32,18,14,0,0.563,6,5승0무5패,1승,8-0-9,10-0-5
2022-05-10,4,32,17,14,1,0.548,6.5,5승0무5패,1승,2006-01-09,11-0-5
2022-05-10,5,33,17,16,0,0.515,7.5,4승0무6패,3패,8-0-10,9-0-6
2022-05-10,6,32,16,16,0,0.5,8,6승0무4패,6승,8-0-9,8-0-7
2022-05-10,7,33,16,17,0,0.485,8.5,8승0무2패,1패,6-0-10,10-0-7
2022-05-10,8,32,15,17,0,0.469,9,5승0무5패,1패,7-0-9,8-0-8
2022-05-10,9,33,11,22,0,0.333,13.5,3승0무7패,5패,6-0-9,5-0-13
2022-05-10,10,33,9,24,0,0.273,15.5,2승0무8패,6패,5-0-12,4-0-12
2022-05-11,1,34,24,9,1,0.727,0,6승0무4패,1패,12-0-3,2012-01-06
2022-05-11,2,34,20,14,0,0.588,4.5,6승0무4패,5승,6-0-11,14-0-3
2022-05-11,3,33,19,14,0,0.576,5,6승0무4패,2승,8-0-9,11-0-5
2022-05-11,4,33,18,14,1,0.563,5.5,5승0무5패,2승,2007-01-09,11-0-5
2022-05-11,5,34,17,17,0,0.5,7.5,8승0무2패,1승,7-0-10,10-0-7
2022-05-11,5,34,17,17,0,0.5,7.5,4승0무6패,4패,8-0-11,9-0-6
2022-05-11,7,33,16,17,0,0.485,8,5승0무5패,1승,7-0-9,9-0-8
2022-05-11,7,33,16,17,0,0.485,8,6승0무4패,1패,8-0-10,8-0-7
2022-05-11,9,34,11,23,0,0.324,13.5,3승0무7패,6패,6-0-9,5-0-14
2022-05-11,10,34,9,25,0,0.265,15.5,1승0무9패,7패,5-0-12,4-0-13
2022-05-12,1,35,24,10,1,0.706,0,5승0무5패,2패,12-0-3,2012-01-07
2022-05-12,2,35,21,14,0,0.6,3.5,7승0무3패,6승,7-0-11,14-0-3
2022-05-12,3,34,20,14,0,0.588,4,7승0무3패,3승,8-0-9,12-0-5
2022-05-12,4,34,18,15,1,0.545,5.5,4승0무6패,1패,2007-01-10,11-0-5
2022-05-12,5,35,18,17,0,0.514,6.5,8승0무2패,2승,8-0-10,10-0-7
2022-05-12,6,34,17,17,0,0.5,7,7승0무3패,1승,9-0-10,8-0-7
2022-05-12,7,35,17,18,0,0.486,7.5,3승0무7패,5패,8-0-12,9-0-6
2022-05-12,8,34,16,18,0,0.471,8,5승0무5패,1패,7-0-9,9-0-9
2022-05-12,9,35,11,24,0,0.314,13.5,2승0무8패,7패,6-0-9,5-0-15
2022-05-12,10,35,10,25,0,0.286,14.5,2승0무8패,1승,5-0-12,5-0-13
2022-05-13,1,36,24,11,1,0.686,0,5승0무5패,3패,12-0-4,2012-01-07
2022-05-13,2,34,20,14,0,0.588,3.5,7승0무3패,3승,8-0-9,12-0-5
2022-05-13,3,36,21,15,0,0.583,3.5,7승0무3패,1패,7-0-12,14-0-3
2022-05-13,4,35,19,15,1,0.559,4.5,4승0무6패,1승,2007-01-10,12-0-5
2022-05-13,5,35,18,17,0,0.514,6,8승0무2패,2승,8-0-10,10-0-7
2022-05-13,5,35,18,17,0,0.514,6,8승0무2패,2승,9-0-10,9-0-7
2022-05-13,7,36,18,18,0,0.5,6.5,3승0무7패,1승,8-0-12,10-0-6
2022-05-13,8,35,16,19,0,0.457,8,5승0무5패,2패,7-0-10,9-0-9
2022-05-13,9,36,11,25,0,0.306,13.5,3승0무7패,2승,5-0-12,6-0-13
2022-05-13,9,36,11,25,0,0.306,13.5,1승0무9패,8패,6-0-10,5-0-15
2022-05-14,1,37,25,11,1,0.694,0,5승0무5패,1승,13-0-4,2012-01-07
2022-05-14,2,37,22,15,0,0.595,3.5,7승0무3패,1승,8-0-12,14-0-3
2022-05-14,3,35,20,15,0,0.571,4.5,6승0무4패,1패,8-0-9,12-0-6
2022-05-14,3,36,20,15,1,0.571,4.5,5승0무5패,2승,2007-01-10,13-0-5
2022-05-14,5,36,19,17,0,0.528,6,8승0무2패,3승,9-0-10,10-0-7
2022-05-14,6,37,19,18,0,0.514,6.5,3승0무7패,2승,8-0-12,11-0-6
2022-05-14,7,36,18,18,0,0.5,7,8승0무2패,1패,9-0-10,9-0-8
2022-05-14,8,36,16,20,0,0.444,9,4승0무6패,3패,7-0-11,9-0-9
2022-05-14,9,37,11,26,0,0.297,14.5,2승0무8패,1패,5-0-12,6-0-14
2022-05-14,9,37,11,26,0,0.297,14.5,1승0무9패,9패,6-0-11,5-0-15
2022-05-15,1,38,25,12,1,0.676,0,5승0무5패,1패,13-0-5,2012-01-07
2022-05-15,2,38,23,15,0,0.605,2.5,8승0무2패,2승,9-0-12,14-0-3
2022-05-15,3,36,20,16,0,0.556,4.5,6승0무4패,2패,8-0-9,12-0-7
2022-05-15,3,37,20,16,1,0.556,4.5,4승0무6패,1패,2007-01-10,13-0-6
2022-05-15,5,37,20,17,0,0.541,5,9승0무1패,4승,10-0-10,10-0-7
2022-05-15,6,38,20,18,0,0.526,5.5,4승0무6패,3승,8-0-12,12-0-6
2022-05-15,7,37,18,19,0,0.486,7,7승0무3패,2패,9-0-10,9-0-9
2022-05-15,8,37,16,21,0,0.432,9,4승0무6패,4패,7-0-12,9-0-9
2022-05-15,9,38,12,26,0,0.316,13.5,3승0무7패,1승,5-0-12,7-0-14
2022-05-15,9,38,12,26,0,0.316,13.5,1승0무9패,1승,7-0-11,5-0-15
2022-05-17,1,39,25,12,2,0.676,0,4승1무5패,1패,13-0-5,2012-02-07
2022-05-17,2,39,23,16,0,0.59,3,8승0무2패,1패,9-0-12,14-0-4
2022-05-17,3,37,20,16,1,0.556,4.5,5승1무4패,2패,2008-01-09,12-0-7
2022-05-17,4,38,20,17,1,0.541,5,4승0무6패,2패,2007-01-11,13-0-6
2022-05-17,5,39,21,18,0,0.538,5,5승0무5패,4승,8-0-12,13-0-6
2022-05-17,6,38,20,18,0,0.526,5.5,8승0무2패,1패,10-0-10,10-0-8
2022-05-17,7,38,19,19,0,0.5,6.5,7승0무3패,1승,9-0-10,10-0-9
2022-05-17,8,38,17,21,0,0.447,8.5,4승0무6패,1승,8-0-12,9-0-9
2022-05-17,9,39,13,26,0,0.333,13,2승0무8패,2승,8-0-11,5-0-15
2022-05-17,10,39,12,27,0,0.308,14,3승0무7패,1패,5-0-13,7-0-14
2022-05-18,1,40,26,12,2,0.684,0,5승1무4패,1승,13-0-5,2013-02-07
2022-05-18,2,40,24,16,0,0.6,3,8승0무2패,1승,9-0-12,15-0-4
2022-05-18,3,38,20,17,1,0.541,5.5,4승1무5패,3패,2008-01-10,12-0-7
2022-05-18,4,39,21,18,0,0.538,5.5,8승0무2패,1승,10-0-10,11-0-8
2022-05-18,5,39,20,18,1,0.526,6,4승0무6패,3패,2007-01-12,13-0-6
2022-05-18,6,40,21,19,0,0.525,6,4승0무6패,1패,8-0-12,13-0-7
2022-05-18,7,39,20,19,0,0.513,6.5,7승0무3패,2승,9-0-10,11-0-9
2022-05-18,8,39,17,22,0,0.436,9.5,3승0무7패,1패,8-0-13,9-0-9
2022-05-18,9,40,13,27,0,0.325,14,4승0무6패,1승,6-0-13,7-0-14
2022-05-18,9,40,13,27,0,0.325,14,2승0무8패,1패,8-0-12,5-0-15
2022-05-19,1,41,27,12,2,0.692,0,5승1무4패,2승,13-0-5,2014-02-07
2022-05-19,2,41,25,16,0,0.61,3,8승0무2패,2승,9-0-12,16-0-4
2022-05-19,3,40,22,18,0,0.55,5.5,8승0무2패,2승,10-0-10,12-0-8
2022-05-19,4,41,22,19,0,0.537,6,5승0무5패,1승,8-0-12,14-0-7
2022-05-19,5,39,20,18,1,0.526,6.5,4승1무5패,4패,2008-01-11,12-0-7
2022-05-19,6,40,21,19,0,0.525,6.5,7승0무3패,3승,9-0-10,12-0-9
2022-05-19,7,40,20,19,1,0.513,7,4승0무6패,4패,2007-01-13,13-0-6
2022-05-19,8,40,17,23,0,0.425,10.5,3승0무7패,2패,8-0-14,9-0-9
2022-05-19,9,41,13,28,0,0.317,15,4승0무6패,1패,6-0-14,7-0-14
2022-05-19,9,41,13,28,0,0.317,15,2승0무8패,2패,8-0-13,5-0-15
2022-05-20,1,42,28,12,2,0.7,0,5승1무4패,3승,14-0-5,2014-02-07
2022-05-20,2,42,25,17,0,0.595,4,7승0무3패,1패,9-0-12,16-0-5
2022-05-20,3,42,23,19,0,0.548,6,6승0무4패,2승,9-0-12,14-0-7
2022-05-20,4,41,22,19,0,0.537,6.5,7승0무3패,1패,10-0-11,12-0-8
2022-05-20,4,41,22,19,0,0.537,6.5,7승0무3패,4승,10-0-10,12-0-9
2022-05-20,6,41,21,19,1,0.525,7,5승0무5패,1승,2007-01-13,14-0-6
2022-05-20,7,40,20,19,1,0.513,7.5,3승1무6패,5패,2008-01-12,12-0-7
2022-05-20,8,41,18,23,0,0.439,10.5,3승0무7패,1승,8-0-14,10-0-9
2022-05-20,9,42,13,29,0,0.31,16,4승0무6패,2패,6-0-14,7-0-15
2022-05-20,9,42,13,29,0,0.31,16,2승0무8패,3패,8-0-13,5-0-16
2022-05-21,1,43,28,13,2,0.683,0,4승1무5패,1패,14-0-6,2014-02-07
2022-05-21,2,43,26,17,0,0.605,3,7승0무3패,1승,9-0-12,17-0-5
2022-05-21,3,43,24,19,0,0.558,5,7승0무3패,3승,10-0-12,14-0-7
2022-05-21,4,41,21,19,1,0.525,6.5,4승1무5패,1승,2009-01-12,12-0-7
2022-05-21,5,42,22,20,0,0.524,6.5,6승0무4패,2패,10-0-12,12-0-8
2022-05-21,5,42,22,20,0,0.524,6.5,6승0무4패,1패,10-0-11,12-0-9
2022-05-21,7,42,21,20,1,0.512,7,4승0무6패,1패,2007-01-13,14-0-7
2022-05-21,8,42,19,23,0,0.452,9.5,4승0무6패,2승,8-0-14,11-0-9
2022-05-21,9,43,14,29,0,0.326,15,5승0무5패,1승,6-0-14,8-0-15
2022-05-21,10,43,13,30,0,0.302,16,2승0무8패,4패,8-0-13,5-0-17
2022-05-22,1,44,29,13,2,0.69,0,5승1무4패,1승,15-0-6,2014-02-07
2022-05-22,2,44,26,18,0,0.591,4,6승0무4패,1패,9-0-12,17-0-6
2022-05-22,3,44,24,20,0,0.545,6,7승0무3패,1패,10-0-13,14-0-7
2022-05-22,4,43,23,20,0,0.535,6.5,7승0무3패,1승,11-0-12,12-0-8
2022-05-22,4,43,23,20,0,0.535,6.5,7승0무3패,1승,11-0-11,12-0-9
2022-05-22,6,43,22,20,1,0.524,7,4승0무6패,1승,2007-01-13,15-0-7
2022-05-22,7,42,21,20,1,0.512,7.5,3승1무6패,1패,2009-01-13,12-0-7
2022-05-22,8,43,19,24,0,0.442,10.5,3승0무7패,1패,8-0-14,11-0-10
2022-05-22,9,44,14,30,0,0.318,16,5승0무5패,1패,6-0-14,8-0-16
2022-05-22,9,44,14,30,0,0.318,16,3승0무7패,1승,8-0-13,6-0-17
2022-05-24,1,45,30,13,2,0.698,0,6승1무3패,2승,16-0-6,2014-02-07
2022-05-24,2,45,26,19,0,0.578,5,5승0무5패,2패,9-0-13,17-0-6
2022-05-24,3,45,25,20,0,0.556,6,8승0무2패,1승,10-0-13,15-0-7
2022-05-24,4,44,24,20,0,0.545,6.5,7승0무3패,2승,11-0-11,13-0-9
2022-05-24,5,44,23,21,0,0.523,7.5,6승0무4패,1패,11-0-13,12-0-8
2022-05-24,6,44,22,21,1,0.512,8,4승0무6패,1패,2007-01-13,15-0-8
2022-05-24,7,43,21,21,1,0.5,8.5,2승1무7패,2패,2009-01-13,12-0-8
2022-05-24,8,44,19,25,0,0.432,11.5,3승0무7패,2패,8-0-14,11-0-11
2022-05-24,9,45,15,30,0,0.333,16,5승0무5패,1승,7-0-14,8-0-16
2022-05-24,9,45,15,30,0,0.333,16,4승0무6패,2승,9-0-13,6-0-17
2022-05-25,1,46,31,13,2,0.705,0,7승1무2패,3승,17-0-6,2014-02-07
2022-05-25,2,46,26,20,0,0.565,6,5승0무5패,3패,9-0-14,17-0-6
2022-05-25,2,46,26,20,0,0.565,6,8승0무2패,2승,10-0-13,16-0-7
2022-05-25,4,45,25,20,0,0.556,6.5,7승0무3패,3승,11-0-11,14-0-9
2022-05-25,5,45,23,22,0,0.511,8.5,5승0무5패,2패,11-0-14,12-0-8
2022-05-25,6,45,22,22,1,0.5,9,3승0무7패,2패,2007-01-13,15-0-9
2022-05-25,7,44,21,22,1,0.488,9.5,1승1무8패,3패,2009-01-13,12-0-9
2022-05-25,8,45,20,25,0,0.444,11.5,4승0무6패,1승,8-0-14,12-0-11
2022-05-25,9,46,16,30,0,0.348,16,5승0무5패,3승,10-0-13,6-0-17
2022-05-25,10,46,15,31,0,0.326,17,4승0무6패,1패,7-0-15,8-0-16
2022-05-26,1,47,32,13,2,0.711,0,7승1무2패,4승,18-0-6,2014-02-07
2022-05-26,2,47,27,20,0,0.574,6,8승0무2패,3승,10-0-13,17-0-7
2022-05-26,3,46,26,20,0,0.565,6.5,8승0무2패,4승,11-0-11,15-0-9
2022-05-26,4,47,26,21,0,0.553,7,4승0무6패,4패,9-0-15,17-0-6
2022-05-26,5,45,22,22,1,0.5,9.5,2승1무7패,1승,2009-01-13,13-0-9
2022-05-26,5,46,23,23,0,0.5,9.5,4승0무6패,3패,11-0-15,12-0-8
2022-05-26,7,46,22,23,1,0.489,10,2승0무8패,3패,2007-01-13,15-0-10
2022-05-26,8,46,21,25,0,0.457,11.5,5승0무5패,2승,8-0-14,13-0-11
2022-05-26,9,47,16,31,0,0.34,17,5승0무5패,1패,10-0-14,6-0-17
2022-05-26,10,47,15,32,0,0.319,18,4승0무6패,2패,7-0-16,8-0-16
2022-05-27,1,48,33,13,2,0.717,0,8승1무1패,5승,18-0-6,2015-02-07
2022-05-27,2,48,28,20,0,0.583,6,8승0무2패,4승,10-0-13,18-0-7
2022-05-27,3,48,27,21,0,0.563,7,4승0무6패,1승,10-0-15,17-0-6
2022-05-27,4,47,26,21,0,0.553,7.5,8승0무2패,1패,11-0-12,15-0-9
2022-05-27,5,46,23,22,1,0.511,9.5,3승1무6패,2승,2009-01-13,14-0-9
2022-05-27,6,47,23,24,0,0.489,10.5,3승0무7패,4패,11-0-15,12-0-9
2022-05-27,7,47,22,24,1,0.478,11,2승0무8패,4패,2007-01-14,15-0-10
2022-05-27,8,47,21,26,0,0.447,12.5,5승0무5패,1패,8-0-15,13-0-11
2022-05-27,9,48,17,31,0,0.354,17,5승0무5패,1승,10-0-14,7-0-17
2022-05-27,10,48,15,33,0,0.313,19,3승0무7패,3패,7-0-17,8-0-16
2022-05-28,1,49,33,14,2,0.702,0,8승0무2패,1패,18-0-6,2015-02-08
2022-05-28,2,49,29,20,0,0.592,5,8승0무2패,5승,10-0-13,19-0-7
2022-05-28,3,49,28,21,0,0.571,6,5승0무5패,2승,11-0-15,17-0-6
2022-05-28,4,48,27,21,0,0.563,6.5,8승0무2패,1승,12-0-12,15-0-9
2022-05-28,5,47,23,23,1,0.5,9.5,3승0무7패,1패,2009-01-13,14-0-10
2022-05-28,6,48,23,25,0,0.479,10.5,3승0무7패,5패,11-0-15,12-0-10
2022-05-28,7,48,22,25,1,0.468,11,2승0무8패,5패,2007-01-15,15-0-10
2022-05-28,8,48,21,27,0,0.438,12.5,4승0무6패,2패,8-0-16,13-0-11
2022-05-28,9,49,18,31,0,0.367,16,5승0무5패,2승,10-0-14,8-0-17
2022-05-28,10,49,16,33,0,0.327,18,4승0무6패,1승,8-0-17,8-0-16
2022-05-29,1,50,34,14,2,0.708,0,8승0무2패,1승,18-0-6,2016-02-08
2022-05-29,2,50,30,20,0,0.6,5,9승0무1패,6승,10-0-13,20-0-7
2022-05-29,3,50,28,22,0,0.56,7,4승0무6패,1패,11-0-16,17-0-6
2022-05-29,4,49,27,22,0,0.551,7.5,7승0무3패,1패,12-0-13,15-0-9
2022-05-29,5,48,24,23,1,0.511,9.5,4승0무6패,1승,2009-01-13,15-0-10
2022-05-29,6,49,24,25,0,0.49,10.5,3승0무7패,1승,11-0-15,13-0-10
2022-05-29,7,49,22,26,1,0.458,12,2승0무8패,6패,2007-01-16,15-0-10
2022-05-29,8,49,21,28,0,0.429,13.5,4승0무6패,3패,8-0-17,13-0-11
2022-05-29,9,50,19,31,0,0.38,16,6승0무4패,3승,10-0-14,9-0-17
2022-05-29,10,50,16,34,0,0.32,19,3승0무7패,1패,8-0-18,8-0-16
2022-05-31,1,51,34,15,2,0.694,0,7승0무3패,1패,18-0-7,2016-02-08
2022-05-31,2,51,31,20,0,0.608,4,9승0무1패,7승,11-0-13,20-0-7
2022-05-31,3,50,28,22,0,0.56,6.5,7승0무3패,1승,12-0-13,16-0-9
2022-05-31,4,51,28,23,0,0.549,7,3승0무7패,2패,11-0-16,17-0-7
2022-05-31,5,49,24,24,1,0.5,9.5,4승0무6패,1패,2009-01-14,15-0-10
2022-05-31,6,50,24,26,0,0.48,10.5,2승0무8패,1패,11-0-15,13-0-11
2022-05-31,7,50,23,26,1,0.469,11,3승0무7패,1승,2008-01-16,15-0-10
2022-05-31,8,50,22,28,0,0.44,12.5,5승0무5패,1승,8-0-17,14-0-11
2022-05-31,9,51,19,32,0,0.373,16,6승0무4패,1패,10-0-15,9-0-17
2022-05-31,10,51,17,34,0,0.333,18,4승0무6패,1승,8-0-18,9-0-16
2022-06-01,1,52,35,15,2,0.7,0,7승0무3패,1승,19-0-7,2016-02-08
2022-06-01,2,52,31,21,0,0.596,5,8승0무2패,1패,11-0-14,20-0-7
2022-06-01,3,51,29,22,0,0.569,6.5,7승0무3패,2승,12-0-13,17-0-9
2022-06-01,4,52,29,23,0,0.558,7,4승0무6패,1승,11-0-16,18-0-7
2022-06-01,5,51,25,26,0,0.49,10.5,3승0무7패,1승,11-0-15,14-0-11
2022-06-01,6,50,24,25,1,0.49,10.5,4승0무6패,2패,2009-01-15,15-0-10
2022-06-01,7,51,23,27,1,0.46,12,2승0무8패,1패,2008-01-17,15-0-10
2022-06-01,8,51,22,29,0,0.431,13.5,4승0무6패,1패,8-0-17,14-0-12
2022-06-01,9,52,20,32,0,0.385,16,7승0무3패,1승,11-0-15,9-0-17
2022-06-01,10,52,17,35,0,0.327,19,4승0무6패,1패,8-0-18,9-0-17
2022-06-02,1,53,35,16,2,0.686,0,7승0무3패,1패,19-0-8,2016-02-08
2022-06-02,2,53,32,21,0,0.604,4,8승0무2패,1승,12-0-14,20-0-7
2022-06-02,3,52,30,22,0,0.577,5.5,8승0무2패,3승,12-0-13,18-0-9
2022-06-02,4,53,29,23,1,0.558,6.5,3승1무6패,1승,11-0-16,2018-01-07
2022-06-02,5,52,25,27,0,0.481,10.5,3승0무7패,1패,11-0-15,14-0-12
2022-06-02,6,51,24,26,1,0.48,10.5,3승0무7패,3패,2009-01-16,15-0-10
2022-06-02,7,52,23,27,2,0.46,11.5,2승1무7패,1패,2008-02-17,15-0-10
2022-06-02,8,52,23,29,0,0.442,12.5,4승0무6패,1승,8-0-17,15-0-12
2022-06-02,9,53,20,33,0,0.377,16,7승0무3패,1패,11-0-16,9-0-17
2022-06-02,10,53,18,35,0,0.34,18,4승0무6패,1승,8-0-18,10-0-17
2022-06-03,1,54,35,17,2,0.673,0,6승0무4패,2패,19-0-8,2016-02-09
2022-06-03,2,54,32,22,0,0.593,4,8승0무2패,1패,12-0-14,20-0-8
2022-06-03,3,54,30,23,1,0.566,5.5,4승1무5패,2승,12-0-16,2018-01-07
2022-06-03,3,53,30,23,0,0.566,5.5,7승0무3패,1패,12-0-13,18-0-10
2022-06-03,5,53,26,27,0,0.491,9.5,3승0무7패,1승,12-0-15,14-0-12
2022-06-03,6,52,24,27,1,0.471,10.5,3승0무7패,4패,2009-01-16,15-0-11
2022-06-03,7,53,24,29,0,0.453,11.5,5승0무5패,2승,9-0-17,15-0-12
2022-06-03,8,53,23,28,2,0.451,11.5,1승1무8패,2패,2008-02-17,15-0-11
2022-06-03,9,54,21,33,0,0.389,15,7승0무3패,1승,12-0-16,9-0-17
2022-06-03,10,54,19,35,0,0.352,17,5승0무5패,2승,9-0-18,10-0-17
2022-06-04,1,55,35,18,2,0.66,0,5승0무5패,3패,19-0-8,2016-02-10
2022-06-04,2,55,33,22,0,0.6,3,8승0무2패,1승,12-0-14,21-0-8
2022-06-04,3,55,31,23,1,0.574,4.5,5승1무4패,3승,13-0-16,2018-01-07
2022-06-04,4,54,30,24,0,0.556,5.5,6승0무4패,2패,12-0-13,18-0-11
2022-06-04,5,54,26,28,0,0.481,9.5,3승0무7패,1패,12-0-16,14-0-12
2022-06-04,6,53,25,27,1,0.481,9.5,4승0무6패,1승,2009-01-16,16-0-11
2022-06-04,7,54,25,29,0,0.463,10.5,6승0무4패,3승,10-0-17,15-0-12
2022-06-04,8,54,24,28,2,0.462,10.5,2승1무7패,1승,2008-02-17,16-0-11
2022-06-04,9,55,21,34,0,0.382,15,6승0무4패,1패,12-0-17,9-0-17
2022-06-04,10,55,19,36,0,0.345,17,4승0무6패,1패,9-0-19,10-0-17
2022-06-05,1,56,36,18,2,0.667,0,5승0무5패,1승,19-0-8,2017-02-10
2022-06-05,2,55,33,22,0,0.6,3.5,8승0무2패,1승,12-0-14,21-0-8
2022-06-05,3,56,31,24,1,0.564,5.5,5승1무4패,1패,13-0-17,2018-01-07
2022-06-05,4,55,30,24,1,0.556,6,5승1무4패,2패,12-0-13,2018-01-11
2022-06-05,5,54,26,28,0,0.481,10,3승0무7패,1패,12-0-16,14-0-12
2022-06-05,6,53,25,27,1,0.481,10,4승0무6패,1승,2009-01-16,16-0-11
2022-06-05,7,55,25,29,1,0.463,11,5승1무4패,3승,2010-01-17,15-0-12
2022-06-05,8,54,24,28,2,0.462,11,2승1무7패,1승,2008-02-17,16-0-11
2022-06-05,9,55,21,34,0,0.382,15.5,6승0무4패,1패,12-0-17,9-0-17
2022-06-05,10,55,19,36,0,0.345,17.5,4승0무6패,1패,9-0-19,10-0-17
2022-06-07,1,57,36,19,2,0.655,0,4승0무6패,1패,19-0-8,2017-02-11
2022-06-07,2,56,34,22,0,0.607,2.5,8승0무2패,2승,13-0-14,21-0-8
2022-06-07,3,56,31,24,1,0.564,5,5승1무4패,1패,13-0-17,2018-01-07
2022-06-07,4,55,30,24,1,0.556,5.5,5승1무4패,2패,12-0-13,2018-01-11
2022-06-07,5,55,27,28,0,0.491,9,4승0무6패,1승,12-0-16,15-0-12
2022-06-07,6,54,26,27,1,0.491,9,5승0무5패,2승,2010-01-16,16-0-11
2022-06-07,7,56,25,30,1,0.455,11,4승1무5패,1패,2010-01-17,15-0-13
2022-06-07,8,55,24,29,2,0.453,11,2승1무7패,1패,2008-02-18,16-0-11
2022-06-07,9,56,21,35,0,0.375,15.5,5승0무5패,2패,12-0-17,9-0-18
2022-06-07,10,56,20,36,0,0.357,16.5,5승0무5패,1승,10-0-19,10-0-17
2022-06-08,1,58,36,19,3,0.655,0,3승1무6패,1패,19-0-8,2017-03-11
2022-06-08,2,57,34,22,1,0.607,2.5,7승1무2패,2승,2013-01-14,21-0-8
2022-06-08,3,57,32,24,1,0.571,4.5,6승1무3패,1승,13-0-17,2019-01-07
2022-06-08,4,56,30,25,1,0.545,6,4승1무5패,3패,12-0-14,2018-01-11
2022-06-08,5,56,28,28,0,0.5,8.5,5승0무5패,2승,12-0-16,16-0-12
2022-06-08,6,55,26,28,1,0.481,9.5,4승0무6패,1패,2010-01-17,16-0-11
2022-06-08,7,57,25,30,2,0.455,11,4승2무4패,1패,2010-01-17,2015-01-13
2022-06-08,8,56,24,30,2,0.444,11.5,2승1무7패,2패,2008-02-19,16-0-11
2022-06-08,9,57,22,35,0,0.386,15,6승0무4패,1승,12-0-17,10-0-18
2022-06-08,10,57,20,36,1,0.357,16.5,5승1무4패,1승,2010-01-19,10-0-17
2022-06-09,1,59,36,20,3,0.643,0,3승1무6패,2패,19-0-8,2017-03-12
2022-06-09,2,58,34,23,1,0.596,2.5,6승1무3패,1패,2013-01-15,21-0-8
2022-06-09,3,58,32,25,1,0.561,4.5,5승1무4패,1패,13-0-17,2019-01-08
2022-06-09,4,57,31,25,1,0.554,5,5승1무4패,1승,13-0-14,2018-01-11
2022-06-09,5,57,28,29,0,0.491,8.5,5승0무5패,1패,12-0-16,16-0-13
2022-06-09,6,56,27,28,1,0.491,8.5,4승0무6패,1승,2011-01-17,16-0-11
2022-06-09,7,58,26,30,2,0.464,10,5승2무3패,1승,2010-01-17,2016-01-13
2022-06-09,8,57,25,30,2,0.455,10.5,3승1무6패,1승,2009-02-19,16-0-11
2022-06-09,9,58,22,36,0,0.379,15,5승0무5패,1패,12-0-17,10-0-19
2022-06-09,10,58,21,36,1,0.368,15.5,6승1무3패,2승,2011-01-19,10-0-17
2022-06-10,1,60,37,20,3,0.649,0,3승1무6패,1승,20-0-8,2017-03-12
2022-06-10,2,59,35,23,1,0.603,2.5,6승1무3패,1승,2013-01-15,22-0-8
2022-06-10,3,59,33,25,1,0.569,4.5,5승1무4패,1승,14-0-17,2019-01-08
2022-06-10,4,58,31,26,1,0.544,6,4승1무5패,1패,13-0-15,2018-01-11
2022-06-10,5,58,28,30,0,0.483,9.5,5승0무5패,2패,12-0-17,16-0-13
2022-06-10,6,57,27,29,1,0.482,9.5,4승0무6패,1패,2011-01-17,16-0-12
2022-06-10,7,59,27,30,2,0.474,10,6승2무2패,2승,2010-01-17,2017-01-13
2022-06-10,8,58,25,31,2,0.446,11.5,3승1무6패,1패,2009-02-20,16-0-11
2022-06-10,9,59,22,36,1,0.379,15.5,6승1무3패,3승,2011-01-19,11-0-17
2022-06-10,10,59,22,37,0,0.373,16,4승0무6패,2패,12-0-17,10-0-20
2022-06-11,1,61,38,20,3,0.655,0,4승1무5패,2승,21-0-8,2017-03-12
2022-06-11,2,60,35,24,1,0.593,3.5,5승1무4패,1패,2013-01-15,22-0-9
2022-06-11,3,60,33,26,1,0.559,5.5,5승1무4패,1패,14-0-18,2019-01-08
2022-06-11,4,59,32,26,1,0.552,6,5승1무4패,1승,14-0-15,2018-01-11
2022-06-11,5,58,28,29,1,0.491,9.5,4승0무6패,1승,2011-01-17,17-0-12
2022-06-11,6,60,28,30,2,0.483,10,6승2무2패,3승,2010-01-17,2018-01-13
2022-06-11,7,59,28,31,0,0.475,10.5,4승0무6패,3패,12-0-18,16-0-13
2022-06-11,8,59,25,32,2,0.439,12.5,3승1무6패,2패,2009-02-21,16-0-11
2022-06-11,9,60,23,36,1,0.39,15.5,7승1무2패,4승,2011-01-19,12-0-17
2022-06-11,10,60,22,38,0,0.367,17,3승0무7패,3패,12-0-17,10-0-21
2022-06-12,1,62,39,20,3,0.661,0,4승1무5패,3승,22-0-8,2017-03-12
2022-06-12,2,61,36,24,1,0.6,3.5,5승1무4패,1승,2013-01-15,23-0-9
2022-06-12,3,61,34,26,1,0.567,5.5,6승1무3패,1승,15-0-18,2019-01-08
2022-06-12,4,60,32,27,1,0.542,7,4승1무5패,1패,14-0-16,2018-01-11
2022-06-12,5,60,29,31,0,0.483,10.5,5승0무5패,1승,13-0-18,16-0-13
2022-06-12,6,59,28,30,1,0.483,10.5,4승0무6패,1패,2011-01-17,17-0-13
2022-06-12,7,61,28,31,2,0.475,11,6승2무2패,1패,2010-01-17,2018-01-14
2022-06-12,8,60,26,32,2,0.448,12.5,3승1무6패,1승,2010-02-21,16-0-11
2022-06-12,9,61,23,37,1,0.383,16.5,6승1무3패,1패,2011-01-19,12-0-18
2022-06-12,10,61,22,39,0,0.361,18,3승0무7패,4패,12-0-17,10-0-22
2022-06-14,1,63,39,21,3,0.65,0,4승1무5패,1패,22-0-8,2017-03-13
2022-06-14,2,62,37,24,1,0.607,2.5,6승1무3패,2승,2014-01-15,23-0-9
2022-06-14,3,62,35,26,1,0.574,4.5,6승1무3패,2승,16-0-18,2019-01-08
2022-06-14,4,60,32,27,1,0.542,6.5,4승1무5패,1패,14-0-16,2018-01-11
2022-06-14,5,62,29,31,2,0.483,10,6승2무2패,1승,2011-01-17,2018-01-14
2022-06-14,6,61,29,32,0,0.475,10.5,4승0무6패,1패,13-0-18,16-0-14
2022-06-14,7,60,28,31,1,0.475,10.5,4승0무6패,2패,2011-01-17,17-0-14
2022-06-14,8,60,26,32,2,0.448,12,3승1무6패,1승,2010-02-21,16-0-11
2022-06-14,9,61,23,37,1,0.383,16,6승1무3패,1패,2011-01-19,12-0-18
2022-06-14,10,61,22,39,0,0.361,17.5,3승0무7패,4패,12-0-17,10-0-22
2022-06-15,1,64,39,22,3,0.639,0,4승1무5패,2패,22-0-8,2017-03-14
2022-06-15,2,63,37,25,1,0.597,2.5,5승1무4패,1패,2014-01-16,23-0-9
2022-06-15,3,63,35,27,1,0.565,4.5,6승0무4패,1패,16-0-19,2019-01-08
2022-06-15,4,61,32,28,1,0.533,6.5,3승1무6패,2패,14-0-16,2018-01-12
2022-06-15,5,63,30,31,2,0.492,9,6승2무2패,2승,2012-01-17,2018-01-14
2022-06-15,6,62,30,32,0,0.484,9.5,5승0무5패,1승,13-0-18,17-0-14
2022-06-15,7,61,29,31,1,0.483,9.5,5승0무5패,1승,2011-01-17,18-0-14
2022-06-15,8,61,27,32,2,0.458,11,4승1무5패,2승,2010-02-21,17-0-11
2022-06-15,9,62,24,37,1,0.393,15,7승1무2패,1승,2012-01-19,12-0-18
2022-06-15,10,62,22,40,0,0.355,17.5,2승0무8패,5패,12-0-18,10-0-22
2022-06-16,1,65,40,22,3,0.645,0,5승1무4패,1승,22-0-8,2018-03-14
2022-06-16,2,64,38,25,1,0.603,2.5,6승1무3패,1승,2015-01-16,23-0-9
2022-06-16,3,64,36,27,1,0.571,4.5,6승0무4패,1승,17-0-19,2019-01-08
2022-06-16,4,62,33,28,1,0.541,6.5,3승1무6패,1승,14-0-16,2019-01-12
2022-06-16,5,64,30,32,2,0.484,10,5승2무3패,1패,2012-01-18,2018-01-14
2022-06-16,6,63,30,33,0,0.476,10.5,4승0무6패,1패,13-0-18,17-0-15
2022-06-16,7,62,29,32,1,0.475,10.5,5승0무5패,1패,2011-01-17,18-0-15
2022-06-16,8,62,28,32,2,0.467,11,5승0무5패,3승,2010-02-21,18-0-11
2022-06-16,9,63,24,38,1,0.387,16,6승1무3패,1패,2012-01-20,12-0-18
2022-06-16,10,63,22,41,0,0.349,18.5,2승0무8패,6패,12-0-19,10-0-22
2022-06-17,1,66,41,22,3,0.651,0,5승1무4패,2승,22-0-8,2019-03-14
2022-06-17,2,65,38,26,1,0.594,3.5,5승1무4패,1패,2015-01-17,23-0-9
2022-06-17,3,65,37,27,1,0.578,4.5,6승0무4패,2승,17-0-19,2020-01-08
2022-06-17,4,63,34,28,1,0.548,6.5,4승1무5패,2승,15-0-16,2019-01-12
2022-06-17,5,65,31,32,2,0.492,10,6승1무3패,1승,2012-01-18,2019-01-14
2022-06-17,6,64,30,34,0,0.469,11.5,4승0무6패,2패,13-0-18,17-0-16
2022-06-17,7,63,29,33,1,0.468,11.5,4승0무6패,2패,2011-01-18,18-0-15
2022-06-17,8,63,28,33,2,0.459,12,5승0무5패,1패,2010-02-22,18-0-11
2022-06-17,9,64,24,38,2,0.387,16.5,5승2무3패,1패,2012-02-20,12-0-18
2022-06-17,10,64,22,41,1,0.349,19,1승1무8패,6패,12-0-19,2010-01-22
2022-06-18,1,67,42,22,3,0.656,0,6승1무3패,3승,22-0-8,2020-03-14
2022-06-18,2,66,39,26,1,0.6,3.5,5승1무4패,1승,2016-01-17,23-0-9
2022-06-18,3,66,37,28,1,0.569,5.5,6승0무4패,1패,17-0-19,2020-01-09
2022-06-18,4,64,34,29,1,0.54,7.5,4승1무5패,1패,15-0-17,2019-01-12
2022-06-18,5,66,31,33,2,0.484,11,6승1무3패,1패,2012-01-18,2019-01-15
2022-06-18,6,65,31,34,0,0.477,11.5,4승0무6패,1승,13-0-18,18-0-16
2022-06-18,7,64,30,33,1,0.476,11.5,4승0무6패,1승,2012-01-18,18-0-15
2022-06-18,8,64,28,34,2,0.452,13,4승0무6패,2패,2010-02-23,18-0-11
2022-06-18,9,65,25,38,2,0.397,16.5,6승2무2패,1승,2013-02-20,12-0-18
2022-06-18,10,65,22,42,1,0.344,20,1승1무8패,7패,12-0-19,2010-01-23
2022-06-19,1,68,42,23,3,0.646,0,6승0무4패,1패,22-0-8,2020-03-15
2022-06-19,2,67,39,27,1,0.591,3.5,5승0무5패,1패,2016-01-18,23-0-9
2022-06-19,3,67,38,28,1,0.576,4.5,6승0무4패,1승,17-0-19,2021-01-09
2022-06-19,4,65,34,30,1,0.531,7.5,4승0무6패,2패,15-0-18,2019-01-12
2022-06-19,5,67,32,33,2,0.492,10,7승0무3패,1승,2012-01-18,2020-01-15
2022-06-19,6,66,32,34,0,0.485,10.5,4승0무6패,2승,13-0-18,19-0-16
2022-06-19,7,65,30,34,1,0.469,11.5,4승0무6패,1패,2012-01-19,18-0-15
2022-06-19,8,65,29,34,2,0.46,12,5승0무5패,1승,2011-02-23,18-0-11
2022-06-19,9,66,26,38,2,0.406,15.5,6승2무2패,2승,2014-02-20,12-0-18
2022-06-19,10,66,22,43,1,0.338,20,1승1무8패,8패,12-0-19,2010-01-24
2022-06-21,1,69,42,24,3,0.636,0,6승0무4패,2패,22-0-9,2020-03-15
2022-06-21,2,68,40,27,1,0.597,2.5,6승0무4패,1승,2016-01-18,24-0-9
2022-06-21,3,68,39,28,1,0.582,3.5,7승0무3패,2승,18-0-19,2021-01-09
2022-06-21,4,66,35,30,1,0.538,6.5,5승0무5패,1승,16-0-18,2019-01-12
2022-06-21,5,68,33,33,2,0.5,9,7승0무3패,2승,2013-01-18,2020-01-15
2022-06-21,6,67,32,35,0,0.478,10.5,4승0무6패,1패,13-0-19,19-0-16
2022-06-21,7,66,31,34,1,0.477,10.5,4승0무6패,1승,2012-01-19,19-0-15
2022-06-21,8,66,29,35,2,0.453,12,5승0무5패,1패,2011-02-23,18-0-12
2022-06-21,9,67,26,39,2,0.4,15.5,6승1무3패,1패,2014-02-20,12-0-19
2022-06-21,10,67,22,44,1,0.333,20,0승1무9패,9패,12-0-19,2010-01-25
2022-06-22,1,70,43,24,3,0.642,0,6승0무4패,1승,23-0-9,2020-03-15
2022-06-22,2,69,41,27,1,0.603,2.5,6승0무4패,2승,2016-01-18,25-0-9
2022-06-22,3,69,40,28,1,0.588,3.5,7승0무3패,3승,19-0-19,2021-01-09
2022-06-22,4,67,35,31,1,0.53,7.5,4승0무6패,1패,16-0-19,2019-01-12
2022-06-22,5,69,33,34,2,0.493,10,6승0무4패,1패,2013-01-19,2020-01-15
2022-06-22,6,68,32,36,0,0.471,11.5,4승0무6패,2패,13-0-20,19-0-16
2022-06-22,7,67,31,35,1,0.47,11.5,4승0무6패,1패,2012-01-19,19-0-16
2022-06-22,8,67,30,35,2,0.462,12,5승0무5패,1승,2011-02-23,19-0-12
2022-06-22,9,68,27,39,2,0.409,15.5,6승1무3패,1승,2014-02-20,13-0-19
2022-06-22,10,68,22,45,1,0.328,21,0승1무9패,10패,12-0-19,2010-01-26
2022-06-23,1,70,43,24,3,0.642,0,6승0무4패,1승,23-0-9,2020-03-15
2022-06-23,2,70,42,27,1,0.609,2,7승0무3패,3승,2016-01-18,26-0-9
2022-06-23,3,69,40,28,1,0.588,3.5,7승0무3패,3승,19-0-19,2021-01-09
2022-06-23,4,68,36,31,1,0.537,7,5승0무5패,1승,17-0-19,2019-01-12
2022-06-23,5,69,33,34,2,0.493,10,6승0무4패,1패,2013-01-19,2020-01-15
2022-06-23,6,67,31,35,1,0.47,11.5,4승0무6패,1패,2012-01-19,19-0-16
2022-06-23,7,69,32,37,0,0.464,12,4승0무6패,3패,13-0-21,19-0-16
2022-06-23,8,68,30,36,2,0.455,12.5,5승0무5패,1패,2011-02-23,19-0-13
2022-06-23,9,68,27,39,2,0.409,15.5,6승1무3패,1승,2014-02-20,13-0-19
2022-06-23,10,68,22,45,1,0.328,21,0승1무9패,10패,12-0-19,2010-01-26
2022-06-24,1,71,44,24,3,0.647,0,6승0무4패,2승,24-0-9,2020-03-15
2022-06-24,2,71,42,28,1,0.6,3,6승0무4패,1패,2016-01-18,26-0-10
2022-06-24,3,70,40,29,1,0.58,4.5,7승0무3패,1패,19-0-19,2021-01-10
2022-06-24,4,69,37,31,1,0.544,7,5승0무5패,2승,17-0-19,2020-01-12
2022-06-24,5,70,34,34,2,0.5,10,6승0무4패,1승,2014-01-19,2020-01-15
2022-06-24,6,68,31,36,1,0.463,12.5,3승0무7패,2패,2012-01-20,19-0-16
2022-06-24,6,69,31,36,2,0.463,12.5,6승0무4패,1승,2012-02-23,19-0-13
2022-06-24,8,70,32,38,0,0.457,13,3승0무7패,4패,13-0-21,19-0-17
2022-06-24,9,69,27,40,2,0.403,16.5,5승1무4패,1패,2014-02-20,13-0-20
2022-06-24,10,69,23,45,1,0.338,21,1승1무8패,1승,13-0-19,2010-01-26
2022-06-25,1,72,45,24,3,0.652,0,6승0무4패,3승,25-0-9,2020-03-15
2022-06-25,2,72,43,28,1,0.606,3,6승0무4패,1승,2016-01-18,27-0-10
2022-06-25,3,71,41,29,1,0.586,4.5,7승0무3패,1승,19-0-19,2022-01-10
2022-06-25,4,70,38,31,1,0.551,7,6승0무4패,3승,17-0-19,2021-01-12
2022-06-25,5,71,34,35,2,0.493,11,6승0무4패,1패,2014-01-20,2020-01-15
2022-06-25,6,71,33,38,0,0.465,13,4승0무6패,1승,13-0-21,20-0-17
2022-06-25,7,69,31,37,1,0.456,13.5,3승0무7패,3패,2012-01-21,19-0-16
2022-06-25,7,70,31,37,2,0.456,13.5,5승0무5패,1패,2012-02-24,19-0-13
2022-06-25,9,70,27,41,2,0.397,17.5,4승1무5패,2패,2014-02-20,13-0-21
2022-06-25,10,70,23,46,1,0.333,22,1승1무8패,1패,13-0-20,2010-01-26
2022-06-26,1,73,46,24,3,0.657,0,7승0무3패,4승,26-0-9,2020-03-15
2022-06-26,2,73,44,28,1,0.611,3,7승0무3패,2승,2016-01-18,28-0-10
2022-06-26,3,72,42,29,1,0.592,4.5,7승0무3패,2승,19-0-19,2023-01-10
2022-06-26,4,71,38,32,1,0.543,8,6승0무4패,1패,17-0-19,2021-01-13
2022-06-26,5,72,34,36,2,0.486,12,5승0무5패,2패,2014-01-21,2020-01-15
2022-06-26,6,72,34,38,0,0.472,13,4승0무6패,2승,13-0-21,21-0-17
2022-06-26,7,70,32,37,1,0.464,13.5,4승0무6패,1승,2013-01-21,19-0-16
2022-06-26,8,71,31,38,2,0.449,14.5,4승0무6패,2패,2012-02-25,19-0-13
2022-06-26,9,71,27,42,2,0.391,18.5,4승1무5패,3패,2014-02-20,13-0-22
2022-06-26,10,71,23,47,1,0.329,23,1승1무8패,2패,13-0-21,2010-01-26
2022-06-28,1,74,46,25,3,0.648,0,7승0무3패,1패,26-0-9,2020-03-16
2022-06-28,2,74,45,28,1,0.616,2,7승0무3패,3승,2017-01-18,28-0-10
2022-06-28,3,73,43,29,1,0.597,3.5,8승0무2패,3승,20-0-19,2023-01-10
2022-06-28,4,72,38,33,1,0.535,8,5승0무5패,2패,17-0-19,2021-01-14
2022-06-28,5,73,35,36,2,0.493,11,5승0무5패,1승,2014-01-21,2021-01-15
2022-06-28,6,73,34,39,0,0.466,13,4승0무6패,1패,13-0-22,21-0-17
2022-06-28,7,71,32,37,2,0.464,13,3승1무6패,1승,2013-01-21,2019-01-16
2022-06-28,8,72,31,38,3,0.449,14,3승1무6패,2패,2012-03-25,19-0-13
2022-06-28,9,72,27,43,2,0.386,18.5,3승1무6패,4패,2014-02-20,13-0-23
2022-06-28,10,72,24,47,1,0.338,22,2승1무7패,1승,14-0-21,2010-01-26
2022-06-29,1,75,47,25,3,0.653,0,7승0무3패,1승,26-0-9,2021-03-16
2022-06-29,2,75,46,28,1,0.622,2,8승0무2패,4승,2018-01-18,28-0-10
2022-06-29,3,73,43,29,1,0.597,4,8승0무2패,3승,20-0-19,2023-01-10
2022-06-29,4,73,38,34,1,0.528,9,4승0무6패,3패,17-0-19,2021-01-15
2022-06-29,5,74,35,37,2,0.486,12,5승0무5패,1패,2014-01-21,2021-01-16
2022-06-29,6,74,35,39,0,0.473,13,5승0무5패,1승,14-0-22,21-0-17
2022-06-29,7,71,32,37,2,0.464,13.5,3승1무6패,1승,2013-01-21,2019-01-16
2022-06-29,8,72,31,38,3,0.449,14.5,3승1무6패,2패,2012-03-25,19-0-13
2022-06-29,9,72,27,43,2,0.386,19,3승1무6패,4패,2014-02-20,13-0-23
2022-06-29,10,73,24,48,1,0.333,23,2승1무7패,1패,14-0-22,2010-01-26
2022-06-30,1,75,47,25,3,0.653,0,7승0무3패,1승,26-0-9,2021-03-16
2022-06-30,2,76,47,28,1,0.627,1.5,8승0무2패,5승,2019-01-18,28-0-10
2022-06-30,3,73,43,29,1,0.597,4,8승0무2패,3승,20-0-19,2023-01-10
2022-06-30,4,74,38,35,1,0.521,9.5,4승0무6패,4패,17-0-19,2021-01-16
2022-06-30,5,75,36,37,2,0.493,11.5,5승0무5패,1승,2014-01-21,2022-01-16
2022-06-30,6,75,35,40,0,0.467,13.5,4승0무6패,1패,14-0-23,21-0-17
2022-06-30,7,72,32,38,2,0.457,14,3승1무6패,1패,2013-01-21,2019-01-17
2022-06-30,7,73,32,38,3,0.457,14,4승1무5패,1승,2013-03-25,19-0-13
2022-06-30,9,72,27,43,2,0.386,19,3승1무6패,4패,2014-02-20,13-0-23
2022-06-30,10,73,24,48,1,0.333,23,2승1무7패,1패,14-0-22,2010-01-26
2022-07-01,1,76,48,25,3,0.658,0,7승0무3패,2승,27-0-9,2021-03-16
2022-07-01,2,77,48,28,1,0.632,1.5,9승0무1패,6승,2020-01-18,28-0-10
2022-07-01,3,74,44,29,1,0.603,4,8승0무2패,4승,21-0-19,2023-01-10
2022-07-01,4,75,38,36,1,0.514,10.5,4승0무6패,5패,17-0-19,2021-01-17
2022-07-01,5,76,37,37,2,0.5,11.5,6승0무4패,2승,2015-01-21,2022-01-16
2022-07-01,6,75,35,40,0,0.467,14,4승0무6패,1패,14-0-23,21-0-17
2022-07-01,7,73,32,39,2,0.451,15,3승1무6패,2패,2013-01-21,2019-01-18
2022-07-01,7,74,32,39,3,0.451,15,4승1무5패,1패,2013-03-25,19-0-14
2022-07-01,9,72,27,43,2,0.386,19.5,3승1무6패,4패,2014-02-20,13-0-23
2022-07-01,10,74,24,49,1,0.329,24,2승0무8패,2패,14-0-22,2010-01-27
2022-07-02,1,77,49,25,3,0.662,0,7승0무3패,3승,28-0-9,2021-03-16
2022-07-02,2,78,49,28,1,0.636,1.5,9승0무1패,7승,2021-01-18,28-0-10
2022-07-02,3,75,44,30,1,0.595,5,7승0무3패,1패,21-0-20,2023-01-10
2022-07-02,4,77,38,37,2,0.507,11.5,6승0무4패,3승,2016-01-21,2022-01-16
2022-07-02,4,76,38,37,1,0.507,11.5,3승0무7패,6패,17-0-19,2021-01-18
2022-07-02,6,76,35,41,0,0.461,15,3승0무7패,2패,14-0-23,21-0-18
2022-07-02,7,75,33,39,3,0.458,15,4승1무5패,1승,2013-03-25,20-0-14
2022-07-02,8,74,32,40,2,0.444,16,2승1무7패,3패,2013-01-21,2019-01-19
2022-07-02,9,73,28,43,2,0.394,19.5,4승1무5패,1승,2015-02-20,13-0-23
2022-07-02,10,75,24,50,1,0.324,25,2승0무8패,3패,14-0-22,2010-01-28
2022-07-03,1,78,50,25,3,0.667,0,8승0무2패,4승,29-0-9,2021-03-16
2022-07-03,2,79,50,28,1,0.641,1.5,9승0무1패,8승,2022-01-18,28-0-10
2022-07-03,3,76,45,30,1,0.6,5,8승0무2패,1승,22-0-20,2023-01-10
2022-07-03,4,78,39,37,2,0.513,11.5,6승0무4패,4승,2017-01-21,2022-01-16
2022-07-03,5,77,38,38,1,0.5,12.5,3승0무7패,7패,17-0-19,2021-01-19
2022-07-03,6,77,35,42,0,0.455,16,3승0무7패,3패,14-0-23,21-0-19
2022-07-03,7,76,33,40,3,0.452,16,4승1무5패,1패,2013-03-25,20-0-15
2022-07-03,8,75,32,41,2,0.438,17,2승1무7패,4패,2013-01-21,2019-01-20
2022-07-03,9,74,29,43,2,0.403,19.5,5승0무5패,2승,2016-02-20,13-0-23
2022-07-03,10,76,24,51,1,0.32,26,2승0무8패,4패,14-0-22,2010-01-29
2022-07-05,1,79,51,25,3,0.671,0,9승0무1패,5승,30-0-9,2021-03-16
2022-07-05,2,80,51,28,1,0.646,1.5,9승0무1패,9승,2022-01-18,29-0-10
2022-07-05,3,77,46,30,1,0.605,5,8승0무2패,2승,22-0-20,2024-01-10
2022-07-05,4,78,39,37,2,0.513,12,6승0무4패,4승,2017-01-21,2022-01-16
2022-07-05,5,77,38,38,1,0.5,13,3승0무7패,7패,17-0-19,2021-01-19
2022-07-05,6,78,35,43,0,0.449,17,3승0무7패,4패,14-0-24,21-0-19
2022-07-05,7,77,33,41,3,0.446,17,3승1무6패,2패,2013-03-25,20-0-16
2022-07-05,8,76,32,42,2,0.432,18,1승1무8패,5패,2013-01-22,2019-01-20
2022-07-05,9,75,30,43,2,0.411,19.5,5승0무5패,3승,2016-02-20,14-0-23
2022-07-05,10,77,24,52,1,0.316,27,2승0무8패,5패,14-0-23,2010-01-29
2022-07-06,1,80,51,26,3,0.662,0,8승0무2패,1패,30-0-10,2021-03-16
2022-07-06,2,81,51,29,1,0.638,1.5,9승0무1패,1패,2022-01-18,29-0-11
2022-07-06,3,78,47,30,1,0.61,4,8승0무2패,3승,22-0-20,2025-01-10
2022-07-06,4,79,40,37,2,0.519,11,7승0무3패,5승,2017-01-21,2023-01-16
2022-07-06,5,78,38,39,1,0.494,13,2승0무8패,8패,17-0-20,2021-01-19
2022-07-06,6,78,34,41,3,0.453,16,4승1무5패,1승,2013-03-25,21-0-16
2022-07-06,7,79,35,44,0,0.443,17,3승0무7패,5패,14-0-25,21-0-19
2022-07-06,8,77,33,42,2,0.44,17,2승1무7패,1승,2014-01-22,2019-01-20
2022-07-06,9,76,31,43,2,0.419,18.5,5승0무5패,4승,2016-02-20,15-0-23
2022-07-06,10,78,24,53,1,0.312,27,2승0무8패,6패,14-0-24,2010-01-29
2022-07-07,1,81,52,26,3,0.667,0,8승0무2패,1승,31-0-10,2021-03-16
2022-07-07,2,82,51,30,1,0.63,2.5,8승0무2패,2패,2022-01-18,29-0-12
2022-07-07,3,79,48,30,1,0.615,4,8승0무2패,4승,22-0-20,2026-01-10
2022-07-07,4,79,40,37,2,0.519,11.5,7승0무3패,5승,2017-01-21,2023-01-16
2022-07-07,5,78,38,39,1,0.494,13.5,2승0무8패,8패,17-0-20,2021-01-19
2022-07-07,6,78,34,42,2,0.447,17,3승1무6패,2승,2015-01-22,2019-01-20
2022-07-07,6,79,34,42,3,0.447,17,3승1무6패,1패,2013-03-25,21-0-17
2022-07-07,8,80,35,45,0,0.438,18,3승0무7패,6패,14-0-26,21-0-19
2022-07-07,9,77,31,44,2,0.413,19.5,5승0무5패,1패,2016-02-20,15-0-24
2022-07-07,10,79,25,53,1,0.321,27,2승0무8패,1승,15-0-24,2010-01-29
2022-07-08,1,82,53,26,3,0.671,0,8승0무2패,2승,31-0-10,2022-03-16
2022-07-08,2,83,52,30,1,0.634,2.5,8승0무2패,1승,2023-01-18,29-0-12
2022-07-08,3,80,49,30,1,0.62,4,9승0무1패,5승,22-0-20,2027-01-10
2022-07-08,4,80,41,37,2,0.526,11.5,7승0무3패,6승,2018-01-21,2023-01-16
2022-07-08,5,79,39,39,1,0.5,13.5,2승0무8패,1승,18-0-20,2021-01-19
2022-07-08,6,79,34,43,2,0.442,18,3승1무6패,1패,2015-01-23,2019-01-20
2022-07-08,6,80,34,43,3,0.442,18,3승1무6패,2패,2013-03-25,21-0-18
2022-07-08,8,81,35,46,0,0.432,19,2승0무8패,7패,14-0-27,21-0-19
2022-07-08,9,78,31,45,2,0.408,20.5,4승0무6패,2패,2016-02-20,15-0-25
2022-07-08,10,80,25,54,1,0.316,28,2승0무8패,1패,15-0-24,2010-01-30
2022-07-09,1,83,54,26,3,0.675,0,8승0무2패,3승,31-0-10,2023-03-16
2022-07-09,2,84,53,30,1,0.639,2.5,8승0무2패,2승,2024-01-18,29-0-12
2022-07-09,3,81,50,30,1,0.625,4,9승0무1패,6승,22-0-20,2028-01-10
2022-07-09,4,81,42,37,2,0.532,11.5,8승0무2패,7승,2019-01-21,2023-01-16
2022-07-09,5,80,40,39,1,0.506,13.5,2승0무8패,2승,19-0-20,2021-01-19
2022-07-09,6,80,34,44,2,0.436,19,2승1무7패,2패,2015-01-24,2019-01-20
2022-07-09,6,81,34,44,3,0.436,19,3승1무6패,3패,2013-03-25,21-0-19
2022-07-09,8,82,35,47,0,0.427,20,1승0무9패,8패,14-0-28,21-0-19
2022-07-09,9,79,31,46,2,0.403,21.5,4승0무6패,3패,2016-02-20,15-0-26
2022-07-09,10,81,25,55,1,0.313,29,2승0무8패,2패,15-0-24,2010-01-31
2022-07-10,1,84,55,26,3,0.679,0,9승0무1패,4승,31-0-10,2024-03-16
2022-07-10,2,85,54,30,1,0.643,2.5,8승0무2패,3승,2025-01-18,29-0-12
2022-07-10,3,82,51,30,1,0.63,4,9승0무1패,7승,22-0-20,2029-01-10
2022-07-10,4,82,42,38,2,0.525,12.5,8승0무2패,1패,2019-01-22,2023-01-16
2022-07-10,5,81,41,39,1,0.513,13.5,3승0무7패,3승,20-0-20,2021-01-19
2022-07-10,6,82,35,44,3,0.443,19,4승0무6패,1승,2013-03-25,22-0-19
2022-07-10,7,81,34,45,2,0.43,20,2승0무8패,3패,2015-01-25,2019-01-20
2022-07-10,8,83,35,48,0,0.422,21,1승0무9패,9패,14-0-29,21-0-19
2022-07-10,9,80,31,47,2,0.397,22.5,4승0무6패,4패,2016-02-20,15-0-27
2022-07-10,10,82,25,56,1,0.309,30,1승0무9패,3패,15-0-24,10-1-32
2022-07-12,1,85,56,26,3,0.683,0,9승0무1패,5승,32-0-10,2024-03-16
2022-07-12,2,86,54,31,1,0.635,3.5,7승0무3패,1패,2025-01-18,29-0-13
2022-07-12,3,83,51,31,1,0.622,5,8승0무2패,1패,22-0-21,2029-01-10
2022-07-12,4,83,43,38,2,0.531,12.5,8승0무2패,1승,2020-01-22,2023-01-16
2022-07-12,5,82,42,39,1,0.519,13.5,4승0무6패,4승,20-0-20,2022-01-19
2022-07-12,6,83,36,44,3,0.45,19,4승0무6패,2승,2014-03-25,22-0-19
2022-07-12,7,82,35,45,2,0.438,20,3승0무7패,1승,2015-01-25,2020-01-20
2022-07-12,8,84,35,49,0,0.417,22,0승0무10패,10패,14-0-29,21-0-20
2022-07-12,9,81,31,48,2,0.392,23.5,4승0무6패,5패,2016-02-21,15-0-27
2022-07-12,10,83,25,57,1,0.305,31,1승0무9패,4패,15-0-24,10-1-33
2022-07-13,1,85,56,26,3,0.683,0,9승0무1패,5승,32-0-10,2024-03-16
2022-07-13,2,86,54,31,1,0.635,3.5,7승0무3패,1패,2025-01-18,29-0-13
2022-07-13,3,83,51,31,1,0.622,5,8승0무2패,1패,22-0-21,2029-01-10
2022-07-13,4,83,43,38,2,0.531,12.5,8승0무2패,1승,2020-01-22,2023-01-16
2022-07-13,5,82,42,39,1,0.519,13.5,4승0무6패,4승,20-0-20,2022-01-19
2022-07-13,6,84,37,44,3,0.457,18.5,5승0무5패,3승,2015-03-25,22-0-19
2022-07-13,7,83,35,46,2,0.432,20.5,3승0무7패,1패,2015-01-25,2020-01-21
2022-07-13,8,84,35,49,0,0.417,22,0승0무10패,10패,14-0-29,21-0-20
2022-07-13,9,82,32,48,2,0.4,23,5승0무5패,1승,2017-02-21,15-0-27
2022-07-13,10,84,25,58,1,0.301,31.5,1승0무9패,5패,15-0-24,10-1-34
2022-07-14,1,86,57,26,3,0.687,0,9승0무1패,6승,33-0-10,2024-03-16
2022-07-14,2,87,54,32,1,0.628,4.5,6승0무4패,2패,2025-01-18,29-0-14
2022-07-14,3,84,52,31,1,0.627,5,8승0무2패,1승,23-0-21,2029-01-10
2022-07-14,4,84,44,38,2,0.537,12.5,9승0무1패,2승,2021-01-22,2023-01-16
2022-07-14,5,83,42,40,1,0.512,14.5,4승0무6패,1패,20-0-20,2022-01-20
2022-07-14,6,85,38,44,3,0.463,18.5,5승0무5패,4승,2016-03-25,22-0-19
2022-07-14,7,84,36,46,2,0.439,20.5,4승0무6패,1승,2015-01-25,2021-01-21
2022-07-14,8,85,35,50,0,0.412,23,0승0무10패,11패,14-0-29,21-0-21
2022-07-14,9,83,32,49,2,0.395,24,4승0무6패,1패,2017-02-22,15-0-27
2022-07-14,10,85,25,59,1,0.298,32.5,1승0무9패,6패,15-0-24,10-1-35
2022-07-22,1,87,58,26,3,0.69,0,9승0무1패,7승,33-0-10,2025-03-16
2022-07-22,2,88,55,32,1,0.632,4.5,6승0무4패,1승,2026-01-18,29-0-14
2022-07-22,3,85,52,32,1,0.619,6,8승0무2패,1패,23-0-21,2029-01-11
2022-07-22,4,85,44,39,2,0.53,13.5,8승0무2패,1패,2021-01-22,2023-01-17
2022-07-22,5,84,43,40,1,0.518,14.5,5승0무5패,1승,20-0-20,2023-01-20
2022-07-22,6,86,38,45,3,0.458,19.5,5승0무5패,1패,2016-03-26,22-0-19
2022-07-22,7,85,36,47,2,0.434,21.5,4승0무6패,1패,2015-01-26,2021-01-21
2022-07-22,8,86,35,51,0,0.407,24,0승0무10패,12패,14-0-29,21-0-22
2022-07-22,9,84,33,49,2,0.402,24,4승0무6패,1승,2018-02-22,15-0-27
2022-07-22,10,86,26,59,1,0.306,32.5,2승0무8패,1승,16-0-24,10-1-35
2022-07-23,1,87,58,26,3,0.69,0,9승0무1패,7승,33-0-10,2025-03-16
2022-07-23,2,89,56,32,1,0.636,4,6승0무4패,2승,2027-01-18,29-0-14
2022-07-23,3,86,53,32,1,0.624,5.5,8승0무2패,1승,23-0-21,2030-01-11
2022-07-23,4,86,45,39,2,0.536,13,8승0무2패,1승,2021-01-22,2024-01-17
2022-07-23,5,85,44,40,1,0.524,14,6승0무4패,2승,20-0-20,2024-01-20
2022-07-23,6,87,38,46,3,0.452,20,5승0무5패,2패,2016-03-27,22-0-19
2022-07-23,7,85,36,47,2,0.434,21.5,4승0무6패,1패,2015-01-26,2021-01-21
2022-07-23,8,87,35,52,0,0.402,24.5,0승0무10패,13패,14-0-29,21-0-23
2022-07-23,9,85,33,50,2,0.398,24.5,3승0무7패,1패,2018-02-23,15-0-27
2022-07-23,10,87,26,60,1,0.302,33,2승0무8패,1패,16-0-25,10-1-35
2022-07-24,1,88,59,26,3,0.694,0,9승0무1패,8승,33-0-10,2026-03-16
2022-07-24,2,90,56,33,1,0.629,5,5승0무5패,1패,2027-01-19,29-0-14
2022-07-24,3,87,53,33,1,0.616,6.5,7승0무3패,1패,23-0-21,2030-01-12
2022-07-24,4,87,46,39,2,0.541,13,8승0무2패,2승,2021-01-22,2025-01-17
2022-07-24,5,86,45,40,1,0.529,14,7승0무3패,3승,20-0-20,2025-01-20
2022-07-24,6,88,38,47,3,0.447,21,4승0무6패,3패,2016-03-28,22-0-19
2022-07-24,7,86,36,48,2,0.429,22.5,4승0무6패,2패,2015-01-27,2021-01-21
2022-07-24,8,88,36,52,0,0.409,24.5,1승0무9패,1승,14-0-29,22-0-23
2022-07-24,9,86,34,50,2,0.405,24.5,3승0무7패,1승,2019-02-23,15-0-27
2022-07-24,10,88,26,61,1,0.299,34,2승0무8패,2패,16-0-26,10-1-35
2022-07-26,1,89,59,27,3,0.686,0,8승0무2패,1패,33-0-11,2026-03-16
2022-07-26,2,91,57,33,1,0.633,4,6승0무4패,1승,2027-01-19,30-0-14
2022-07-26,3,88,54,33,1,0.621,5.5,7승0무3패,1승,23-0-21,2031-01-12
2022-07-26,4,88,46,40,2,0.535,13,7승0무3패,1패,2021-01-23,2025-01-17
2022-07-26,5,87,45,41,1,0.523,14,7승0무3패,1패,20-0-21,2025-01-20
2022-07-26,6,89,38,48,3,0.442,21,4승0무6패,4패,2016-03-28,22-0-20
2022-07-26,7,87,37,48,2,0.435,21.5,4승0무6패,1승,2016-01-27,2021-01-21
2022-07-26,8,87,35,50,2,0.412,23.5,4승0무6패,2승,2019-02-23,16-0-27
2022-07-26,9,89,36,53,0,0.404,24.5,1승0무9패,1패,14-0-30,22-0-23
2022-07-26,10,89,27,61,1,0.307,33,2승0무8패,1승,16-0-26,11-1-35
2022-07-27,1,90,60,27,3,0.69,0,9승0무1패,1승,34-0-11,2026-03-16
2022-07-27,2,92,57,34,1,0.626,5,6승0무4패,1패,2027-01-19,30-0-15
2022-07-27,3,89,54,34,1,0.614,6.5,6승0무4패,1패,23-0-21,2031-01-13
2022-07-27,4,89,47,40,2,0.54,13,7승0무3패,1승,2022-01-23,2025-01-17
2022-07-27,5,88,46,41,1,0.529,14,8승0무2패,1승,21-0-21,2025-01-20
2022-07-27,6,88,38,48,2,0.442,21.5,4승0무6패,2승,2017-01-27,2021-01-21
2022-07-27,7,90,38,49,3,0.437,22,4승0무6패,5패,2016-03-28,22-0-21
2022-07-27,8,90,37,53,0,0.411,24.5,2승0무8패,1승,15-0-30,22-0-23
2022-07-27,9,88,35,51,2,0.407,24.5,4승0무6패,1패,2019-02-23,16-0-28
2022-07-27,10,90,27,62,1,0.303,34,2승0무8패,1패,16-0-26,11-1-36
2022-07-28,1,91,61,27,3,0.693,0,9승0무1패,2승,35-0-11,2026-03-16
2022-07-28,2,93,57,35,1,0.62,6,5승0무5패,2패,2027-01-19,30-0-16
2022-07-28,3,90,54,35,1,0.607,7.5,5승0무5패,2패,23-0-21,2031-01-14
2022-07-28,4,90,48,40,2,0.545,13,7승0무3패,2승,2023-01-23,2025-01-17
2022-07-28,5,89,46,42,1,0.523,15,7승0무3패,1패,21-0-22,2025-01-20
2022-07-28,6,89,39,48,2,0.448,21.5,5승0무5패,3승,2018-01-27,2021-01-21
2022-07-28,7,91,38,50,3,0.432,23,4승0무6패,6패,2016-03-28,22-0-22
2022-07-28,8,89,36,51,2,0.414,24.5,5승0무5패,1승,2019-02-23,17-0-28
2022-07-28,9,91,37,53,1,0.411,25,2승1무7패,1승,2015-01-30,22-0-23
2022-07-28,10,91,27,62,2,0.303,34.5,2승1무7패,1패,16-0-26,11-2-36
2022-07-29,1,92,61,28,3,0.685,0,8승0무2패,1패,35-0-11,2026-03-17
2022-07-29,2,94,57,36,1,0.613,6,4승0무6패,3패,2027-01-19,30-0-17
2022-07-29,3,91,54,36,1,0.6,7.5,4승0무6패,3패,23-0-22,2031-01-14
2022-07-29,4,91,49,40,2,0.551,12,7승0무3패,3승,2023-01-23,2026-01-17
2022-07-29,5,90,47,42,1,0.528,14,7승0무3패,1승,22-0-22,2025-01-20
2022-07-29,6,90,40,48,2,0.455,20.5,6승0무4패,4승,2018-01-27,2022-01-21
2022-07-29,7,92,38,51,3,0.427,23,3승0무7패,7패,2016-03-28,22-0-23
2022-07-29,8,90,37,51,2,0.42,23.5,6승0무4패,2승,2020-02-23,17-0-28
2022-07-29,9,92,38,53,1,0.418,24,3승1무6패,2승,2016-01-30,22-0-23
2022-07-29,10,92,27,63,2,0.3,34.5,2승1무7패,2패,16-0-27,11-2-36
2022-07-30,1,93,62,28,3,0.689,0,8승0무2패,1승,35-0-11,2027-03-17
2022-07-30,2,95,57,36,2,0.613,6.5,3승1무6패,3패,2027-01-19,2030-01-17
2022-07-30,3,92,55,36,1,0.604,7.5,4승0무6패,1승,24-0-22,2031-01-14
2022-07-30,4,92,49,41,2,0.544,13,7승0무3패,1패,2023-01-23,2026-01-18
2022-07-30,5,91,47,43,1,0.522,15,6승0무4패,1패,22-0-23,2025-01-20
2022-07-30,6,91,40,49,2,0.449,21.5,6승0무4패,1패,2018-01-27,2022-01-22
2022-07-30,7,93,39,51,3,0.433,23,3승0무7패,1승,2016-03-28,23-0-23
2022-07-30,8,91,37,51,3,0.42,24,6승1무3패,2승,2020-03-23,17-0-28
2022-07-30,9,93,38,54,1,0.413,25,3승1무6패,1패,2016-01-31,22-0-23
2022-07-30,10,93,28,63,2,0.308,34.5,3승1무6패,1승,17-0-27,11-2-36
2022-07-31,1,94,63,28,3,0.692,0,8승0무2패,2승,35-0-11,2028-03-17
2022-07-31,2,95,57,36,2,0.613,7,3승1무6패,3패,2027-01-19,2030-01-17
2022-07-31,3,92,55,36,1,0.604,8,4승0무6패,1승,24-0-22,2031-01-14
2022-07-31,4,92,49,41,2,0.544,13.5,7승0무3패,1패,2023-01-23,2026-01-18
2022-07-31,5,92,47,44,1,0.516,16,5승0무5패,2패,22-0-24,2025-01-20
2022-07-31,6,91,40,49,2,0.449,22,6승0무4패,1패,2018-01-27,2022-01-22
2022-07-31,7,94,39,51,4,0.433,23.5,2승1무7패,1승,2016-03-28,2023-01-23
2022-07-31,8,91,37,51,3,0.42,24.5,6승1무3패,2승,2020-03-23,17-0-28
2022-07-31,9,94,38,54,2,0.413,25.5,3승2무5패,1패,16-2-31,22-0-23
2022-07-31,10,93,28,63,2,0.308,35,3승1무6패,1승,17-0-27,11-2-36
2022-08-02,1,95,64,28,3,0.696,0,8승0무2패,3승,35-0-11,2029-03-17
2022-08-02,2,96,57,37,2,0.606,8,3승1무6패,4패,2027-01-20,2030-01-17
2022-08-02,3,93,55,37,1,0.598,9,4승0무6패,1패,24-0-22,2031-01-15
2022-08-02,4,92,49,41,2,0.544,14,7승0무3패,1패,2023-01-23,2026-01-18
2022-08-02,5,93,47,45,1,0.511,17,5승0무5패,3패,22-0-24,2025-01-21
2022-08-02,6,91,40,49,2,0.449,22.5,6승0무4패,1패,2018-01-27,2022-01-22
2022-08-02,7,95,40,51,4,0.44,23.5,2승1무7패,2승,2017-03-28,2023-01-23
2022-08-02,8,91,37,51,3,0.42,25,6승1무3패,2승,2020-03-23,17-0-28
2022-08-02,9,94,38,54,2,0.413,26,3승2무5패,1패,16-2-31,22-0-23
2022-08-02,10,94,29,63,2,0.315,35,4승1무5패,2승,18-0-27,11-2-36
2022-08-03,1,96,64,29,3,0.688,0,7승0무3패,1패,35-0-11,2029-03-18
2022-08-03,2,97,58,37,2,0.611,7,4승1무5패,1승,2028-01-20,2030-01-17
2022-08-03,3,94,56,37,1,0.602,8,4승0무6패,1승,24-0-22,2032-01-15
2022-08-03,4,93,50,41,2,0.549,13,7승0무3패,1승,2023-01-23,2027-01-18
2022-08-03,5,94,48,45,1,0.516,16,5승0무5패,1승,22-0-24,2026-01-21
2022-08-03,6,92,41,49,2,0.456,21.5,6승0무4패,1승,2019-01-27,2022-01-22
2022-08-03,7,96,40,52,4,0.435,23.5,2승1무7패,1패,2017-03-29,2023-01-23
2022-08-03,8,92,37,52,3,0.416,25,5승1무4패,1패,2020-03-24,17-0-28
2022-08-03,9,95,38,55,2,0.409,26,3승2무5패,2패,16-2-31,22-0-24
2022-08-03,10,95,29,64,2,0.312,35,4승1무5패,1패,18-0-28,11-2-36
2022-08-04,1,97,65,29,3,0.691,0,7승0무3패,1승,35-0-11,2030-03-18
2022-08-04,2,95,57,37,1,0.606,8,5승0무5패,2승,24-0-22,2033-01-15
2022-08-04,3,98,58,38,2,0.604,8,3승1무6패,1패,2028-01-21,2030-01-17
2022-08-04,4,94,50,42,2,0.543,14,6승0무4패,1패,2023-01-23,2027-01-19
2022-08-04,5,95,48,46,1,0.511,17,4승0무6패,1패,22-0-24,2026-01-22
2022-08-04,6,93,41,50,2,0.451,22.5,6승0무4패,1패,2019-01-28,2022-01-22
2022-08-04,7,97,40,53,4,0.43,24.5,2승1무7패,2패,2017-03-30,2023-01-23
2022-08-04,8,93,38,52,3,0.422,25,6승1무3패,1승,2021-03-24,17-0-28
2022-08-04,9,96,39,55,2,0.415,26,4승2무4패,1승,16-2-31,23-0-24
2022-08-04,10,96,30,64,2,0.319,35,4승1무5패,1승,19-0-28,11-2-36
2022-08-05,1,98,65,30,3,0.684,0,6승0무4패,1패,35-0-12,2030-03-18
2022-08-05,2,99,59,38,2,0.608,7,3승1무6패,1승,2028-01-21,2031-01-17
2022-08-05,3,96,57,38,1,0.6,8,4승0무6패,1패,24-0-23,2033-01-15
2022-08-05,4,95,51,42,2,0.548,13,7승0무3패,1승,2024-01-23,2027-01-19
2022-08-05,5,96,48,47,1,0.505,17,3승0무7패,2패,22-0-25,2026-01-22
2022-08-05,6,94,42,50,2,0.457,21.5,6승0무4패,1승,2019-01-28,2023-01-22
2022-08-05,7,98,41,53,4,0.436,23.5,3승1무6패,1승,2018-03-30,2023-01-23
2022-08-05,8,97,40,55,2,0.421,25,5승2무3패,2승,16-2-31,24-0-24
2022-08-05,9,94,38,53,3,0.418,25,5승1무4패,1패,2021-03-24,17-0-29
2022-08-05,10,97,30,65,2,0.316,35,4승1무5패,1패,19-0-28,11-2-37
2022-08-06,1,99,66,30,3,0.688,0,7승0무3패,1승,36-0-12,2030-03-18
2022-08-06,2,97,58,38,1,0.604,8,5승0무5패,1승,25-0-23,2033-01-15
2022-08-06,3,100,59,39,2,0.602,8,3승1무6패,1패,2028-01-21,2031-01-18
2022-08-06,4,96,52,42,2,0.553,13,7승0무3패,2승,2025-01-23,2027-01-19
2022-08-06,5,97,48,48,1,0.5,18,3승0무7패,3패,22-0-26,2026-01-22
2022-08-06,6,95,43,50,2,0.462,21.5,7승0무3패,2승,2019-01-28,2024-01-22
2022-08-06,7,99,41,54,4,0.432,24.5,3승1무6패,1패,2018-03-31,2023-01-23
2022-08-06,8,95,39,53,3,0.424,25,6승1무3패,1승,2021-03-24,18-0-29
2022-08-06,9,98,40,56,2,0.417,26,4승2무4패,1패,16-2-31,24-0-25
2022-08-06,10,98,30,66,2,0.313,36,4승1무5패,2패,19-0-28,11-2-38
2022-08-07,1,100,67,30,3,0.691,0,7승0무3패,2승,37-0-12,2030-03-18
2022-08-07,2,98,59,38,1,0.608,8,5승0무5패,2승,26-0-23,2033-01-15
2022-08-07,3,101,59,40,2,0.596,9,2승1무7패,2패,2028-01-21,2031-01-19
2022-08-07,4,97,52,43,2,0.547,14,6승0무4패,1패,2025-01-24,2027-01-19
2022-08-07,5,98,49,48,1,0.505,18,3승0무7패,1승,23-0-26,2026-01-22
2022-08-07,6,96,43,51,2,0.457,22.5,7승0무3패,1패,2019-01-28,2024-01-23
2022-08-07,7,96,40,53,3,0.43,25,6승1무3패,2승,2021-03-24,19-0-29
2022-08-07,8,100,41,55,4,0.427,25.5,3승1무6패,2패,18-3-32,2023-01-23
2022-08-07,9,99,40,57,2,0.412,27,4승2무4패,2패,16-2-31,24-0-26
2022-08-07,10,99,31,66,2,0.32,36,4승1무5패,1승,19-0-28,12-2-38
2022-08-10,1,101,68,30,3,0.694,0,7승0무3패,3승,38-0-12,2030-03-18
2022-08-10,2,98,59,38,1,0.608,8.5,5승0무5패,2승,26-0-23,2033-01-15
2022-08-10,3,102,59,41,2,0.59,10,2승1무7패,3패,2028-01-22,2031-01-19
2022-08-10,4,98,52,44,2,0.542,15,6승0무4패,2패,2025-01-24,2027-01-20
2022-08-10,5,99,49,49,1,0.5,19,3승0무7패,1패,23-0-26,2026-01-23
2022-08-10,6,97,43,52,2,0.453,23.5,6승0무4패,2패,2019-01-29,2024-01-23
2022-08-10,7,97,41,53,3,0.436,25,6승1무3패,3승,2021-03-24,20-0-29
2022-08-10,8,101,42,55,4,0.433,25.5,4승1무5패,1승,18-3-32,2024-01-23
2022-08-10,9,100,41,57,2,0.418,27,4승2무4패,1승,17-2-31,24-0-26
2022-08-10,10,99,31,66,2,0.32,36.5,4승1무5패,1승,19-0-28,12-2-38
2022-08-11,1,102,69,30,3,0.697,0,8승0무2패,4승,39-0-12,2030-03-18
2022-08-11,2,98,59,38,1,0.608,9,5승0무5패,2승,26-0-23,2033-01-15
2022-08-11,3,103,59,42,2,0.584,11,2승1무7패,4패,2028-01-23,2031-01-19
2022-08-11,4,99,52,45,2,0.536,16,5승0무5패,3패,2025-01-24,2027-01-21
2022-08-11,5,99,49,49,1,0.5,19.5,3승0무7패,1패,23-0-26,2026-01-23
2022-08-11,6,98,43,53,2,0.448,24.5,5승0무5패,3패,2019-01-30,2024-01-23
2022-08-11,7,98,42,53,3,0.442,25,7승1무2패,4승,2021-03-24,21-0-29
2022-08-11,8,102,43,55,4,0.439,25.5,5승1무4패,2승,18-3-32,2025-01-23
2022-08-11,9,100,41,57,2,0.418,27.5,4승2무4패,1승,17-2-31,24-0-26
2022-08-11,10,99,31,66,2,0.32,37,4승1무5패,1승,19-0-28,12-2-38
2022-08-12,1,103,69,31,3,0.69,0,7승0무3패,1패,39-0-13,2030-03-18
2022-08-12,2,99,60,38,1,0.612,8,6승0무4패,3승,26-0-23,2034-01-15
2022-08-12,3,104,59,43,2,0.578,11,2승1무7패,5패,2028-01-24,2031-01-19
2022-08-12,4,100,53,45,2,0.541,15,5승0무5패,1승,2025-01-24,2028-01-21
2022-08-12,5,100,49,50,1,0.495,19.5,2승0무8패,2패,23-0-26,2026-01-24
2022-08-12,6,99,44,53,2,0.454,23.5,5승0무5패,1승,2020-01-30,2024-01-23
2022-08-12,7,103,44,55,4,0.444,24.5,5승1무4패,3승,18-3-32,2026-01-23
2022-08-12,8,99,42,54,3,0.438,25,6승1무3패,1패,2021-03-24,21-0-30
2022-08-12,9,101,42,57,2,0.424,26.5,5승1무4패,2승,18-2-31,24-0-26
2022-08-12,10,100,31,67,2,0.316,37,4승1무5패,1패,19-0-29,12-2-38
2022-08-13,1,104,70,31,3,0.693,0,7승0무3패,1승,39-0-13,2031-03-18
2022-08-13,2,99,60,38,1,0.612,8.5,6승0무4패,3승,26-0-23,2034-01-15
2022-08-13,3,105,60,43,2,0.583,11,3승0무7패,1승,2028-01-24,2032-01-19
2022-08-13,4,101,54,45,2,0.545,15,5승0무5패,2승,2026-01-24,2028-01-21
2022-08-13,5,101,50,50,1,0.5,19.5,3승0무7패,1승,24-0-26,2026-01-24
2022-08-13,6,100,44,54,2,0.449,24.5,4승0무6패,1패,2020-01-31,2024-01-23
2022-08-13,7,104,44,56,4,0.44,25.5,5승0무5패,1패,18-3-32,2026-01-24
2022-08-13,8,99,42,54,3,0.438,25.5,6승1무3패,1패,2021-03-24,21-0-30
2022-08-13,9,102,42,58,2,0.42,27.5,4승1무5패,1패,18-2-31,24-0-27
2022-08-13,10,101,31,68,2,0.313,38,4승0무6패,2패,19-0-30,12-2-38
2022-08-14,1,105,71,31,3,0.696,0,7승0무3패,2승,39-0-13,2032-03-18
2022-08-14,2,100,60,39,1,0.606,9.5,6승0무4패,1패,26-0-23,2034-01-16
2022-08-14,3,106,61,43,2,0.587,11,4승0무6패,2승,2028-01-24,2033-01-19
2022-08-14,4,102,55,45,2,0.55,15,6승0무4패,3승,2027-01-24,2028-01-21
2022-08-14,5,102,50,51,1,0.495,20.5,3승0무7패,1패,24-0-27,2026-01-24
2022-08-14,6,105,45,56,4,0.446,25.5,5승0무5패,1승,18-3-32,2027-01-24
2022-08-14,7,101,44,55,2,0.444,25.5,4승0무6패,2패,20-1-32,2024-01-23
2022-08-14,8,100,43,54,3,0.443,25.5,6승1무3패,1승,2022-03-24,21-0-30
2022-08-14,9,103,42,59,2,0.416,28.5,4승1무5패,2패,18-2-31,24-0-28
2022-08-14,10,102,31,69,2,0.31,39,4승0무6패,3패,19-0-31,12-2-38
2022-08-16,1,105,71,31,3,0.696,0,7승0무3패,2승,39-0-13,2032-03-18
2022-08-16,2,101,61,39,1,0.61,9,7승0무3패,1승,27-0-23,2034-01-16
2022-08-16,3,107,61,44,2,0.581,11.5,3승0무7패,1패,2028-01-24,2033-01-20
2022-08-16,4,103,56,45,2,0.554,14.5,6승0무4패,4승,2028-01-24,2028-01-21
2022-08-16,5,102,50,51,1,0.495,20.5,3승0무7패,1패,24-0-27,2026-01-24
2022-08-16,6,105,45,56,4,0.446,25.5,5승0무5패,1승,18-3-32,2027-01-24
2022-08-16,7,101,44,55,2,0.444,25.5,4승0무6패,2패,20-1-32,2024-01-23
2022-08-16,8,100,43,54,3,0.443,25.5,6승1무3패,1승,2022-03-24,21-0-30
2022-08-16,9,104,42,60,2,0.412,29,4승0무6패,3패,18-2-31,24-0-29
2022-08-16,10,102,31,69,2,0.31,39,4승0무6패,3패,19-0-31,12-2-38
2022-08-17,1,106,71,32,3,0.689,0,7승0무3패,1패,39-0-13,2032-03-19
2022-08-17,2,102,62,39,1,0.614,8,7승0무3패,2승,28-0-23,2034-01-16
2022-08-17,3,108,61,45,2,0.575,11.5,3승0무7패,2패,2028-01-24,2033-01-21
2022-08-17,4,104,57,45,2,0.559,13.5,7승0무3패,5승,2029-01-24,2028-01-21
2022-08-17,5,103,51,51,1,0.5,19.5,4승0무6패,1승,25-0-27,2026-01-24
2022-08-17,6,106,46,56,4,0.451,24.5,6승0무4패,2승,19-3-32,2027-01-24
2022-08-17,7,101,44,54,3,0.449,24.5,7승0무3패,2승,2023-03-24,21-0-30
2022-08-17,8,102,44,56,2,0.44,25.5,3승0무7패,3패,20-1-32,2024-01-24
2022-08-17,9,105,42,61,2,0.408,29,4승0무6패,4패,18-2-31,24-0-30
2022-08-17,10,103,31,70,2,0.307,39,3승0무7패,4패,19-0-31,12-2-39
2022-08-18,1,107,71,33,3,0.683,0,6승0무4패,2패,39-0-14,2032-03-19
2022-08-18,2,103,63,39,1,0.618,7,8승0무2패,3승,28-0-23,2035-01-16
2022-08-18,3,109,61,46,2,0.57,11.5,2승0무8패,3패,2028-01-24,2033-01-22
2022-08-18,4,105,57,46,2,0.553,13.5,6승0무4패,1패,2029-01-24,2028-01-22
2022-08-18,5,104,51,52,1,0.495,19.5,3승0무7패,1패,25-0-28,2026-01-24
2022-08-18,6,107,47,56,4,0.456,23.5,7승0무3패,3승,20-3-32,2027-01-24
2022-08-18,7,102,45,54,3,0.455,23.5,8승0무2패,3승,2023-03-24,22-0-30
2022-08-18,8,103,45,56,2,0.446,24.5,4승0무6패,1승,21-1-32,2024-01-24
2022-08-18,9,106,43,61,2,0.413,28,4승0무6패,1승,18-2-31,25-0-30
2022-08-18,10,104,31,71,2,0.304,39,2승0무8패,5패,19-0-32,12-2-39
2022-08-19,1,107,71,33,3,0.683,0,6승0무4패,2패,39-0-14,2032-03-19
2022-08-19,2,103,63,39,1,0.618,7,8승0무2패,3승,28-0-23,2035-01-16
2022-08-19,3,109,61,46,2,0.57,11.5,2승0무8패,3패,2028-01-24,2033-01-22
2022-08-19,4,106,58,46,2,0.558,13,6승0무4패,1승,2029-01-24,2029-01-22
2022-08-19,5,105,52,52,1,0.5,19,4승0무6패,1승,26-0-28,2026-01-24
2022-08-19,6,108,47,57,4,0.452,24,6승0무4패,1패,20-3-33,2027-01-24
2022-08-19,7,103,45,55,3,0.45,24,7승0무3패,1패,2023-03-24,22-0-31
2022-08-19,8,103,45,56,2,0.446,24.5,4승0무6패,1승,21-1-32,2024-01-24
2022-08-19,9,107,44,61,2,0.419,27.5,4승0무6패,2승,18-2-31,26-0-30
2022-08-19,10,105,31,72,2,0.301,39.5,2승0무8패,6패,19-0-33,12-2-39
2022-08-20,1,108,72,33,3,0.686,0,7승0무3패,1승,39-0-14,2033-03-19
2022-08-20,2,104,64,39,1,0.621,7,8승0무2패,4승,29-0-23,2035-01-16
2022-08-20,3,110,61,47,2,0.565,12.5,2승0무8패,4패,2028-01-25,2033-01-22
2022-08-20,4,107,58,47,2,0.552,14,6승0무4패,1패,2029-01-25,2029-01-22
2022-08-20,5,106,53,52,1,0.505,19,5승0무5패,2승,26-0-28,2027-01-24
2022-08-20,6,103,45,55,3,0.45,24.5,7승0무3패,1패,2023-03-24,22-0-31
2022-08-20,7,109,47,58,4,0.448,25,6승0무4패,2패,20-3-34,2027-01-24
2022-08-20,8,104,45,57,2,0.441,25.5,3승0무7패,1패,21-1-32,2024-01-25
2022-08-20,9,107,44,61,2,0.419,28,4승0무6패,2승,18-2-31,26-0-30
2022-08-20,10,106,32,72,2,0.308,39.5,2승0무8패,1승,19-0-33,13-2-39
2022-08-21,1,109,73,33,3,0.689,0,7승0무3패,2승,39-0-14,2034-03-19
2022-08-21,2,105,64,40,1,0.615,8,7승0무3패,1패,29-0-24,2035-01-16
2022-08-21,3,111,61,48,2,0.56,13.5,2승0무8패,5패,2028-01-26,2033-01-22
2022-08-21,4,108,59,47,2,0.557,14,7승0무3패,1승,2030-01-25,2029-01-22
2022-08-21,5,107,53,53,1,0.5,20,5승0무5패,1패,26-0-28,2027-01-25
2022-08-21,6,104,46,55,3,0.455,24.5,8승0무2패,1승,2023-03-24,23-0-31
2022-08-21,7,110,48,58,4,0.453,25,7승0무3패,1승,21-3-34,2027-01-24
2022-08-21,8,105,46,57,2,0.447,25.5,3승0무7패,1승,21-1-32,2025-01-25
2022-08-21,9,108,44,62,2,0.415,29,4승0무6패,1패,18-2-32,26-0-30
2022-08-21,10,107,32,73,2,0.305,40.5,2승0무8패,1패,19-0-33,13-2-40
2022-08-23,1,110,74,33,3,0.692,0,7승0무3패,3승,40-0-14,2034-03-19
2022-08-23,2,106,64,41,1,0.61,9,7승0무3패,2패,29-0-24,2035-01-17
2022-08-23,3,109,60,47,2,0.561,14,8승0무2패,2승,2030-01-25,2030-01-22
2022-08-23,4,112,61,49,2,0.555,14.5,2승0무8패,6패,2028-01-27,2033-01-22
2022-08-23,5,108,54,53,1,0.505,20,5승0무5패,1승,26-0-28,2028-01-25
2022-08-23,6,111,49,58,4,0.458,25,7승0무3패,2승,21-3-34,2028-01-24
2022-08-23,7,105,46,56,3,0.451,25.5,7승0무3패,1패,2023-03-25,23-0-31
2022-08-23,8,106,46,58,2,0.442,26.5,3승0무7패,1패,21-1-33,2025-01-25
2022-08-23,9,109,44,63,2,0.411,30,4승0무6패,2패,18-2-32,26-0-31
2022-08-23,10,108,33,73,2,0.311,40.5,3승0무7패,1승,20-0-33,13-2-40
2022-08-24,1,111,75,33,3,0.694,0,7승0무3패,4승,41-0-14,2034-03-19
2022-08-24,2,107,65,41,1,0.613,9,7승0무3패,1승,29-0-24,2036-01-17
2022-08-24,3,110,61,47,2,0.565,14,8승0무2패,3승,2030-01-25,2031-01-22
2022-08-24,4,113,62,49,2,0.559,14.5,3승0무7패,1승,2029-01-27,2033-01-22
2022-08-24,5,109,54,54,1,0.5,21,5승0무5패,1패,26-0-28,2028-01-26
2022-08-24,6,112,50,58,4,0.463,25,7승0무3패,3승,21-3-34,2029-01-24
2022-08-24,7,106,46,57,3,0.447,26.5,6승0무4패,2패,2023-03-26,23-0-31
2022-08-24,8,107,46,59,2,0.438,27.5,3승0무7패,2패,21-1-34,2025-01-25
2022-08-24,9,110,44,64,2,0.407,31,3승0무7패,3패,18-2-32,26-0-32
2022-08-24,10,109,33,74,2,0.308,41.5,2승0무8패,1패,20-0-34,13-2-40
2022-08-25,1,112,75,34,3,0.688,0,6승0무4패,1패,41-0-14,2034-03-20
2022-08-25,2,108,65,42,1,0.607,9,6승0무4패,1패,29-0-25,2036-01-17
2022-08-25,3,111,62,47,2,0.569,13,8승0무2패,4승,2031-01-25,2031-01-22
2022-08-25,4,114,63,49,2,0.563,13.5,4승0무6패,2승,2029-01-27,2034-01-22
2022-08-25,5,110,55,54,1,0.505,20,6승0무4패,1승,26-0-28,2029-01-26
2022-08-25,6,113,50,59,4,0.459,25,6승0무4패,1패,21-3-35,2029-01-24
2022-08-25,7,107,46,58,3,0.442,26.5,5승0무5패,3패,2023-03-27,23-0-31
2022-08-25,8,108,46,60,2,0.434,27.5,3승0무7패,3패,21-1-34,2025-01-26
2022-08-25,9,111,45,64,2,0.413,30,3승0무7패,1승,18-2-32,27-0-32
2022-08-25,10,110,34,74,2,0.315,40.5,3승0무7패,1승,21-0-34,13-2-40
2022-08-26,1,113,75,35,3,0.682,0,6승0무4패,2패,41-0-14,2034-03-21
2022-08-26,2,109,66,42,1,0.611,8,6승0무4패,1승,30-0-25,2036-01-17
2022-08-26,3,112,63,47,2,0.573,12,8승0무2패,5승,2032-01-25,2031-01-22
2022-08-26,4,115,64,49,2,0.566,12.5,4승0무6패,3승,2029-01-27,2035-01-22
2022-08-26,5,111,55,55,1,0.5,20,5승0무5패,1패,26-0-28,2029-01-27
2022-08-26,6,114,51,59,4,0.464,24,7승0무3패,1승,22-3-35,2029-01-24
2022-08-26,7,108,46,59,3,0.438,26.5,4승0무6패,4패,2023-03-28,23-0-31
2022-08-26,8,109,46,61,2,0.43,27.5,2승0무8패,4패,21-1-34,2025-01-27
2022-08-26,9,112,45,65,2,0.409,30,3승0무7패,1패,18-2-32,27-0-33
2022-08-26,10,111,35,74,2,0.321,39.5,4승0무6패,2승,22-0-34,13-2-40
2022-08-27,1,114,76,35,3,0.685,0,6승0무4패,1승,42-0-14,2034-03-21
2022-08-27,2,110,67,42,1,0.615,8,7승0무3패,2승,31-0-25,2036-01-17
2022-08-27,3,113,63,48,2,0.568,13,7승0무3패,1패,2032-01-25,2031-01-23
2022-08-27,4,116,64,50,2,0.561,13.5,3승0무7패,1패,2029-01-27,2035-01-23
2022-08-27,5,112,55,56,1,0.495,21,5승0무5패,2패,26-0-29,2029-01-27
2022-08-27,6,115,51,60,4,0.459,25,6승0무4패,1패,22-3-35,2029-01-25
2022-08-27,7,109,47,59,3,0.443,26.5,5승0무5패,1승,2024-03-28,23-0-31
2022-08-27,8,110,47,61,2,0.435,27.5,3승0무7패,1승,21-1-34,2026-01-27
2022-08-27,9,113,46,65,2,0.414,30,4승0무6패,1승,19-2-32,27-0-33
2022-08-27,10,112,35,75,2,0.318,40.5,4승0무6패,1패,22-0-34,13-2-41
2022-08-28,1,115,76,36,3,0.679,0,5승0무5패,1패,42-0-15,2034-03-21
2022-08-28,2,111,68,42,1,0.618,7,7승0무3패,3승,32-0-25,2036-01-17
2022-08-28,3,114,63,49,2,0.563,13,6승0무4패,2패,2032-01-25,2031-01-24
2022-08-28,4,117,64,51,2,0.557,13.5,3승0무7패,2패,2029-01-27,2035-01-24
2022-08-28,5,113,56,56,1,0.5,20,5승0무5패,1승,27-0-29,2029-01-27
2022-08-28,6,116,52,60,4,0.464,24,6승0무4패,1승,22-3-35,2030-01-25
2022-08-28,7,110,48,59,3,0.449,25.5,5승0무5패,2승,2025-03-28,23-0-31
2022-08-28,8,111,47,62,2,0.431,27.5,3승0무7패,1패,21-1-34,2026-01-28
2022-08-28,9,114,47,65,2,0.42,29,5승0무5패,2승,20-2-32,27-0-33
2022-08-28,10,113,35,76,2,0.315,40.5,4승0무6패,2패,22-0-34,13-2-42
2022-08-30,1,115,76,36,3,0.679,0,5승0무5패,1패,42-0-15,2034-03-21
2022-08-30,2,111,68,42,1,0.618,7,7승0무3패,3승,32-0-25,2036-01-17
2022-08-30,3,114,63,49,2,0.563,13,6승0무4패,2패,2032-01-25,2031-01-24
2022-08-30,4,118,65,51,2,0.56,13,4승0무6패,1승,2030-01-27,2035-01-24
2022-08-30,5,113,56,56,1,0.5,20,5승0무5패,1승,27-0-29,2029-01-27
2022-08-30,6,117,52,61,4,0.46,24.5,5승0무5패,1패,22-3-35,2030-01-26
2022-08-30,7,110,48,59,3,0.449,25.5,5승0무5패,2승,2025-03-28,23-0-31
2022-08-30,8,111,47,62,2,0.431,27.5,3승0무7패,1패,21-1-34,2026-01-28
2022-08-30,9,114,47,65,2,0.42,29,5승0무5패,2승,20-2-32,27-0-33
2022-08-30,10,113,35,76,2,0.315,40.5,4승0무6패,2패,22-0-34,13-2-42
2022-08-31,1,116,76,37,3,0.673,0,5승0무5패,2패,42-0-15,2034-03-22
2022-08-31,2,112,69,42,1,0.622,6,7승0무3패,4승,33-0-25,2036-01-17
2022-08-31,3,115,64,49,2,0.566,12,7승0무3패,1승,2033-01-25,2031-01-24
2022-08-31,4,119,66,51,2,0.564,12,5승0무5패,2승,2031-01-27,2035-01-24
2022-08-31,5,114,57,56,1,0.504,19,6승0무4패,2승,27-0-29,2030-01-27
2022-08-31,6,118,52,62,4,0.456,24.5,5승0무5패,2패,22-3-35,2030-01-27
2022-08-31,7,111,48,60,3,0.444,25.5,4승0무6패,1패,2025-03-28,23-0-32
2022-08-31,8,112,47,63,2,0.427,27.5,3승0무7패,2패,21-1-34,2026-01-29
2022-08-31,9,115,48,65,2,0.425,28,6승0무4패,3승,21-2-32,27-0-33
2022-08-31,10,114,35,77,2,0.313,40.5,4승0무6패,3패,22-0-35,13-2-42
2022-09-01,1,117,76,38,3,0.667,0,5승0무5패,3패,42-0-16,2034-03-22
2022-09-01,2,113,70,42,1,0.625,5,7승0무3패,5승,33-0-25,2037-01-17
2022-09-01,3,120,67,51,2,0.568,11,6승0무4패,3승,2032-01-27,2035-01-24
2022-09-01,4,116,64,50,2,0.561,12,6승0무4패,1패,2033-01-26,2031-01-24
2022-09-01,5,115,57,57,1,0.5,19,5승0무5패,1패,27-0-30,2030-01-27
2022-09-01,6,119,52,63,4,0.452,24.5,5승0무5패,3패,22-3-35,2030-01-28
2022-09-01,7,112,49,60,3,0.45,24.5,4승0무6패,1승,2025-03-28,24-0-32
2022-09-01,8,113,48,63,2,0.432,26.5,3승0무7패,1승,22-1-34,2026-01-29
2022-09-01,9,116,49,65,2,0.43,27,6승0무4패,4승,21-2-32,28-0-33
2022-09-01,10,115,35,78,2,0.31,40.5,4승0무6패,4패,22-0-35,13-2-43
2022-09-02,1,118,77,38,3,0.67,0,5승0무5패,1승,43-0-16,2034-03-22
2022-09-02,2,114,71,42,1,0.628,5,7승0무3패,6승,33-0-25,2038-01-17
2022-09-02,3,121,68,51,2,0.571,11,7승0무3패,4승,2033-01-27,2035-01-24
2022-09-02,4,117,64,51,2,0.557,13,6승0무4패,2패,2033-01-27,2031-01-24
2022-09-02,5,116,58,57,1,0.504,19,5승0무5패,1승,28-0-30,2030-01-27
2022-09-02,6,120,53,63,4,0.457,24.5,5승0무5패,1승,22-3-35,2031-01-28
2022-09-02,7,113,49,61,3,0.445,25.5,4승0무6패,1패,2025-03-28,24-0-33
2022-09-02,8,114,48,64,2,0.429,27.5,3승0무7패,1패,22-1-35,2026-01-29
2022-09-02,9,117,49,66,2,0.426,28,5승0무5패,1패,21-2-32,28-0-34
2022-09-02,10,116,35,79,2,0.307,41.5,3승0무7패,5패,22-0-35,13-2-44
2022-09-03,1,119,77,39,3,0.664,0,4승0무6패,1패,43-0-17,2034-03-22
2022-09-03,2,114,71,42,1,0.628,4.5,7승0무3패,6승,33-0-25,2038-01-17
2022-09-03,3,122,69,51,2,0.575,10,8승0무2패,5승,2033-01-27,2036-01-24
2022-09-03,4,118,65,51,2,0.56,12,6승0무4패,1승,2033-01-27,2032-01-24
2022-09-03,5,117,58,58,1,0.5,19,5승0무5패,1패,28-0-31,2030-01-27
2022-09-03,6,120,53,63,4,0.457,24,5승0무5패,1승,22-3-35,2031-01-28
2022-09-03,7,114,49,62,3,0.441,25.5,3승0무7패,2패,2025-03-28,24-0-34
2022-09-03,8,118,50,66,2,0.431,27,6승0무4패,1승,21-2-32,29-0-34
2022-09-03,9,115,48,65,2,0.425,27.5,2승0무8패,2패,22-1-36,2026-01-29
2022-09-03,10,117,36,79,2,0.313,40.5,4승0무6패,1승,23-0-35,13-2-44
2022-09-04,1,119,77,39,3,0.664,0,4승0무6패,1패,43-0-17,2034-03-22
2022-09-04,2,115,72,42,1,0.632,4,8승0무2패,7승,33-0-25,2039-01-17
2022-09-04,3,122,69,51,2,0.575,10,8승0무2패,5승,2033-01-27,2036-01-24
2022-09-04,4,119,66,51,2,0.564,11.5,6승0무4패,2승,2033-01-27,2033-01-24
2022-09-04,5,118,58,59,1,0.496,19.5,4승0무6패,2패,28-0-32,2030-01-27
2022-09-04,6,121,53,64,4,0.453,24.5,4승0무6패,1패,22-3-36,2031-01-28
2022-09-04,7,115,49,63,3,0.438,26,3승0무7패,3패,2025-03-28,24-0-35
2022-09-04,8,118,50,66,2,0.431,27,6승0무4패,1승,21-2-32,29-0-34
2022-09-04,9,115,48,65,2,0.425,27.5,2승0무8패,2패,22-1-36,2026-01-29
2022-09-04,10,118,37,79,2,0.319,40,4승0무6패,2승,24-0-35,13-2-44
2022-09-06,1,120,78,39,3,0.667,0,4승0무6패,1승,43-0-17,2035-03-22
2022-09-06,2,116,72,43,1,0.626,5,8승0무2패,1패,33-0-26,2039-01-17
2022-09-06,3,123,69,52,2,0.57,11,7승0무3패,1패,2033-01-27,2036-01-25
2022-09-06,4,120,67,51,2,0.568,11.5,6승0무4패,3승,2034-01-27,2033-01-24
2022-09-06,5,119,58,60,1,0.492,20.5,4승0무6패,3패,28-0-32,2030-01-28
2022-09-06,6,122,54,64,4,0.458,24.5,4승0무6패,1승,23-3-36,2031-01-28
2022-09-06,7,116,50,63,3,0.442,26,4승0무6패,1승,2026-03-28,24-0-35
2022-09-06,8,119,51,66,2,0.436,27,7승0무3패,2승,22-2-32,29-0-34
2022-09-06,9,116,48,66,2,0.421,28.5,2승0무8패,3패,22-1-36,2026-01-30
2022-09-06,10,119,37,80,2,0.316,41,4승0무6패,1패,24-0-35,13-2-45
2022-09-07,1,121,78,39,4,0.667,0,3승1무6패,1승,43-0-17,2035-04-22
2022-09-07,2,117,72,43,2,0.626,5,7승1무2패,1패,2033-01-26,2039-01-17
2022-09-07,3,121,68,51,2,0.571,11,6승0무4패,4승,2035-01-27,2033-01-24
2022-09-07,4,124,69,53,2,0.566,11.5,6승0무4패,2패,2033-01-27,2036-01-26
2022-09-07,5,120,59,60,1,0.496,20,4승0무6패,1승,28-0-32,2031-01-28
2022-09-07,6,123,54,65,4,0.454,25,4승0무6패,1패,23-3-37,2031-01-28
2022-09-07,7,117,51,63,3,0.447,25.5,5승0무5패,2승,2027-03-28,24-0-35
2022-09-07,8,120,52,66,2,0.441,26.5,8승0무2패,3승,23-2-32,29-0-34
2022-09-07,9,117,48,67,2,0.417,29,2승0무8패,4패,22-1-36,2026-01-31
2022-09-07,10,120,37,81,2,0.314,41.5,3승0무7패,2패,24-0-35,13-2-46
2022-09-08,1,122,78,40,4,0.661,0,3승1무6패,1패,43-0-18,2035-04-22
2022-09-08,2,118,72,44,2,0.621,5,7승1무2패,2패,2033-01-26,2039-01-18
2022-09-08,3,125,70,53,2,0.569,10.5,6승0무4패,1승,2034-01-27,2036-01-26
2022-09-08,4,122,68,52,2,0.567,11,5승0무5패,1패,2035-01-28,2033-01-24
2022-09-08,5,121,60,60,1,0.5,19,5승0무5패,2승,28-0-32,2032-01-28
2022-09-08,6,124,55,65,4,0.458,24,4승0무6패,1승,23-3-37,2032-01-28
2022-09-08,7,118,52,63,3,0.452,24.5,6승0무4패,3승,2027-03-28,25-0-35
2022-09-08,8,121,52,67,2,0.437,26.5,7승0무3패,1패,23-2-33,29-0-34
2022-09-08,9,118,48,68,2,0.414,29,2승0무8패,5패,22-1-37,2026-01-31
2022-09-08,10,121,38,81,2,0.319,40.5,3승0무7패,1승,24-0-35,14-2-46
2022-09-09,1,123,78,41,4,0.655,0,3승1무6패,2패,43-0-19,2035-04-22
2022-09-09,2,119,73,44,2,0.624,4,7승1무2패,1승,2033-01-26,2040-01-18
2022-09-09,3,126,70,54,2,0.565,10.5,6승0무4패,1패,2034-01-28,2036-01-26
2022-09-09,4,123,68,53,2,0.562,11,5승0무5패,2패,2035-01-29,2033-01-24
2022-09-09,5,122,61,60,1,0.504,18,6승0무4패,3승,28-0-32,2033-01-28
2022-09-09,6,119,53,63,3,0.457,23.5,6승0무4패,4승,2027-03-28,26-0-35
2022-09-09,7,125,55,66,4,0.455,24,4승0무6패,1패,23-3-37,2032-01-29
2022-09-09,8,122,53,67,2,0.442,25.5,8승0무2패,1승,24-2-33,29-0-34
2022-09-09,9,119,49,68,2,0.419,28,3승0무7패,1승,23-1-37,2026-01-31
2022-09-09,10,122,38,82,2,0.317,40.5,3승0무7패,1패,24-0-35,14-2-47
2022-09-10,1,124,78,42,4,0.65,0,2승1무7패,3패,43-0-19,2035-04-23
2022-09-10,2,120,74,44,2,0.627,3,7승1무2패,2승,2033-01-26,2041-01-18
2022-09-10,3,124,69,53,2,0.566,10,6승0무4패,1승,2035-01-29,2034-01-24
2022-09-10,4,127,70,55,2,0.56,10.5,6승0무4패,2패,2034-01-29,2036-01-26
2022-09-10,5,123,62,60,1,0.508,17,6승0무4패,4승,28-0-32,2034-01-28
2022-09-10,6,120,54,63,3,0.462,22.5,6승0무4패,5승,2027-03-28,27-0-35
2022-09-10,7,126,55,67,4,0.451,24,3승0무7패,2패,23-3-38,2032-01-29
2022-09-10,8,123,53,68,2,0.438,25.5,7승0무3패,1패,24-2-34,29-0-34
2022-09-10,9,120,49,69,2,0.415,28,2승0무8패,1패,23-1-38,2026-01-31
2022-09-10,10,123,39,82,2,0.322,39.5,4승0무6패,1승,25-0-35,14-2-47
2022-09-11,1,125,79,42,4,0.653,0,3승1무6패,1승,43-0-19,2036-04-23
2022-09-11,2,121,74,45,2,0.622,4,6승1무3패,1패,2033-01-26,2041-01-19
2022-09-11,3,128,71,55,2,0.563,10.5,6승0무4패,1승,2035-01-29,2036-01-26
2022-09-11,4,125,69,54,2,0.561,11,5승0무5패,1패,2035-01-29,2034-01-25
2022-09-11,5,124,62,61,1,0.504,18,5승0무5패,1패,28-0-32,2034-01-29
2022-09-11,6,121,55,63,3,0.466,22.5,7승0무3패,6승,2027-03-28,28-0-35
2022-09-11,7,127,55,68,4,0.447,25,3승0무7패,3패,23-3-39,2032-01-29
2022-09-11,8,124,54,68,2,0.443,25.5,7승0무3패,1승,25-2-34,29-0-34
2022-09-11,9,121,50,69,2,0.42,28,3승0무7패,1승,24-1-38,2026-01-31
2022-09-11,10,124,39,83,2,0.32,40.5,4승0무6패,1패,25-0-36,14-2-47
2022-09-13,1,126,79,43,4,0.648,0,3승1무6패,1패,43-0-19,2036-04-24
2022-09-13,2,122,75,45,2,0.625,3,6승1무3패,1승,2033-01-26,2042-01-19
2022-09-13,3,129,72,55,2,0.567,9.5,6승0무4패,2승,2035-01-29,2037-01-26
2022-09-13,4,126,70,54,2,0.565,10,6승0무4패,1승,2035-01-29,2035-01-25
2022-09-13,5,125,62,62,1,0.5,18,5승0무5패,2패,28-0-33,2034-01-29
2022-09-13,6,122,55,64,3,0.462,22.5,6승0무4패,1패,2027-03-29,28-0-35
2022-09-13,7,128,56,68,4,0.452,24,4승0무6패,1승,24-3-39,2032-01-29
2022-09-13,8,125,55,68,2,0.447,24.5,7승0무3패,2승,25-2-34,30-0-34
2022-09-13,9,122,50,70,2,0.417,28,3승0무7패,1패,24-1-39,2026-01-31
2022-09-13,10,125,39,84,2,0.317,40.5,4승0무6패,2패,25-0-37,14-2-47
2022-09-14,1,127,80,43,4,0.65,0,4승1무5패,1승,43-0-19,2037-04-24
2022-09-14,2,123,75,46,2,0.62,4,5승1무4패,1패,2033-01-26,2042-01-20
2022-09-14,3,130,73,55,2,0.57,9.5,6승0무4패,3승,2035-01-29,2038-01-26
2022-09-14,4,127,70,55,2,0.56,11,6승0무4패,1패,2035-01-29,2035-01-26
2022-09-14,5,126,62,63,1,0.496,19,4승0무6패,3패,28-0-34,2034-01-29
2022-09-14,6,123,56,64,3,0.467,22.5,7승0무3패,1승,2028-03-29,28-0-35
2022-09-14,7,129,56,69,4,0.448,25,4승0무6패,1패,24-3-40,2032-01-29
2022-09-14,8,126,55,69,2,0.444,25.5,6승0무4패,1패,25-2-34,30-0-35
2022-09-14,9,123,51,70,2,0.421,28,3승0무7패,1승,25-1-39,2026-01-31
2022-09-14,10,126,40,84,2,0.323,40.5,5승0무5패,1승,26-0-37,14-2-47
2022-09-15,1,128,80,44,4,0.645,0,3승1무6패,1패,43-0-19,2037-04-25
2022-09-15,2,124,76,46,2,0.623,3,5승1무4패,1승,2034-01-26,2042-01-20
2022-09-15,3,131,73,56,2,0.566,9.5,5승0무5패,1패,2035-01-29,2038-01-27
2022-09-15,4,128,70,56,2,0.556,11,5승0무5패,2패,2035-01-29,2035-01-27
2022-09-15,5,127,62,64,1,0.492,19,4승0무6패,4패,28-0-35,2034-01-29
2022-09-15,6,124,57,64,3,0.471,21.5,8승0무2패,2승,2029-03-29,28-0-35
2022-09-15,7,130,57,69,4,0.452,24,4승0무6패,1승,25-3-40,2032-01-29
2022-09-15,8,127,56,69,2,0.448,24.5,7승0무3패,1승,26-2-34,30-0-35
2022-09-15,9,124,51,71,2,0.418,28,3승0무7패,1패,25-1-39,26-1-32
2022-09-15,10,127,41,84,2,0.328,39.5,5승0무5패,2승,26-0-37,15-2-47
2022-09-16,1,129,81,44,4,0.648,0,4승1무5패,1승,43-0-19,2038-04-25
2022-09-16,2,124,76,46,2,0.623,3.5,5승1무4패,1승,2034-01-26,2042-01-20
2022-09-16,3,132,74,56,2,0.569,9.5,5승0무5패,1승,2035-01-29,2039-01-27
2022-09-16,4,128,70,56,2,0.556,11.5,5승0무5패,2패,2035-01-29,2035-01-27
2022-09-16,5,128,62,65,1,0.488,20,4승0무6패,5패,28-0-36,2034-01-29
2022-09-16,6,125,57,65,3,0.467,22.5,8승0무2패,1패,2029-03-30,28-0-35
2022-09-16,7,131,57,70,4,0.449,25,4승0무6패,1패,25-3-41,2032-01-29
2022-09-16,8,128,56,70,2,0.444,25.5,6승0무4패,1패,26-2-35,30-0-35
2022-09-16,9,125,52,71,2,0.423,28,4승0무6패,1승,25-1-39,27-1-32
2022-09-16,10,128,42,84,2,0.333,39.5,5승0무5패,3승,26-0-37,16-2-47
2022-09-17,1,130,81,45,4,0.643,0,3승1무6패,1패,43-0-20,2038-04-25
2022-09-17,2,125,77,46,2,0.626,2.5,5승1무4패,2승,2035-01-26,2042-01-20
2022-09-17,3,133,75,56,2,0.573,8.5,6승0무4패,2승,2036-01-29,2039-01-27
2022-09-17,4,129,70,57,2,0.551,11.5,4승0무6패,3패,2035-01-30,2035-01-27
2022-09-17,5,129,62,66,1,0.484,20,4승0무6패,6패,28-0-36,2034-01-30
2022-09-17,6,126,57,66,3,0.463,22.5,7승0무3패,2패,2029-03-30,28-0-36
2022-09-17,7,132,58,70,4,0.453,24,4승0무6패,1승,25-3-41,2033-01-29
2022-09-17,8,129,57,70,2,0.449,24.5,6승0무4패,1승,27-2-35,30-0-35
2022-09-17,9,126,53,71,2,0.427,27,5승0무5패,2승,25-1-39,28-1-32
2022-09-17,10,129,42,85,2,0.331,39.5,5승0무5패,1패,26-0-37,16-2-48
2022-09-18,1,131,82,45,4,0.646,0,4승0무6패,1승,44-0-20,2038-04-25
2022-09-18,2,126,77,47,2,0.621,3.5,5승1무4패,1패,2035-01-27,2042-01-20
2022-09-18,3,134,75,57,2,0.568,9.5,6승0무4패,1패,2036-01-30,2039-01-27
2022-09-18,4,130,71,57,2,0.555,11.5,4승0무6패,1승,2036-01-30,2035-01-27
2022-09-18,5,130,62,67,1,0.481,21,3승0무7패,7패,28-0-36,2034-01-31
2022-09-18,6,127,58,66,3,0.468,22.5,7승0무3패,1승,2029-03-30,29-0-36
2022-09-18,7,130,58,70,2,0.453,24.5,6승0무4패,2승,28-2-35,30-0-35
2022-09-18,8,133,58,71,4,0.45,25,4승0무6패,1패,25-3-41,2033-01-30
2022-09-18,9,127,53,72,2,0.424,28,5승0무5패,1패,25-1-39,28-1-33
2022-09-18,10,130,43,85,2,0.336,39.5,6승0무4패,1승,26-0-37,17-2-48
2022-09-20,1,132,83,45,4,0.648,0,5승0무5패,2승,45-0-20,2038-04-25
2022-09-20,2,127,78,47,2,0.624,3.5,6승0무4패,1승,2035-01-27,2043-01-20
2022-09-20,3,135,75,58,2,0.564,10.5,5승0무5패,2패,2036-01-31,2039-01-27
2022-09-20,4,131,71,58,2,0.55,12.5,3승0무7패,1패,2036-01-30,2035-01-28
2022-09-20,5,131,62,68,1,0.477,22,2승0무8패,8패,28-0-37,2034-01-31
2022-09-20,6,128,58,67,3,0.464,23.5,6승0무4패,1패,2029-03-30,29-0-37
2022-09-20,7,131,59,70,2,0.457,24.5,7승0무3패,3승,28-2-35,31-0-35
2022-09-20,8,134,59,71,4,0.454,25,4승0무6패,1승,25-3-41,2034-01-30
2022-09-20,9,128,54,72,2,0.429,28,6승0무4패,1승,26-1-39,28-1-33
2022-09-20,10,131,43,86,2,0.333,40.5,5승0무5패,1패,26-0-38,17-2-48
2022-09-21,1,133,83,46,4,0.643,0,5승0무5패,1패,45-0-21,2038-04-25
2022-09-21,2,128,79,47,2,0.627,2.5,7승0무3패,2승,2035-01-27,2044-01-20
2022-09-21,3,136,76,58,2,0.567,9.5,6승0무4패,1승,2037-01-31,2039-01-27
2022-09-21,4,132,72,58,2,0.554,11.5,4승0무6패,1승,2036-01-30,2036-01-28
2022-09-21,5,132,62,69,1,0.473,22,1승0무9패,9패,28-0-38,2034-01-31
2022-09-21,6,129,59,67,3,0.468,22.5,6승0무4패,1승,2029-03-30,30-0-37
2022-09-21,7,135,60,71,4,0.458,24,5승0무5패,2승,25-3-41,2035-01-30
2022-09-21,8,132,59,71,2,0.454,24.5,6승0무4패,1패,28-2-35,31-0-36
2022-09-21,9,129,54,73,2,0.425,28,5승0무5패,1패,26-1-40,28-1-33
2022-09-21,10,132,43,87,2,0.331,40.5,5승0무5패,2패,26-0-39,17-2-48
2022-09-22,1,134,84,46,4,0.646,0,6승0무4패,1승,46-0-21,2038-04-25
2022-09-22,2,129,79,48,2,0.622,3.5,6승0무4패,1패,2035-01-28,2044-01-20
2022-09-22,3,137,76,59,2,0.563,10.5,6승0무4패,1패,37-1-32,2039-01-27
2022-09-22,4,133,73,58,2,0.557,11.5,5승0무5패,2승,2036-01-30,2037-01-28
2022-09-22,5,133,63,69,1,0.477,22,1승0무9패,1승,28-0-38,2035-01-31
2022-09-22,6,130,59,68,3,0.465,23.5,5승0무5패,1패,2029-03-31,30-0-37
2022-09-22,7,136,61,71,4,0.462,24,6승0무4패,3승,25-3-41,2036-01-30
2022-09-22,8,133,59,72,2,0.45,25.5,6승0무4패,2패,28-2-36,31-0-36
2022-09-22,9,130,55,73,2,0.43,28,6승0무4패,1승,26-1-40,29-1-33
2022-09-22,10,133,43,88,2,0.328,41.5,4승0무6패,3패,26-0-39,17-2-49
2022-09-23,1,135,85,46,4,0.649,0,6승0무4패,2승,47-0-21,2038-04-25
2022-09-23,2,130,80,48,2,0.625,3.5,6승0무4패,1승,2036-01-28,2044-01-20
2022-09-23,3,138,77,59,2,0.566,10.5,6승0무4패,1승,38-1-32,2039-01-27
2022-09-23,4,134,73,59,2,0.553,12.5,4승0무6패,1패,2036-01-30,2037-01-29
2022-09-23,5,134,63,70,1,0.474,23,1승0무9패,1패,28-0-38,35-1-32
2022-09-23,6,131,60,68,3,0.469,23.5,5승0무5패,1승,2030-03-31,30-0-37
2022-09-23,7,137,61,72,4,0.459,25,6승0무4패,1패,25-3-41,2036-01-31
2022-09-23,8,134,60,72,2,0.455,25.5,6승0무4패,1승,29-2-36,31-0-36
2022-09-23,9,131,55,74,2,0.426,29,5승0무5패,1패,26-1-40,29-1-34
2022-09-23,10,134,43,89,2,0.326,42.5,4승0무6패,4패,26-0-39,17-2-50
2022-09-24,1,136,86,46,4,0.652,0,7승0무3패,3승,48-0-21,2038-04-25
2022-09-24,2,131,80,49,2,0.62,4.5,6승0무4패,1패,2036-01-29,2044-01-20
2022-09-24,3,139,78,59,2,0.569,10.5,6승0무4패,2승,39-1-32,2039-01-27
2022-09-24,4,134,73,59,2,0.553,13,4승0무6패,1패,2036-01-30,2037-01-29
2022-09-24,5,135,64,70,1,0.478,23,2승0무8패,1승,28-0-38,36-1-32
2022-09-24,6,132,60,69,3,0.465,24.5,5승0무5패,1패,30-3-32,30-0-37
2022-09-24,7,138,61,73,4,0.455,26,5승0무5패,2패,25-3-41,36-1-32
2022-09-24,8,134,60,72,2,0.455,26,6승0무4패,1승,29-2-36,31-0-36
2022-09-24,9,132,55,75,2,0.423,30,5승0무5패,2패,26-1-40,29-1-35
2022-09-24,10,135,44,89,2,0.331,42.5,5승0무5패,1승,26-0-39,18-2-50
2022-09-25,1,137,86,47,4,0.647,0,6승0무4패,1패,48-0-22,2038-04-25
2022-09-25,2,132,81,49,2,0.623,3.5,6승0무4패,1승,2036-01-29,2045-01-20
2022-09-25,3,139,78,59,2,0.569,10,6승0무4패,2승,39-1-32,2039-01-27
2022-09-25,4,135,74,59,2,0.556,12,5승0무5패,1승,2036-01-30,2038-01-29
2022-09-25,5,136,65,70,1,0.481,22,3승0무7패,2승,28-0-38,37-1-32
2022-09-25,6,133,60,70,3,0.462,24.5,4승0무6패,2패,30-3-33,30-0-37
2022-09-25,7,138,61,73,4,0.455,25.5,5승0무5패,2패,25-3-41,36-1-32
2022-09-25,8,135,60,73,2,0.451,26,5승0무5패,1패,29-2-37,31-0-36
2022-09-25,9,133,56,75,2,0.427,29,5승0무5패,1승,27-1-40,29-1-35
2022-09-25,10,136,44,90,2,0.328,42.5,4승0무6패,1패,26-0-39,18-2-51
2022-09-27,1,137,86,47,4,0.647,0,6승0무4패,1패,48-0-22,2038-04-25
2022-09-27,2,133,82,49,2,0.626,3,7승0무3패,2승,2036-01-29,2046-01-20
2022-09-27,3,140,78,60,2,0.565,10.5,5승0무5패,1패,39-1-32,2039-01-28
2022-09-27,4,136,75,59,2,0.56,11.5,5승0무5패,2승,2037-01-30,2038-01-29
2022-09-27,5,136,65,70,1,0.481,22,3승0무7패,2승,28-0-38,37-1-32
2022-09-27,6,134,61,70,3,0.466,24,4승0무6패,1승,31-3-33,30-0-37
2022-09-27,7,138,61,73,4,0.455,25.5,5승0무5패,2패,25-3-41,36-1-32
2022-09-27,8,135,60,73,2,0.451,26,5승0무5패,1패,29-2-37,31-0-36
2022-09-27,9,134,56,76,2,0.424,29.5,5승0무5패,1패,27-1-40,29-1-36
2022-09-27,10,137,44,91,2,0.326,43,3승0무7패,2패,26-0-40,18-2-51
2022-09-28,1,137,86,47,4,0.647,0,6승0무4패,1패,48-0-22,2038-04-25
2022-09-28,2,134,83,49,2,0.629,2.5,7승0무3패,3승,2036-01-29,2047-01-20
2022-09-28,3,140,78,60,2,0.565,10.5,5승0무5패,1패,39-1-32,2039-01-28
2022-09-28,4,137,76,59,2,0.563,11,6승0무4패,3승,2038-01-30,2038-01-29
2022-09-28,5,136,65,70,1,0.481,22,3승0무7패,2승,28-0-38,37-1-32
2022-09-28,6,135,62,70,3,0.47,23.5,5승0무5패,2승,32-3-33,30-0-37
2022-09-28,7,138,61,73,4,0.455,25.5,5승0무5패,2패,25-3-41,36-1-32
2022-09-28,8,136,60,74,2,0.448,26.5,5승0무5패,2패,29-2-37,31-0-37
2022-09-28,9,135,56,77,2,0.421,30,4승0무6패,2패,27-1-40,29-1-37
2022-09-28,10,138,44,92,2,0.324,43.5,2승0무8패,3패,26-0-41,18-2-51
2022-09-29,1,138,86,48,4,0.642,0,6승0무4패,2패,48-0-23,2038-04-25
2022-09-29,2,135,83,50,2,0.624,2.5,6승0무4패,1패,2036-01-30,2047-01-20
2022-09-29,3,141,79,60,2,0.568,9.5,6승0무4패,1승,39-1-32,2040-01-28
2022-09-29,4,138,77,59,2,0.566,10,7승0무3패,4승,2038-01-30,2039-01-29
2022-09-29,5,137,66,70,1,0.485,21,4승0무6패,3승,29-0-38,37-1-32
2022-09-29,6,136,62,71,3,0.466,23.5,5승0무5패,1패,32-3-33,30-0-38
2022-09-29,7,137,61,74,2,0.452,25.5,5승0무5패,1승,30-2-37,31-0-37
2022-09-29,7,139,61,74,4,0.452,25.5,5승0무5패,3패,25-3-41,36-1-33
2022-09-29,9,136,57,77,2,0.425,29,4승0무6패,1승,27-1-40,30-1-37
2022-09-29,10,139,44,93,2,0.321,43.5,2승0무8패,4패,26-0-42,18-2-51
2022-09-30,1,139,87,48,4,0.644,0,6승0무4패,1승,49-0-23,2038-04-25
2022-09-30,2,136,84,50,2,0.627,2.5,7승0무3패,1승,2037-01-30,2047-01-20
2022-09-30,3,138,77,59,2,0.566,10.5,7승0무3패,4승,2038-01-30,2039-01-29
2022-09-30,4,142,79,61,2,0.564,10.5,5승0무5패,1패,39-1-32,2040-01-29
2022-09-30,5,137,66,70,1,0.485,21.5,4승0무6패,3승,29-0-38,37-1-32
2022-09-30,6,137,62,72,3,0.463,24.5,4승0무6패,2패,32-3-33,30-0-39
2022-09-30,7,138,62,74,2,0.456,25.5,6승0무4패,2승,31-2-37,31-0-37
2022-09-30,7,140,62,74,4,0.456,25.5,5승0무5패,1승,25-3-41,37-1-33
2022-09-30,9,137,57,78,2,0.422,30,4승0무6패,1패,27-1-40,30-1-38
2022-09-30,10,140,44,94,2,0.319,44.5,1승0무9패,5패,26-0-43,18-2-51
2022-10-01,1,140,88,48,4,0.647,0,7승0무3패,2승,49-0-23,2039-04-25
2022-10-01,2,137,84,51,2,0.622,3.5,6승0무4패,1패,2037-01-31,2047-01-20
2022-10-01,3,138,77,59,2,0.566,11,7승0무3패,4승,2038-01-30,2039-01-29
2022-10-01,4,142,79,61,2,0.564,11,5승0무5패,1패,39-1-32,2040-01-29
2022-10-01,5,138,66,71,1,0.482,22.5,4승0무6패,1패,29-0-39,37-1-32
2022-10-01,6,138,63,72,3,0.467,24.5,5승0무5패,1승,32-3-33,31-0-39
2022-10-01,7,139,63,74,2,0.46,25.5,6승0무4패,3승,32-2-37,31-0-37
2022-10-01,8,140,62,74,4,0.456,26,5승0무5패,1승,25-3-41,37-1-33
2022-10-01,9,138,57,79,2,0.419,31,3승0무7패,2패,27-1-40,30-1-39
2022-10-01,10,140,44,94,2,0.319,45,1승0무9패,5패,26-0-43,18-2-51
2022-10-02,1,140,88,48,4,0.647,0,7승0무3패,2승,49-0-23,2039-04-25
2022-10-02,2,138,84,52,2,0.618,4,5승0무5패,2패,37-1-32,2047-01-20
2022-10-02,3,138,77,59,2,0.566,11,7승0무3패,4승,2038-01-30,2039-01-29
2022-10-02,4,142,79,61,2,0.564,11,5승0무5패,1패,39-1-32,2040-01-29
2022-10-02,5,139,67,71,1,0.486,22,5승0무5패,1승,29-0-39,38-1-32
2022-10-02,6,139,64,72,3,0.471,24,5승0무5패,2승,32-3-33,32-0-39
2022-10-02,7,139,63,74,2,0.46,25.5,6승0무4패,3승,32-2-37,31-0-37
2022-10-02,7,141,63,74,4,0.46,25.5,6승0무4패,2승,26-3-41,37-1-33
2022-10-02,9,139,57,80,2,0.416,31.5,3승0무7패,3패,27-1-40,30-1-40
2022-10-02,10,141,44,95,2,0.317,45.5,1승0무9패,6패,26-0-44,18-2-51
2022-10-03,1,141,88,49,4,0.642,0,6승0무4패,1패,49-0-23,2039-04-26
2022-10-03,2,138,84,52,2,0.618,3.5,5승0무5패,2패,37-1-32,2047-01-20
2022-10-03,3,138,77,59,2,0.566,10.5,7승0무3패,4승,2038-01-30,2039-01-29
2022-10-03,4,142,79,61,2,0.564,10.5,5승0무5패,1패,39-1-32,2040-01-29
2022-10-03,5,139,67,71,1,0.486,21.5,5승0무5패,1승,29-0-39,38-1-32
2022-10-03,6,139,64,72,3,0.471,23.5,5승0무5패,2승,32-3-33,32-0-39
2022-10-03,7,139,63,74,2,0.46,25,6승0무4패,3승,32-2-37,31-0-37
2022-10-03,8,142,63,75,4,0.457,25.5,5승0무5패,1패,26-3-42,37-1-33
2022-10-03,9,140,58,80,2,0.42,30.5,3승0무7패,1승,27-1-40,31-1-40
2022-10-03,10,142,45,95,2,0.321,44.5,2승0무8패,1승,27-0-44,18-2-51
2022-10-04,1,141,88,49,4,0.642,0,6승0무4패,1패,49-0-23,2039-04-26
2022-10-04,2,139,84,53,2,0.613,4,5승0무5패,3패,37-1-33,2047-01-20
2022-10-04,3,139,78,59,2,0.569,10,8승0무2패,5승,2039-01-30,2039-01-29
2022-10-04,4,142,79,61,2,0.564,10.5,5승0무5패,1패,39-1-32,2040-01-29
2022-10-04,5,140,68,71,1,0.489,21,6승0무4패,2승,29-0-39,39-1-32
2022-10-04,6,139,64,72,3,0.471,23.5,5승0무5패,2승,32-3-33,32-0-39
2022-10-04,7,140,63,75,2,0.457,25.5,5승0무5패,1패,32-2-37,31-0-38
2022-10-04,7,142,63,75,4,0.457,25.5,5승0무5패,1패,26-3-42,37-1-33
2022-10-04,9,140,58,80,2,0.42,30.5,3승0무7패,1승,27-1-40,31-1-40
2022-10-04,10,142,45,95,2,0.321,44.5,2승0무8패,1승,27-0-44,18-2-51
2022-10-05,1,142,88,50,4,0.638,0,5승0무5패,2패,49-0-23,2039-04-27
2022-10-05,2,140,85,53,2,0.616,3,5승0무5패,1승,37-1-33,2048-01-20
2022-10-05,3,140,78,60,2,0.565,10,7승0무3패,1패,2039-01-31,2039-01-29
2022-10-05,4,142,79,61,2,0.564,10,5승0무5패,1패,39-1-32,2040-01-29
2022-10-05,5,141,68,72,1,0.486,21,6승0무4패,1패,29-0-40,39-1-32
2022-10-05,6,140,65,72,3,0.474,22.5,6승0무4패,3승,33-3-33,32-0-39
2022-10-05,7,141,64,75,2,0.46,24.5,5승0무5패,1승,32-2-37,32-0-38
2022-10-05,8,143,63,76,4,0.453,25.5,5승0무5패,2패,26-3-42,37-1-34
2022-10-05,9,141,59,80,2,0.424,29.5,4승0무6패,2승,28-1-40,31-1-40
2022-10-05,10,142,45,95,2,0.321,44,2승0무8패,1승,27-0-44,18-2-51
2022-10-06,1,143,88,51,4,0.633,0,5승0무5패,3패,49-0-23,2039-04-28
2022-10-06,2,141,85,54,2,0.612,3,5승0무5패,1패,37-1-33,2048-01-21
2022-10-06,3,140,78,60,2,0.565,9.5,7승0무3패,1패,2039-01-31,2039-01-29
2022-10-06,4,143,79,62,2,0.56,10,4승0무6패,2패,39-1-32,2040-01-30
2022-10-06,5,142,69,72,1,0.489,20,7승0무3패,1승,30-0-40,39-1-32
2022-10-06,6,141,66,72,3,0.478,21.5,6승0무4패,4승,34-3-33,32-0-39
2022-10-06,7,142,64,76,2,0.457,24.5,5승0무5패,1패,32-2-37,32-0-39
2022-10-06,8,143,63,76,4,0.453,25,5승0무5패,2패,26-3-42,37-1-34
2022-10-06,9,142,60,80,2,0.429,28.5,5승0무5패,3승,29-1-40,31-1-40
2022-10-06,10,143,46,95,2,0.326,43,3승0무7패,2승,28-0-44,18-2-51
2022-10-07,1,143,88,51,4,0.633,0,5승0무5패,3패,49-0-23,2039-04-28
2022-10-07,2,142,86,54,2,0.614,2.5,5승0무5패,1승,37-1-33,2049-01-21
2022-10-07,3,141,78,61,2,0.561,10,7승0무3패,2패,2039-01-31,2039-01-30
2022-10-07,4,143,79,62,2,0.56,10,4승0무6패,2패,39-1-32,2040-01-30
2022-10-07,5,143,70,72,1,0.493,19.5,7승0무3패,2승,31-0-40,39-1-32
2022-10-07,6,142,66,73,3,0.475,22,6승0무4패,1패,34-3-34,32-0-39
2022-10-07,7,143,65,76,2,0.461,24,6승0무4패,1승,32-2-37,33-0-39
2022-10-07,8,143,63,76,4,0.453,25,5승0무5패,2패,26-3-42,37-1-34
2022-10-07,9,143,60,81,2,0.426,29,4승0무6패,1패,29-1-41,31-1-40
2022-10-07,10,143,46,95,2,0.326,43,3승0무7패,2승,28-0-44,18-2-51
2022-10-08,1,144,88,52,4,0.629,0,4승0무6패,4패,49-0-23,2039-04-29
2022-10-08,2,143,86,55,2,0.61,2.5,4승0무6패,1패,37-1-33,2049-01-22
2022-10-08,3,142,79,61,2,0.564,9,7승0무3패,1승,2039-01-31,2040-01-30
2022-10-08,4,144,80,62,2,0.563,9,5승0무5패,1승,39-1-32,2041-01-30
2022-10-08,5,144,70,73,1,0.49,19.5,7승0무3패,1패,31-0-41,39-1-32
2022-10-08,6,143,67,73,3,0.479,21,7승0무3패,1승,35-3-34,32-0-39
2022-10-08,7,144,66,76,2,0.465,23,6승0무4패,2승,33-2-37,33-0-39
2022-10-08,8,144,64,76,4,0.457,24,5승0무5패,1승,27-3-42,37-1-34
2022-10-08,9,144,60,82,2,0.423,29,4승0무6패,2패,29-1-42,31-1-40
2022-10-08,10,144,46,96,2,0.324,43,3승0무7패,1패,28-0-44,18-2-52
2022-10-10,1,144,88,52,4,0.629,0,4승0무6패,4패,49-0-23,2039-04-29
2022-10-10,2,143,86,55,2,0.61,2.5,4승0무6패,1패,37-1-33,2049-01-22
2022-10-10,3,143,80,61,2,0.567,8.5,7승0무3패,2승,2040-01-31,2040-01-30
2022-10-10,4,144,80,62,2,0.563,9,5승0무5패,1승,39-1-32,2041-01-30
2022-10-10,5,144,70,73,1,0.49,19.5,7승0무3패,1패,31-0-41,39-1-32
2022-10-10,6,144,67,74,3,0.475,21.5,6승0무4패,1패,35-3-34,32-0-40
2022-10-10,7,144,66,76,2,0.465,23,6승0무4패,2승,33-2-37,33-0-39
2022-10-10,8,144,64,76,4,0.457,24,5승0무5패,1승,27-3-42,37-1-34
2022-10-10,9,144,60,82,2,0.423,29,4승0무6패,2패,29-1-42,31-1-40
2022-10-10,10,144,46,96,2,0.324,43,3승0무7패,1패,28-0-44,18-2-52
2022-10-11,1,144,88,52,4,0.629,0,4승0무6패,4패,49-0-23,2039-04-29
2022-10-11,2,144,80,62,2,0.563,9,5승0무5패,1승,39-1-32,2041-01-30
2022-10-11,3,144,87,55,2,0.613,2,4승0무6패,1승,38-1-33,2049-01-22
2022-10-11,4,144,80,62,2,0.563,9,7승0무3패,1패,2040-01-31,2040-01-31
2022-10-11,5,144,70,73,1,0.49,19.5,7승0무3패,1패,31-0-41,39-1-32
2022-10-11,6,144,67,74,3,0.475,21.5,6승0무4패,1패,35-3-34,32-0-40
2022-10-11,7,144,66,76,2,0.465,23,6승0무4패,2승,33-2-37,33-0-39
2022-10-11,8,144,64,76,4,0.457,24,5승0무5패,1승,27-3-42,37-1-34
2022-10-11,9,144,60,82,2,0.423,29,4승0무6패,2패,29-1-42,31-1-40
2022-10-11,10,144,46,96,2,0.324,43,3승0무7패,1패,28-0-44,18-2-52
