player_id,name,team,start_date,end_date
55460,가라비토,삼성,2025-01-01,2025-12-31
52125,가르시아,LG,2022-01-01,2022-12-31
51833,가빌리오,SSG,2021-01-01,2021-12-31
55532,감보아,롯데,2025-01-01,2025-12-31
53006,강건,KT,2023-01-01,2025-12-31
61700,강경학,한화,2021-01-01,2021-07-02
61700,강경학,KIA,2021-07-03,2021-12-31
61295,강동연,NC,2021-01-01,2022-12-31
67591,강동호,롯데,2021-01-01,2021-12-31
65515,강로한,롯데,2021-01-01,2022-12-31
64906,강민국,KT,2021-01-01,2021-12-31
64906,강민국,키움,2022-01-01,2022-12-31
69064,강민성,KT,2023-01-01,2025-12-31
74540,강민호,삼성,2021-01-01,2025-12-31
68050,강백호,KT,2021-01-01,2025-12-31
66710,강상원,한화,2021-01-01,2022-12-31
54567,강성우,롯데,2024-01-01,2025-12-31
54506,강승구,롯데,2024-01-01,2025-12-31
63123,강승호,두산,2021-01-01,2025-12-31
79358,강윤구,NC,2021-01-01,2022-07-21
79358,강윤구,롯데,2022-07-22,2022-12-31
50705,강재민,한화,2021-01-01,2023-12-31
50705,강재민,한화,2025-01-01,2025-12-31
53460,강준서,삼성,2023-01-01,2023-12-31
79130,강지광,SSG,2021-01-01,2021-12-31
62925,강진성,NC,2021-01-01,2021-12-31
62925,강진성,두산,2022-01-01,2023-05-24
62925,강진성,SSG,2023-05-25,2024-12-31
62925,강진성,키움,2025-01-01,2025-12-31
50905,강태경,NC,2021-01-01,2021-12-31
65514,강태율,롯데,2021-01-01,2022-12-31
65514,강태율,롯데,2024-01-01,2024-12-31
64610,강한울,삼성,2021-01-01,2024-12-31
51269,강현구,두산,2022-01-01,2022-12-31
51269,강현구,두산,2025-01-01,2025-12-31
50066,강현우,KT,2023-01-01,2025-12-31
51143,강효종,LG,2022-01-01,2024-12-31
68069,고명성,KT,2021-01-01,2022-12-31
51868,고명준,SSG,2021-01-01,2021-12-31
51868,고명준,SSG,2023-01-01,2025-12-31
66201,고봉재,두산,2021-01-01,2021-12-31
66201,고봉재,두산,2023-01-01,2023-12-31
69517,고승민,롯데,2022-01-01,2025-12-31
54908,고승완,NC,2025-01-01,2025-12-31
54344,고영우,키움,2024-01-01,2025-12-31
63628,고영창,KIA,2021-01-01,2022-12-31
64001,고영표,KT,2021-01-01,2025-12-31
67119,고우석,LG,2021-01-01,2023-12-31
61353,고종욱,SSG,2021-01-01,2021-12-31
61353,고종욱,KIA,2022-01-01,2025-12-31
72523,고효준,LG,2021-01-01,2021-12-31
72523,고효준,SSG,2022-01-01,2024-12-31
72523,고효준,두산,2025-01-01,2025-12-31
68407,공민규,삼성,2022-01-01,2024-12-31
53609,곽도규,KIA,2023-01-01,2025-12-31
68220,곽빈,두산,2021-01-01,2025-12-31
53506,구드럼,롯데,2023-01-01,2023-12-31
69100,구본혁,LG,2021-01-01,2021-12-31
69100,구본혁,LG,2024-01-01,2025-12-31
63543,구승민,롯데,2021-01-01,2025-12-31
62404,구자욱,삼성,2021-01-01,2025-12-31
64498,구준범,삼성,2021-01-01,2021-12-31
65933,구창모,NC,2022-01-01,2023-12-31
65933,구창모,NC,2025-01-01,2025-12-31
79290,국해성,두산,2021-01-01,2021-12-31
79290,국해성,롯데,2023-01-01,2023-12-31
52769,권광민,한화,2022-01-01,2025-12-31
51640,권다결,KIA,2021-01-01,2022-12-31
51003,권동진,KT,2021-01-01,2022-12-31
51003,권동진,KT,2024-01-01,2025-12-31
55764,권민규,한화,2025-01-01,2025-12-31
68204,권민석,두산,2021-01-01,2023-12-31
65412,권정웅,삼성,2021-01-01,2021-12-31
55371,권혁빈,키움,2025-01-01,2025-12-31
50203,권휘,두산,2021-01-01,2022-12-31
50203,권휘,두산,2024-01-01,2024-12-31
63963,권희동,NC,2021-01-01,2025-12-31
77263,김강률,두산,2021-01-01,2024-12-31
77263,김강률,LG,2025-01-01,2025-12-31
71837,김강민,SSG,2021-01-01,2023-12-31
71837,김강민,한화,2024-01-01,2024-12-31
71837,김강민,SSG,2025-01-01,2025-12-31
65522,김강현,롯데,2023-01-01,2025-12-31
69702,김건,한화,2021-01-01,2021-12-31
69702,김건,한화,2023-01-01,2023-12-31
76225,김건국,롯데,2021-01-01,2021-12-31
76225,김건국,KIA,2023-01-01,2025-12-31
51867,김건우,SSG,2021-01-01,2022-12-31
51867,김건우,SSG,2025-01-01,2025-12-31
53844,김건웅,SSG,2023-01-01,2023-12-31
60339,김건태,NC,2021-01-01,2021-12-31
51005,김건형,KT,2021-01-01,2021-12-31
51005,김건형,KT,2024-01-01,2025-12-31
53312,김건희,키움,2023-01-01,2025-12-31
77829,김광현,SSG,2022-01-01,2025-12-31
69810,김규남,SSG,2021-01-01,2022-12-31
66614,김규성,KIA,2021-01-01,2025-12-31
51713,김규연,한화,2022-01-01,2024-12-31
66112,김기연,LG,2022-01-01,2023-12-31
66112,김기연,두산,2024-01-01,2025-12-31
51715,김기중,한화,2021-01-01,2025-12-31
67711,김기탁,한화,2021-01-01,2021-12-31
65462,김기환,NC,2021-01-01,2022-12-31
69620,김기훈,KIA,2022-01-01,2025-12-31
52995,김녹원,NC,2025-01-01,2025-12-31
78536,김대우,롯데,2021-01-01,2022-12-31
61365,김대우,삼성,2021-01-01,2025-12-31
54164,김대원,LG,2024-01-01,2024-12-31
60337,김대유,LG,2021-01-01,2022-12-31
60337,김대유,KIA,2023-01-01,2025-12-31
69238,김대한,두산,2022-01-01,2025-12-31
66145,김대현,LG,2021-01-01,2021-12-31
66145,김대현,LG,2023-01-01,2024-12-31
54401,김대호,삼성,2024-01-01,2025-12-31
68585,김도규,롯데,2021-01-01,2024-12-31
54705,김도빈,한화,2024-01-01,2024-12-31
52605,김도영,KIA,2022-01-01,2025-12-31
51294,김도윤,두산,2021-01-01,2021-12-31
51294,김도윤,두산,2024-01-01,2024-12-31
69745,김도현,한화,2021-01-01,2022-04-22
69745,김도현,KIA,2022-04-23,2022-12-31
69745,김도현,KIA,2024-01-01,2025-12-31
69442,김도환,삼성,2021-01-01,2021-12-31
69442,김도환,삼성,2023-01-01,2025-12-31
53164,김동규,LG,2023-01-01,2025-07-28
53164,김동규,키움,2023-07-29,2025-12-31
66838,김동엽,삼성,2021-01-01,2024-12-31
66838,김동엽,키움,2025-01-01,2025-12-31
68589,김동우,롯데,2021-01-01,2021-12-31
50393,김동욱,키움,2021-01-01,2021-12-31
50393,김동욱,키움,2024-01-01,2024-12-31
51230,김동주,두산,2022-01-01,2024-12-31
52267,김동준,두산,2025-01-01,2025-12-31
51403,김동진,삼성,2022-01-01,2024-12-31
53344,김동헌,키움,2023-01-01,2025-12-31
50360,김동혁,키움,2021-01-01,2024-12-31
52504,김동혁,롯데,2023-01-01,2025-12-31
55040,김동현,KT,2025-01-01,2025-12-31
54614,김두현,KIA,2024-01-01,2024-12-31
67246,김명신,두산,2021-01-01,2025-12-31
68403,김무신,삼성,2021-01-01,2022-12-31
68403,김무신,삼성,2024-01-01,2024-12-31
68043,김민,KT,2022-01-01,2024-12-31
68043,김민,SSG,2025-01-01,2025-12-31
54913,김민규,NC,2024-01-01,2025-12-31
68200,김민규,두산,2021-01-01,2021-12-31
68200,김민규,두산,2023-01-01,2025-12-31
50573,김민기,롯데,2022-01-01,2022-12-31
54097,김민석,KT,2025-01-01,2025-12-31
53554,김민석,롯데,2023-01-01,2024-12-31
53554,김민석,두산,2025-01-01,2025-12-31
77564,김민성,LG,2021-01-01,2023-12-31
77564,김민성,롯데,2024-01-01,2025-12-31
65048,김민수,KT,2021-01-01,2025-12-31
67504,김민수,롯데,2021-01-01,2023-12-31
67504,김민수,LG,2024-01-01,2025-12-31
64793,김민수,삼성,2021-01-01,2021-12-31
64793,김민수,삼성,2023-01-01,2024-12-31
69500,김민수,롯데,2022-01-01,2022-12-31
62864,김민식,KIA,2021-01-01,2022-04-22
62864,김민식,SSG,2022-04-23,2024-12-31
65764,김민우,한화,2021-01-01,2024-12-31
54608,김민재,KIA,2024-01-01,2025-12-31
54645,김민주,KIA,2024-01-01,2025-12-31
61554,김민하,한화,2021-01-01,2021-12-31
64004,김민혁,KT,2021-01-01,2025-12-31
65269,김민혁,두산,2021-01-01,2025-12-31
53144,김범석,LG,2023-01-01,2024-12-31
65769,김범수,한화,2021-01-01,2025-12-31
69980,김범준,NC,2024-01-01,2025-12-31
52002,김병준,KT,2023-01-01,2025-12-31
50304,김병휘,키움,2021-01-01,2021-12-31
50304,김병휘,키움,2023-01-01,2025-12-31
64014,김병희,KT,2021-01-01,2023-12-31
63894,김사윤,SSG,2021-01-01,2022-05-08
63894,김사윤,KIA,2022-05-09,2022-12-31
63894,김사윤,KIA,2024-01-01,2024-12-31
52402,김상민,삼성,2023-01-01,2023-12-31
79402,김상수,삼성,2021-01-01,2022-12-31
79402,김상수,KT,2023-01-01,2025-12-31
76430,김상수,SSG,2021-01-01,2022-12-31
76430,김상수,롯데,2023-01-01,2025-12-31
55359,김서준,키움,2025-01-01,2025-12-31
52460,김서준,삼성,2022-01-01,2023-12-31
53754,김서현,한화,2023-01-01,2025-12-31
67610,김석환,KIA,2021-01-01,2023-12-31
67610,김석환,KIA,2025-01-01,2025-12-31
66018,김선기,키움,2021-01-01,2025-12-31
78603,김선빈,KIA,2021-01-01,2025-12-31
51604,김선우,KIA,2022-01-01,2023-12-31
50848,김성민,SSG,2025-01-01,2025-12-31
67828,김성민,키움,2021-01-01,2021-12-31
67828,김성민,키움,2024-01-01,2025-12-31
52105,김성우,LG,2024-01-01,2025-12-31
62934,김성욱,NC,2023-01-01,2025-06-06
62934,김성욱,SSG,2025-06-07,2025-12-31
67449,김성윤,삼성,2021-01-01,2025-12-31
55216,김성재,두산,2025-01-01,2025-12-31
51301,김성진,키움,2021-01-01,2023-12-31
69105,김성진,LG,2024-01-01,2024-12-31
63435,김성표,삼성,2021-01-01,2022-12-31
76802,김성현,SSG,2021-01-01,2025-12-31
52514,김세민,롯데,2022-01-01,2022-12-31
76350,김세현,SSG,2021-01-01,2021-12-31
54905,김세훈,NC,2024-01-01,2024-12-31
67900,김수윤,NC,2021-01-01,2024-12-31
67900,김수윤,SSG,2025-01-01,2025-12-31
50115,김수인,LG,2024-01-01,2024-12-31
68346,김수환,키움,2021-01-01,2024-12-31
50711,김승일,한화,2024-01-01,2025-12-31
66492,김승현,삼성,2022-01-01,2022-12-31
66492,김승현,KIA,2023-01-01,2024-12-31
51303,김시앙,키움,2022-01-01,2024-12-31
67467,김시현,삼성,2023-01-01,2023-12-31
68928,김시훈,NC,2022-01-01,2025-07-27
68928,김시훈,KIA,2025-07-28,2025-12-31
54368,김연주,키움,2024-01-01,2025-12-31
68900,김영규,NC,2021-01-01,2025-12-31
55167,김영우,LG,2025-01-01,2025-12-31
52430,김영웅,삼성,2022-01-01,2025-12-31
68130,김영준,LG,2022-01-01,2024-12-31
51097,김영현,KT,2023-01-01,2024-12-31
78217,김용의,LG,2021-01-01,2021-12-31
65898,김웅빈,키움,2021-01-01,2025-12-31
62528,김원중,롯데,2021-01-01,2025-12-31
53262,김유성,두산,2023-01-01,2025-12-31
68659,김유신,KIA,2021-01-01,2023-12-31
64596,김유영,롯데,2021-01-01,2022-12-31
64596,김유영,LG,2024-01-01,2025-12-31
50157,김윤식,LG,2021-01-01,2024-12-31
54319,김윤하,키움,2024-01-01,2025-12-31
65304,김은성,키움,2021-01-01,2021-12-31
60288,김응민,삼성,2021-01-01,2021-12-31
60288,김응민,NC,2022-01-01,2022-12-31
69367,김인범,키움,2021-01-01,2021-12-31
69367,김인범,키움,2024-01-01,2024-12-31
63257,김인태,두산,2021-01-01,2025-12-31
66715,김인환,한화,2022-01-01,2025-12-31
53400,김재상,삼성,2023-01-01,2024-12-31
65132,김재성,LG,2021-01-01,2021-12-31
65132,김재성,삼성,2022-01-01,2025-12-31
64580,김재열,KIA,2021-01-01,2023-12-31
64580,김재열,NC,2024-01-01,2025-12-31
66741,김재영,한화,2022-01-01,2023-12-31
67391,김재웅,키움,2021-01-01,2024-12-31
55043,김재원,KT,2025-01-01,2025-12-31
65506,김재유,롯데,2021-01-01,2022-12-31
65062,김재윤,KT,2021-01-01,2023-12-31
65062,김재윤,삼성,2024-01-01,2025-12-31
52424,김재혁,삼성,2022-01-01,2022-12-31
52424,김재혁,삼성,2024-01-01,2025-12-31
62332,김재현,키움,2021-01-01,2025-12-31
64499,김재현,SSG,2022-01-01,2022-12-31
74206,김재호,두산,2021-01-01,2025-12-31
78224,김재환,두산,2021-01-01,2025-12-31
53865,김정민,SSG,2023-01-01,2023-12-31
55646,김정엽,KIA,2025-01-01,2025-12-31
68830,김정우,SSG,2023-01-01,2023-05-24
68830,김정우,두산,2023-05-25,2025-12-31
53029,김정운,KT,2023-01-01,2023-12-31
65392,김정인,키움,2021-01-01,2021-12-31
51903,김정호,NC,2025-01-01,2025-12-31
63765,김종수,한화,2021-01-01,2022-12-31
63765,김종수,한화,2025-01-01,2025-12-31
55122,김종운,LG,2025-01-01,2025-12-31
66162,김주성,LG,2021-01-01,2021-12-31
66162,김주성,LG,2023-01-01,2025-12-31
65411,김주온,SSG,2021-01-01,2023-12-31
65411,김주온,LG,2024-01-01,2025-12-31
52140,김주완,LG,2022-01-01,2022-12-31
51907,김주원,NC,2021-01-01,2025-12-31
66859,김주한,SSG,2023-01-01,2023-12-31
66749,김주현,롯데,2021-01-01,2021-12-31
69306,김주형,키움,2021-01-01,2024-12-31
55226,김준상,두산,2025-01-01,2025-12-31
63920,김준완,NC,2021-01-01,2021-12-31
63920,김준완,키움,2022-01-01,2023-12-31
62558,김준태,롯데,2021-01-01,2021-07-30
62558,김준태,KT,2021-07-31,2025-06-24
62558,김준태,LG,2025-06-25,2025-12-31
51393,김준형,키움,2021-01-01,2023-12-31
65503,김지수,한화,2021-01-01,2021-12-31
60181,김지용,LG,2021-01-01,2021-12-31
60181,김지용,두산,2022-01-01,2022-12-31
50458,김지찬,삼성,2021-01-01,2025-12-31
75867,김진성,NC,2021-01-01,2021-12-31
75867,김진성,LG,2022-01-01,2025-12-31
51154,김진수,LG,2021-01-01,2021-12-31
51154,김진수,LG,2024-01-01,2025-12-31
67737,김진영,한화,2021-01-01,2021-12-31
51516,김진욱,롯데,2021-01-01,2025-12-31
67954,김진호,NC,2021-01-01,2025-12-31
66917,김찬형,NC,2021-01-01,2021-05-20
66917,김찬형,SSG,2021-05-21,2025-12-31
69825,김창평,SSG,2021-01-01,2021-12-31
69825,김창평,SSG,2024-01-01,2025-12-31
51586,김창훈,롯데,2021-01-01,2023-12-31
50992,김태경,NC,2021-01-01,2022-12-31
50992,김태경,NC,2025-01-01,2025-12-31
78122,김태군,NC,2021-01-01,2021-12-31
78122,김태군,삼성,2022-01-01,2023-07-04
78122,김태군,KIA,2023-07-05,2025-12-31
71752,김태균,한화,2021-01-01,2021-12-31
69207,김태근,두산,2022-01-01,2024-12-31
69207,김태근,삼성,2025-01-01,2025-12-31
66704,김태연,한화,2021-01-01,2025-12-31
66064,김태오,KT,2022-01-01,2023-12-31
67768,김태욱,롯데,2023-01-01,2023-12-31
52803,김태윤,SSG,2025-01-01,2025-12-31
64984,김태진,KIA,2021-01-01,2022-04-24
64984,김태진,키움,2022-04-25,2025-12-31
55566,김태현,롯데,2025-01-01,2025-12-31
67956,김태현,NC,2021-01-01,2021-12-31
67956,김태현,NC,2023-01-01,2025-12-31
55610,김태형,KIA,2025-01-01,2025-12-31
67122,김태형,LG,2021-01-01,2021-12-31
62360,김태훈,키움,2021-01-01,2023-04-26
62360,김태훈,삼성,2023-04-27,2025-12-31
79847,김태훈,SSG,2021-01-01,2022-12-31
55995,김태훈,NC,2025-01-01,2025-12-31
65040,김태훈,KT,2021-01-01,2022-12-31
65040,김태훈,삼성,2023-01-01,2025-12-31
54263,김택연,두산,2024-01-01,2025-12-31
65343,김택형,SSG,2021-01-01,2022-12-31
65343,김택형,SSG,2024-01-01,2025-12-31
50902,김한별,NC,2022-01-01,2025-12-31
55221,김한중,두산,2025-01-01,2025-12-31
61404,김헌곤,삼성,2021-01-01,2025-12-31
69516,김현수,KIA,2021-01-01,2022-12-31
69516,김현수,KIA,2024-01-01,2025-12-31
76290,김현수,LG,2021-01-01,2025-12-31
54166,김현종,LG,2024-01-01,2025-12-31
51417,김현준,삼성,2021-01-01,2024-12-31
66630,김현준,KIA,2021-01-01,2022-12-31
68912,김형준,NC,2023-01-01,2025-12-31
67304,김혜성,키움,2021-01-01,2024-12-31
65653,김호령,KIA,2021-01-01,2025-12-31
66113,김호은,LG,2021-01-01,2022-12-31
64407,김호재,삼성,2021-01-01,2023-12-31
68269,김호준,두산,2023-01-01,2025-12-31
54460,김호진,삼성,2024-01-01,2025-12-31
51344,김휘집,키움,2021-01-01,2024-05-29
51344,김휘집,NC,2024-05-30,2025-12-31
67539,나균안,롯데,2021-01-01,2025-12-31
62947,나성범,NC,2021-01-01,2021-12-31
62947,나성범,KIA,2022-01-01,2025-12-31
51551,나승엽,롯데,2021-01-01,2021-12-31
51551,나승엽,롯데,2024-01-01,2025-12-31
67454,나원탁,롯데,2021-01-01,2023-12-31
73209,나주환,KIA,2021-01-01,2021-12-31
78629,나지완,KIA,2021-01-01,2022-12-31
50720,남지민,한화,2021-01-01,2024-12-31
66052,남태혁,SSG,2021-01-01,2021-12-31
66660,남하준,KIA,2021-01-01,2022-12-31
69104,남호,두산,2021-01-01,2021-12-31
54640,네일,KIA,2024-01-01,2025-12-31
62920,노건우,삼성,2021-01-01,2023-12-31
73211,노경은,롯데,2021-01-01,2021-12-31
73211,노경은,SSG,2022-01-01,2025-12-31
52833,노바,SSG,2022-01-01,2022-12-31
63704,노수광,한화,2021-01-01,2023-12-31
69737,노시환,한화,2021-01-01,2025-12-31
69996,노시훈,NC,2021-01-01,2021-12-31
52394,노운현,키움,2022-01-01,2022-12-31
62931,노진혁,NC,2021-01-01,2022-12-31
62931,노진혁,롯데,2023-01-01,2025-12-31
64704,노태형,한화,2021-01-01,2021-12-31
52637,놀린,KIA,2022-01-01,2022-12-31
51636,다카하시,KIA,2021-01-01,2021-12-31
54804,더거,SSG,2024-01-01,2024-12-31
52950,더모디,NC,2022-01-01,2022-12-31
50040,데스파이네,KT,2021-01-01,2022-12-31
55536,데이비슨,롯데,2025-01-01,2025-12-31
54944,데이비슨,NC,2024-01-01,2025-12-31
53327,도슨,키움,2023-01-01,2024-12-31
66965,도태훈,NC,2021-01-01,2025-12-31
54400,디아즈,삼성,2024-01-01,2025-12-31
53233,딜런,두산,2023-01-01,2023-12-31
52806,라가레스,SSG,2022-01-01,2022-12-31
50165,라모스,LG,2021-01-01,2021-12-31
52025,라모스,KT,2022-01-01,2022-12-31
52025,라모스,두산,2024-01-01,2024-12-31
52707,라미레즈,한화,2022-01-01,2022-12-31
54666,라우어,KIA,2024-01-01,2024-12-31
69439,라이블리,삼성,2021-01-01,2021-12-31
55903,라일리,NC,2025-01-01,2025-12-31
50350,러셀,키움,2023-01-01,2023-12-31
54443,레예스,삼성,2024-01-01,2025-12-31
54529,레이예스,롯데,2024-01-01,2025-12-31
52547,렉스,롯데,2022-01-01,2023-12-31
55912,로건,NC,2025-01-01,2025-12-31
52645,로니,KIA,2022-01-01,2022-12-31
67872,로맥,SSG,2021-01-01,2021-12-31
55322,로젠버그,키움,2025-01-01,2025-12-31
51234,로켓,두산,2021-01-01,2021-12-31
67025,로하스,KT,2024-01-01,2025-12-31
53211,로하스,두산,2023-01-01,2023-12-31
52112,루이즈,LG,2022-01-01,2022-12-31
69940,루친스키,NC,2021-01-01,2022-12-31
53404,류승민,삼성,2023-01-01,2024-12-31
66615,류승현,KIA,2022-01-01,2022-12-31
63103,류원석,LG,2021-01-01,2021-12-31
63103,류원석,한화,2023-01-01,2023-12-31
62234,류지혁,KIA,2021-01-01,2023-07-04
62234,류지혁,삼성,2023-07-05,2025-12-31
65949,류진욱,NC,2021-01-01,2025-12-31
53036,류현인,KT,2023-01-01,2023-12-31
54219,류현준,두산,2024-01-01,2025-12-31
76715,류현진,한화,2024-01-01,2025-12-31
50868,류효승,SSG,2023-01-01,2025-12-31
64029,류희운,KT,2022-01-01,2022-06-20
64029,류희운,한화,2022-06-21,2023-12-31
51834,르위키,SSG,2021-01-01,2021-12-31
55703,리베라토,한화,2025-01-01,2025-12-31
50506,마차도,롯데,2021-01-01,2021-12-31
52904,마티니,NC,2022-01-01,2022-12-31
53955,마틴,NC,2023-01-01,2023-12-31
55844,맥브룸,SSG,2025-01-01,2025-12-31
53833,맥카티,SSG,2023-01-01,2023-12-31
54424,맥키넌,삼성,2024-01-01,2024-12-31
53322,맥키니,키움,2023-01-01,2023-12-31
53645,메디나,KIA,2023-01-01,2023-12-31
55342,메르세데스,키움,2025-01-01,2025-12-31
51619,멩덴,KIA,2021-01-01,2021-12-31
52808,모리만도,SSG,2022-01-01,2022-12-31
78813,모창민,NC,2021-01-01,2021-12-31
53973,목지훈,NC,2024-01-01,2025-12-31
51439,몽고메리,삼성,2021-01-01,2021-12-31
65643,문경찬,NC,2021-01-01,2021-12-31
65643,문경찬,롯데,2022-01-01,2023-12-31
64554,문동욱,한화,2021-01-01,2021-12-31
52701,문동주,한화,2022-01-01,2025-12-31
69102,문보경,LG,2021-01-01,2025-12-31
67063,문상인,KT,2022-01-01,2023-12-31
50007,문상준,KT,2022-01-01,2023-12-31
64007,문상철,KT,2021-01-01,2025-12-31
68119,문성주,LG,2021-01-01,2025-12-31
60336,문성현,키움,2021-01-01,2024-12-31
62869,문승원,SSG,2021-01-01,2025-12-31
67419,문용익,삼성,2021-01-01,2023-12-31
67419,문용익,KT,2024-01-01,2025-12-31
67259,문원,두산,2021-01-01,2021-12-31
52121,문정빈,LG,2025-01-01,2025-12-31
50365,문찬종,키움,2021-01-01,2021-12-31
53764,문현빈,한화,2023-01-01,2025-12-31
51257,미란다,두산,2021-01-01,2022-12-31
76249,민병헌,롯데,2021-01-01,2021-12-31
54720,바리아,한화,2024-01-01,2024-12-31
51645,박건우,KIA,2021-01-01,2021-12-31
55509,박건우,롯데,2025-01-01,2025-12-31
55046,박건우,KT,2025-01-01,2025-12-31
79215,박건우,두산,2021-01-01,2021-12-31
79215,박건우,NC,2022-01-01,2025-12-31
73113,박경수,KT,2021-01-01,2025-12-31
64468,박계범,두산,2021-01-01,2025-12-31
55164,박관우,LG,2025-01-01,2025-12-31
50397,박관진,키움,2021-01-01,2021-12-31
53469,박권후,삼성,2023-01-01,2023-12-31
54802,박기호,SSG,2025-01-01,2025-12-31
64944,박대온,NC,2021-01-01,2023-12-31
52994,박동수,NC,2022-01-01,2022-12-31
79365,박동원,키움,2021-01-01,2022-04-22
79365,박동원,KIA,2022-04-23,2022-12-31
79365,박동원,LG,2023-01-01,2025-12-31
50563,박로건,롯데,2021-01-01,2021-12-31
53139,박명근,LG,2023-01-01,2025-12-31
50657,박민,KIA,2021-01-01,2022-12-31
50657,박민,KIA,2024-01-01,2025-12-31
69056,박민석,KT,2023-01-01,2025-12-31
62907,박민우,NC,2021-01-01,2025-12-31
53204,박민준,두산,2024-01-01,2025-12-31
64893,박민호,SSG,2021-01-01,2024-12-31
54304,박범준,키움,2024-01-01,2024-12-31
75125,박병호,키움,2021-01-01,2021-12-31
75125,박병호,KT,2022-01-01,2024-05-27
75125,박병호,삼성,2024-05-28,2025-12-31
66707,박상언,한화,2021-01-01,2024-12-31
67703,박상원,한화,2022-01-01,2025-12-31
74465,박석민,NC,2021-01-01,2023-12-31
66556,박선우,롯데,2021-01-01,2021-12-31
54807,박성빈,SSG,2024-01-01,2024-12-31
53305,박성빈,키움,2024-01-01,2024-12-31
68703,박성웅,한화,2021-01-01,2021-12-31
51298,박성재,두산,2021-01-01,2021-12-31
51298,박성재,두산,2025-01-01,2025-12-31
67893,박성한,SSG,2021-01-01,2025-12-31
65844,박세웅,삼성,2021-01-01,2023-12-31
64021,박세웅,롯데,2021-01-01,2025-12-31
66047,박세진,KT,2023-01-01,2025-06-01
66047,박세진,롯데,2025-06-02,2025-12-31
62244,박세혁,두산,2021-01-01,2022-12-31
62244,박세혁,NC,2023-01-01,2025-12-31
55568,박세현,롯데,2025-01-01,2025-12-31
63292,박소준,두산,2021-01-01,2021-12-31
63292,박소준,두산,2024-01-01,2024-12-31
52305,박수종,키움,2023-01-01,2025-12-31
69418,박승규,삼성,2021-01-01,2022-12-31
69418,박승규,삼성,2025-01-01,2025-12-31
62802,박승욱,KT,2021-01-01,2021-12-31
62802,박승욱,롯데,2022-01-01,2025-12-31
66305,박승주,키움,2021-01-01,2022-12-31
60559,박시영,KT,2021-01-01,2022-12-31
60559,박시영,KT,2024-01-01,2024-12-31
60559,박시영,롯데,2025-01-01,2025-12-31
55121,박시원,LG,2025-01-01,2025-12-31
50996,박시원,NC,2021-01-01,2021-12-31
50996,박시원,NC,2024-01-01,2025-12-31
50812,박시후,SSG,2022-01-01,2022-12-31
50812,박시후,SSG,2024-01-01,2025-12-31
68249,박신지,두산,2022-01-01,2025-12-31
50906,박영빈,NC,2023-01-01,2025-12-31
69507,박영완,롯데,2023-01-01,2023-12-31
52060,박영현,KT,2022-01-01,2025-12-31
72133,박용택,LG,2022-01-01,2022-12-31
50205,박웅,두산,2021-01-01,2022-12-31
67202,박유연,두산,2022-01-01,2023-12-31
53301,박윤성,키움,2024-01-01,2025-12-31
69762,박윤철,한화,2022-01-01,2023-12-31
55563,박재엽,롯데,2025-01-01,2025-12-31
64100,박재욱,LG,2022-01-01,2022-12-31
55636,박재현,KIA,2025-01-01,2025-12-31
65639,박정수,두산,2021-01-01,2025-12-31
67609,박정우,KIA,2021-01-01,2025-12-31
62353,박정음,키움,2021-01-01,2021-12-31
61396,박정준,삼성,2022-01-01,2022-12-31
50709,박정현,한화,2021-01-01,2023-12-31
50709,박정현,한화,2025-01-01,2025-12-31
55394,박정훈,키움,2025-01-01,2025-12-31
60841,박종훈,SSG,2021-01-01,2025-12-31
69328,박주성,키움,2021-01-01,2022-12-31
69328,박주성,키움,2025-01-01,2025-12-31
69900,박주찬,NC,2023-01-01,2023-12-31
50411,박주혁,삼성,2022-01-01,2022-12-31
68097,박주현,NC,2024-01-01,2024-12-31
50357,박주홍,키움,2021-01-01,2025-12-31
55252,박준순,두산,2025-01-01,2025-12-31
66928,박준영,NC,2021-01-01,2022-12-31
66928,박준영,두산,2023-01-01,2025-12-31
52731,박준영,한화,2022-01-01,2023-12-31
52731,박준영,한화,2025-01-01,2025-12-31
54503,박준우,롯데,2024-01-01,2025-12-31
64657,박준태,키움,2021-01-01,2023-12-31
63638,박준표,KIA,2021-01-01,2024-12-31
69363,박준형,키움,2024-01-01,2024-12-31
54213,박지호,두산,2024-01-01,2024-12-31
54805,박지환,SSG,2024-01-01,2025-12-31
50204,박지훈,두산,2021-01-01,2021-12-31
50204,박지훈,두산,2023-01-01,2023-12-31
50204,박지훈,두산,2025-01-01,2025-12-31
69594,박진,롯데,2023-01-01,2025-12-31
63991,박진우,NC,2021-01-01,2021-12-31
53411,박진우,삼성,2025-01-01,2025-12-31
67646,박진태,KIA,2021-01-01,2021-12-31
63512,박진형,롯데,2021-01-01,2021-12-31
63512,박진형,롯데,2024-01-01,2025-12-31
52348,박찬혁,키움,2022-01-01,2023-12-31
55530,박찬형,롯데,2025-01-01,2025-12-31
64646,박찬호,KIA,2021-01-01,2025-12-31
67266,박치국,두산,2021-01-01,2025-12-31
53992,박한결,NC,2023-01-01,2025-12-31
62415,박해민,삼성,2021-01-01,2021-12-31
62415,박해민,LG,2022-01-01,2025-12-31
55637,박헌,KIA,2025-01-01,2025-12-31
51803,박형준,롯데,2023-01-01,2023-12-31
52528,반즈,롯데,2022-01-01,2025-12-31
54243,발라조빅,두산,2024-01-01,2024-12-31
51761,배동현,한화,2021-01-01,2021-12-31
69974,배민서,NC,2021-01-01,2021-12-31
69974,배민서,NC,2023-01-01,2023-12-31
69974,배민서,한화,2024-01-01,2024-12-31
64501,배성근,롯데,2021-01-01,2022-12-31
53587,배영빈,롯데,2023-01-01,2023-12-31
63145,배재준,LG,2021-01-01,2023-12-31
63145,배재준,LG,2025-01-01,2025-12-31
64995,배재환,NC,2024-01-01,2025-12-31
64166,배정대,KT,2021-01-01,2025-12-31
65516,배제성,KT,2021-01-01,2023-12-31
65516,배제성,KT,2025-01-01,2025-12-31
55455,배찬승,삼성,2025-01-01,2025-12-31
63559,백동훈,두산,2021-01-01,2021-12-31
54507,백두산,롯데,2024-01-01,2024-12-31
69839,백승건,SSG,2023-01-01,2024-12-31
64410,백승민,삼성,2021-01-01,2021-12-31
53298,백승우,두산,2023-01-01,2023-12-31
65109,백승현,LG,2021-01-01,2025-12-31
78643,백용환,KIA,2021-01-01,2021-07-02
78643,백용환,한화,2021-07-03,2022-12-31
77446,백정현,삼성,2021-01-01,2025-12-31
52043,벤자민,KT,2022-01-01,2024-12-31
55526,벨라스케즈,롯데,2025-01-01,2025-12-31
68305,변상권,키움,2021-01-01,2021-12-31
68305,변상권,키움,2024-01-01,2025-12-31
62263,변시원,KIA,2021-01-01,2021-12-31
62263,변시원,키움,2023-01-01,2023-12-31
69727,변우혁,한화,2022-01-01,2022-12-31
69727,변우혁,KIA,2023-01-01,2025-12-31
51144,보어,LG,2021-01-01,2021-12-31
50404,뷰캐넌,삼성,2021-01-01,2023-12-31
52257,브랜든,두산,2022-01-01,2024-12-31
50636,브룩스,KIA,2021-01-01,2021-12-31
67313,브리검,키움,2021-01-01,2021-12-31
53714,산체스,한화,2023-01-01,2024-12-31
53665,산체스,KIA,2023-01-01,2023-12-31
78168,서건창,키움,2021-01-01,2021-07-26
78168,서건창,LG,2021-07-27,2023-12-31
78168,서건창,KIA,2024-01-01,2025-12-31
64759,서균,한화,2021-01-01,2021-12-31
66663,서덕원,KIA,2021-01-01,2021-12-31
64896,서동민,SSG,2021-01-01,2023-12-31
53569,서동욱,롯데,2023-01-01,2024-12-31
69803,서상준,SSG,2023-01-01,2023-12-31
66203,서예일,두산,2021-01-01,2024-12-31
53309,서유신,키움,2025-01-01,2025-12-31
66068,서의태,NC,2024-01-01,2024-12-31
69539,서준원,롯데,2021-01-01,2022-12-31
61895,서진용,SSG,2021-01-01,2025-12-31
69995,서호철,NC,2022-01-01,2025-12-31
53560,석상호,롯데,2023-01-01,2023-12-31
52804,석정우,SSG,2022-01-01,2022-12-31
52804,석정우,SSG,2025-01-01,2025-12-31
68159,성동현,LG,2023-01-01,2025-12-31
54610,성영탁,KIA,2025-01-01,2025-12-31
50109,성재헌,KT,2024-01-01,2024-12-31
67962,소이현,NC,2021-01-01,2021-12-31
67962,소이현,NC,2024-01-01,2025-12-31
52630,소크라테스,KIA,2022-01-01,2024-12-31
50030,소형준,KT,2021-01-01,2025-12-31
69041,손동현,KT,2023-01-01,2025-12-31
53057,손민석,KT,2023-01-01,2023-12-31
51528,손성빈,롯데,2021-01-01,2021-12-31
51528,손성빈,롯데,2023-01-01,2025-12-31
77532,손아섭,롯데,2021-01-01,2021-12-31
77532,손아섭,NC,2022-01-01,2025-07-30
77532,손아섭,한화,2025-07-31,2025-12-31
54156,손용준,LG,2025-01-01,2025-12-31
63914,손정욱,NC,2021-01-01,2021-12-31
67143,손주영,LG,2021-01-01,2025-12-31
54904,손주환,NC,2024-01-01,2025-12-31
54363,손현기,키움,2024-01-01,2025-12-31
50150,손호영,LG,2021-01-01,2023-12-31
50150,손호영,롯데,2024-01-01,2025-12-31
55300,손힘찬,키움,2025-01-01,2025-12-31
53105,송대현,LG,2023-01-01,2023-12-31
69962,송명기,NC,2021-01-01,2024-12-31
64012,송민섭,KT,2021-01-01,2025-12-31
65357,송성문,키움,2021-01-01,2025-12-31
51111,송승기,LG,2022-01-01,2023-12-31
51111,송승기,LG,2025-01-01,2025-12-31
69203,송승환,두산,2022-01-01,2023-12-31
69203,송승환,NC,2024-01-01,2025-12-31
53898,송영진,SSG,2023-01-01,2025-12-31
65362,송우현,키움,2021-01-01,2021-12-31
61156,송윤준,한화,2021-01-01,2023-12-31
73801,송은범,LG,2021-01-01,2023-12-31
73801,송은범,삼성,2024-01-01,2025-12-31
53303,송재선,키움,2023-01-01,2023-12-31
51594,송재영,롯데,2021-01-01,2021-12-31
51594,송재영,롯데,2024-01-01,2025-12-31
52391,송정인,키움,2022-01-01,2022-12-31
64469,송준석,삼성,2021-01-01,2023-12-31
54394,송지후,키움,2024-01-01,2025-12-31
68110,송찬의,LG,2022-01-01,2025-12-31
51767,송호정,한화,2021-01-01,2021-12-31
67606,송후섭,KIA,2022-01-01,2022-12-31
52457,수아레즈,삼성,2022-01-01,2023-12-31
51136,수아레즈,LG,2021-01-01,2021-12-31
53040,슐서,KT,2023-01-01,2023-12-31
53734,스미스,한화,2023-01-01,2023-12-31
51334,스미스,키움,2021-01-01,2021-12-31
54615,스타우트,KIA,2024-01-01,2024-12-31
52234,스탁,두산,2022-01-01,2022-12-31
55326,스톤,키움,2025-01-01,2025-12-31
50558,스트레일리,롯데,2021-01-01,2023-12-31
55013,스티븐슨,KT,2025-01-01,2025-12-31
52557,스파크맨,롯데,2022-01-01,2022-12-31
54843,시라카와,두산,2024-01-01,2024-12-31
65207,신민재,LG,2021-01-01,2025-12-31
68902,신민혁,NC,2021-01-01,2025-12-31
66662,신범수,KIA,2022-01-01,2023-12-31
66662,신범수,SSG,2024-01-01,2025-12-31
62556,신본기,KT,2021-01-01,2024-12-31
64086,신성현,두산,2021-01-01,2023-12-31
53919,신영우,NC,2024-01-01,2025-12-31
53991,신용석,NC,2024-01-01,2024-12-31
69508,신윤후,롯데,2021-01-01,2025-12-31
62937,신재영,SSG,2021-01-01,2022-12-31
75138,신재웅,SSG,2021-01-01,2021-12-31
60140,신정락,한화,2021-01-01,2022-12-31
60140,신정락,롯데,2023-01-01,2023-12-31
50312,신준우,키움,2021-01-01,2024-12-31
55860,신지환,SSG,2025-01-01,2025-12-31
50758,신지후,한화,2021-01-01,2021-12-31
52873,신헌민,SSG,2022-01-01,2024-12-31
64006,심우준,KT,2021-01-01,2022-12-31
64006,심우준,KT,2024-01-01,2024-12-31
64006,심우준,한화,2025-01-01,2025-12-31
64017,심재민,KT,2021-01-01,2023-05-18
64017,심재민,롯데,2023-05-19,2023-12-31
64017,심재민,롯데,2025-01-01,2025-12-31
55438,심재훈,삼성,2025-01-01,2025-12-31
61411,심창민,삼성,2021-01-01,2021-12-31
61411,심창민,NC,2022-01-01,2023-12-31
54306,심휘윤,키움,2024-01-01,2024-12-31
50202,안권수,두산,2021-01-01,2022-12-31
50202,안권수,롯데,2023-01-01,2023-12-31
66864,안상현,SSG,2021-01-01,2025-12-31
64011,안승한,두산,2022-01-01,2024-12-31
73738,안영명,KT,2021-01-01,2022-12-31
68341,안우진,키움,2021-01-01,2023-12-31
65115,안익훈,LG,2021-01-01,2024-12-31
50901,안인산,NC,2021-01-01,2021-12-31
50901,안인산,NC,2025-01-01,2025-12-31
51203,안재석,두산,2021-01-01,2023-12-31
51203,안재석,두산,2025-01-01,2025-12-31
66406,안주형,삼성,2021-01-01,2025-12-31
64022,안중열,롯데,2021-01-01,2022-12-31
64022,안중열,NC,2023-01-01,2025-12-31
67006,안치영,KT,2023-01-01,2025-12-31
79608,안치홍,롯데,2021-01-01,2023-12-31
79608,안치홍,한화,2024-01-01,2025-12-31
52001,안현민,KT,2024-01-01,2025-12-31
54664,알드레드,KIA,2024-01-01,2024-12-31
51004,알몬테,KT,2021-01-01,2021-12-31
69045,알칸타라,두산,2023-01-01,2024-12-31
69045,알칸타라,키움,2025-01-01,2025-12-31
50923,알테어,NC,2021-01-01,2021-12-31
52009,알포드,KT,2022-01-01,2023-12-31
52308,애플러,키움,2022-01-01,2022-12-31
54833,앤더슨,SSG,2024-01-01,2025-12-31
53664,앤더슨,KIA,2023-01-01,2023-12-31
54408,양도근,삼성,2024-01-01,2025-12-31
64153,양석환,두산,2021-01-01,2025-12-31
50813,양선률,SSG,2021-01-01,2021-12-31
68002,양승혁,KT,2022-01-01,2022-12-31
69403,양우현,삼성,2024-01-01,2025-12-31
76232,양의지,NC,2021-01-01,2022-12-31
76232,양의지,두산,2023-01-01,2025-12-31
55215,양재훈,두산,2025-01-01,2025-12-31
67365,양지율,키움,2023-01-01,2025-12-31
50293,양찬열,두산,2022-01-01,2024-12-31
68415,양창섭,삼성,2021-01-01,2023-12-31
68415,양창섭,삼성,2025-01-01,2025-12-31
61268,양현,키움,2021-01-01,2023-12-31
61268,양현,삼성,2024-01-01,2025-12-31
55370,양현종,키움,2025-01-01,2025-12-31
77637,양현종,KIA,2022-01-01,2025-12-31
55392,어준서,키움,2025-01-01,2025-12-31
65056,엄상백,KT,2021-01-01,2024-12-31
65056,엄상백,한화,2025-01-01,2025-12-31
53827,에레디아,SSG,2023-01-01,2025-12-31
54119,에르난데스,LG,2024-01-01,2025-12-31
54134,엔스,LG,2024-01-01,2024-12-31
53825,엘리아스,SSG,2023-01-01,2024-12-31
54205,여동건,두산,2024-01-01,2025-12-31
55393,여동욱,키움,2025-01-01,2025-12-31
55339,염승원,키움,2025-01-01,2025-12-31
68330,예진원,키움,2021-01-01,2023-12-31
68330,예진원,KIA,2024-01-01,2024-12-31
53712,오그레디,한화,2023-01-01,2023-12-31
69703,오동욱,한화,2021-01-01,2021-12-31
50208,오명진,두산,2021-01-01,2021-12-31
50208,오명진,두산,2024-01-01,2025-12-31
53300,오상원,키움,2023-01-01,2023-12-31
55005,오서진,KT,2025-01-01,2025-12-31
67116,오석주,LG,2021-01-01,2023-12-31
67116,오석주,키움,2024-01-01,2025-12-31
69636,오선우,KIA,2021-01-01,2021-12-31
69636,오선우,KIA,2023-01-01,2025-12-31
78756,오선진,한화,2021-01-01,2021-06-25
78756,오선진,삼성,2021-06-26,2022-12-31
78756,오선진,한화,2023-01-01,2023-12-31
78756,오선진,롯데,2024-01-01,2024-12-31
78756,오선진,키움,2025-01-01,2025-12-31
53123,오스틴,LG,2023-01-01,2025-12-31
75421,오승환,삼성,2021-01-01,2025-12-31
68904,오영수,NC,2022-01-01,2025-12-31
50859,오원석,SSG,2021-01-01,2024-12-31
50859,오원석,KT,2025-01-01,2025-12-31
64504,오윤석,롯데,2021-01-01,2021-07-30
64504,오윤석,KT,2021-07-31,2025-12-31
51991,오장한,NC,2021-01-01,2021-12-31
51991,오장한,NC,2023-01-01,2023-12-31
77248,오재원,두산,2021-01-01,2022-12-31
75334,오재일,삼성,2021-01-01,2024-05-27
75334,오재일,KT,2024-05-28,2024-12-31
68614,오정환,KIA,2021-01-01,2021-12-31
74359,오주원,키움,2021-01-01,2021-12-31
61743,오준혁,SSG,2021-01-01,2022-12-31
79109,오지환,LG,2021-01-01,2025-12-31
60558,오태곤,SSG,2021-01-01,2025-12-31
51996,오태양,NC,2021-01-01,2023-12-31
51996,오태양,NC,2025-01-01,2025-12-31
79293,오현택,롯데,2021-01-01,2021-12-31
55633,올러,KIA,2025-01-01,2025-12-31
53927,와이드너,삼성,2023-01-01,2023-12-31
54755,와이스,한화,2024-01-01,2025-12-31
69343,요키시,키움,2021-01-01,2023-12-31
69343,요키시,NC,2024-01-01,2024-12-31
51526,우강훈,롯데,2023-01-01,2023-12-31
51526,우강훈,LG,2024-01-01,2025-12-31
73117,우규민,삼성,2021-01-01,2023-12-31
73117,우규민,KT,2024-01-01,2025-12-31
54063,원상현,KT,2024-01-01,2025-12-31
54307,원성준,키움,2024-01-01,2025-12-31
54702,원종혁,한화,2025-01-01,2025-12-31
76118,원종현,NC,2021-01-01,2022-12-31
76118,원종현,키움,2023-01-01,2025-12-31
69446,원태인,삼성,2021-01-01,2025-12-31
67760,원혁재,한화,2022-01-01,2022-12-31
55348,웰스,키움,2025-01-01,2025-12-31
55645,위즈덤,KIA,2025-01-01,2025-12-31
53716,윌리엄스,한화,2023-01-01,2023-12-31
53546,윌커슨,롯데,2023-01-01,2024-12-31
61102,유강남,LG,2021-01-01,2022-12-31
61102,유강남,롯데,2023-01-01,2025-12-31
69766,유로결,한화,2021-01-01,2025-12-31
62265,유민상,KIA,2021-01-01,2021-12-31
52705,유상빈,한화,2022-01-01,2023-12-31
64890,유서준,SSG,2021-01-01,2021-12-31
67640,유승철,KIA,2022-01-01,2025-12-31
50106,유영찬,LG,2023-01-01,2025-12-31
76757,유원상,KT,2021-01-01,2021-12-31
66160,유재유,두산,2021-01-01,2021-12-31
51013,유준규,KT,2022-01-01,2022-12-31
51013,유준규,KT,2025-01-01,2025-12-31
50604,유지성,KIA,2024-01-01,2025-12-31
74339,유한준,KT,2021-01-01,2021-12-31
79229,유희관,두산,2021-01-01,2021-12-31
54404,육선엽,삼성,2024-01-01,2025-12-31
54064,육청명,KT,2024-01-01,2024-12-31
63464,윤대경,한화,2021-01-01,2024-12-31
52667,윤도현,KIA,2023-01-01,2025-12-31
52591,윤동희,롯데,2022-01-01,2025-12-31
62242,윤명준,두산,2021-01-01,2022-12-31
62242,윤명준,롯데,2023-01-01,2023-12-31
69213,윤산흠,한화,2021-01-01,2023-12-31
69213,윤산흠,한화,2025-01-01,2025-12-31
52395,윤석원,키움,2023-01-01,2025-12-31
67588,윤성빈,롯데,2021-01-01,2021-12-31
67588,윤성빈,롯데,2024-01-01,2025-12-31
53505,윤수녕,롯데,2023-01-01,2023-12-31
53613,윤영철,KIA,2023-01-01,2025-12-31
68463,윤정빈,삼성,2022-01-01,2025-12-31
69399,윤정현,키움,2021-01-01,2024-12-31
50092,윤준혁,KT,2024-01-01,2025-12-31
53296,윤준호,두산,2024-01-01,2024-12-31
68619,윤중현,KIA,2021-01-01,2025-12-31
52867,윤태현,SSG,2022-01-01,2022-12-31
52202,윤태호,두산,2025-01-01,2025-12-31
55396,윤현,키움,2025-01-01,2025-12-31
63905,윤형준,NC,2021-01-01,2023-12-31
63961,윤호솔,한화,2021-01-01,2022-12-31
63961,윤호솔,LG,2023-01-01,2024-12-31
50036,이강준,KT,2021-01-01,2021-07-30
50036,이강준,롯데,2021-07-31,2022-12-31
50036,이강준,키움,2025-01-01,2025-12-31
64861,이건욱,SSG,2021-01-01,2024-12-31
69205,이교훈,두산,2021-01-01,2021-12-31
69205,이교훈,두산,2024-01-01,2025-12-31
52868,이기순,SSG,2023-01-01,2024-12-31
67008,이대은,KT,2021-01-01,2021-12-31
71564,이대호,롯데,2021-01-01,2022-12-31
65703,이도윤,한화,2021-01-01,2025-12-31
53615,이도현,KIA,2025-01-01,2025-12-31
53892,이로운,SSG,2023-01-01,2025-12-31
76849,이명기,NC,2021-01-01,2022-12-31
76849,이명기,한화,2023-01-01,2024-12-31
69366,이명기,키움,2021-01-01,2022-12-31
52397,이명종,키움,2022-01-01,2024-12-31
52530,이민석,롯데,2022-01-01,2025-12-31
65616,이민우,KIA,2021-01-01,2022-04-22
65616,이민우,한화,2022-04-23,2024-12-31
55710,이민재,한화,2025-01-01,2025-12-31
53795,이민준,한화,2023-01-01,2023-12-31
50126,이민호,LG,2021-01-01,2023-12-31
51110,이믿음,LG,2024-01-01,2024-12-31
76100,이병규,롯데,2021-01-01,2021-12-31
67363,이병규,키움,2022-01-01,2023-12-31
52204,이병헌,두산,2022-01-01,2025-12-31
69428,이병헌,삼성,2022-01-01,2025-12-31
75342,이보근,KT,2021-01-01,2021-12-31
65117,이상규,LG,2021-01-01,2021-12-31
65117,이상규,LG,2023-01-01,2023-12-31
65117,이상규,한화,2024-01-01,2025-12-31
69054,이상동,KT,2021-01-01,2021-12-31
69054,이상동,KT,2023-01-01,2025-12-31
63960,이상민,삼성,2021-01-01,2025-12-31
69168,이상영,LG,2021-01-01,2021-12-31
69168,이상영,LG,2023-01-01,2024-12-31
52063,이상우,KT,2022-01-01,2022-12-31
52704,이상혁,한화,2023-01-01,2025-12-31
60566,이상호,LG,2021-01-01,2022-12-31
60566,이상호,KT,2023-01-01,2023-12-31
54595,이선우,롯데,2024-01-01,2024-12-31
69068,이선우,KT,2023-01-01,2024-12-31
55224,이선우,두산,2025-01-01,2025-12-31
64266,이성곤,삼성,2021-01-01,2021-06-25
64266,이성곤,한화,2021-06-26,2023-12-31
66409,이성규,삼성,2022-01-01,2025-12-31
73136,이성열,한화,2021-01-01,2021-12-31
71184,이성우,LG,2021-01-01,2021-12-31
55632,이성원,KIA,2025-01-01,2025-12-31
64464,이수민,삼성,2022-01-01,2022-12-31
68797,이승관,한화,2021-01-01,2022-12-31
50464,이승민,삼성,2021-01-01,2022-12-31
50464,이승민,삼성,2024-01-01,2025-12-31
54806,이승민,SSG,2025-01-01,2025-12-31
53302,이승원,키움,2023-01-01,2025-12-31
51668,이승재,KIA,2021-01-01,2022-12-31
64805,이승진,두산,2021-01-01,2023-12-31
68910,이승헌,NC,2021-01-01,2021-12-31
68529,이승헌,롯데,2021-01-01,2022-12-31
60146,이승현,삼성,2021-01-01,2025-12-31
51454,이승현,삼성,2021-01-01,2025-12-31
55712,이승현,한화,2025-01-01,2025-12-31
67603,이승호,키움,2021-01-01,2023-12-31
66702,이시원,한화,2021-01-01,2022-06-20
66702,이시원,KT,2022-01-01,2023-12-31
51100,이영빈,LG,2021-01-01,2022-12-31
51100,이영빈,LG,2024-01-01,2025-12-31
55503,이영재,롯데,2025-01-01,2025-12-31
64051,이영준,키움,2022-01-01,2023-12-31
66291,이영하,두산,2021-01-01,2025-12-31
74163,이용규,키움,2021-01-01,2025-12-31
51948,이용준,NC,2021-01-01,2024-12-31
77211,이용찬,NC,2021-01-01,2025-12-31
65964,이우석,NC,2021-01-01,2023-12-31
63260,이우성,KIA,2021-01-01,2025-07-27
63260,이우성,NC,2025-07-28,2025-12-31
61145,이우찬,LG,2021-01-01,2025-12-31
68700,이원석,한화,2021-01-01,2025-12-31
75566,이원석,삼성,2021-01-01,2023-04-26
75566,이원석,키움,2023-04-27,2025-12-31
62025,이원재,NC,2021-01-01,2021-12-31
52295,이원재,두산,2023-01-01,2023-12-31
67207,이유찬,두산,2022-01-01,2025-12-31
55832,이율예,SSG,2025-01-01,2025-12-31
51648,이의리,KIA,2021-01-01,2025-12-31
64565,이인복,롯데,2021-01-01,2024-12-31
50608,이인한,롯데,2024-01-01,2025-12-31
52715,이재민,한화,2022-01-01,2022-12-31
54305,이재상,키움,2024-01-01,2025-12-31
67993,이재용,NC,2022-01-01,2022-12-31
67993,이재용,한화,2023-01-01,2023-12-31
68106,이재원,LG,2021-01-01,2023-12-31
76812,이재원,SSG,2021-01-01,2023-12-31
76812,이재원,한화,2024-01-01,2025-12-31
66968,이재율,NC,2021-01-01,2021-12-31
63492,이재익,삼성,2021-01-01,2025-12-31
60263,이재학,NC,2021-01-01,2024-12-31
52415,이재현,삼성,2022-01-01,2025-12-31
51307,이재홍,키움,2022-01-01,2022-12-31
51460,이재희,삼성,2021-01-01,2021-12-31
51460,이재희,삼성,2023-01-01,2023-12-31
51460,이재희,삼성,2025-01-01,2025-12-31
67807,이정범,SSG,2021-01-01,2023-12-31
67807,이정범,SSG,2025-01-01,2025-12-31
69134,이정용,LG,2021-01-01,2023-12-31
69134,이정용,LG,2025-01-01,2025-12-31
67048,이정현,KT,2021-01-01,2022-12-31
67048,이정현,KT,2025-01-01,2025-12-31
67341,이정후,키움,2021-01-01,2023-12-31
67644,이정훈,KIA,2021-01-01,2022-12-31
67644,이정훈,롯데,2023-01-01,2025-06-01
67644,이정훈,KT,2025-06-02,2025-12-31
50354,이종민,키움,2021-01-01,2021-12-31
50354,이종민,키움,2023-01-01,2024-12-31
50904,이종준,LG,2024-01-01,2025-12-31
51560,이주찬,롯데,2021-01-01,2021-12-31
51560,이주찬,롯데,2024-01-01,2024-12-31
52154,이주헌,LG,2024-01-01,2025-12-31
50167,이주형,LG,2021-01-01,2023-07-28
50167,이주형,키움,2023-07-29,2025-12-31
51302,이주형,키움,2021-01-01,2022-12-31
51302,이주형,키움,2025-01-01,2025-12-31
65665,이준영,KIA,2021-01-01,2025-12-31
55301,이준우,키움,2025-01-01,2025-12-31
52992,이준혁,NC,2025-01-01,2025-12-31
53996,이준호,NC,2023-01-01,2024-12-31
69108,이지강,LG,2022-01-01,2025-12-31
79456,이지영,키움,2021-01-01,2023-12-31
79456,이지영,SSG,2024-01-01,2025-12-31
66657,이진영,KIA,2021-01-01,2022-04-23
66657,이진영,한화,2022-04-24,2025-12-31
53562,이진하,롯데,2023-01-01,2023-12-31
67164,이찬혁,LG,2021-01-01,2021-12-31
51407,이창용,삼성,2024-01-01,2025-12-31
65057,이창재,KT,2021-01-01,2022-12-31
64560,이창진,KIA,2021-01-01,2025-12-31
68896,이채호,SSG,2021-01-01,2022-05-21
68896,이채호,KT,2022-05-22,2025-12-31
61186,이천웅,LG,2021-01-01,2023-12-31
63749,이충호,한화,2021-01-01,2024-12-31
55511,이태경,롯데,2025-01-01,2025-12-31
60768,이태양,SSG,2021-01-01,2022-12-31
60768,이태양,한화,2023-01-01,2025-12-31
53594,이태연,롯데,2023-01-01,2023-12-31
68466,이태훈,삼성,2021-01-01,2023-12-31
69453,이학주,삼성,2021-01-01,2021-12-31
69453,이학주,롯데,2022-01-01,2024-12-31
69416,이해승,삼성,2022-01-01,2023-12-31
69416,이해승,삼성,2025-01-01,2025-12-31
60343,이해창,한화,2021-01-01,2022-12-31
65869,이현석,SSG,2021-01-01,2022-12-31
76329,이현승,두산,2021-01-01,2022-12-31
62951,이형범,두산,2021-01-01,2023-12-31
62951,이형범,KIA,2024-01-01,2025-12-31
78135,이형종,LG,2021-01-01,2022-12-31
78135,이형종,키움,2023-01-01,2025-12-31
55663,이호민,KIA,2025-01-01,2025-12-31
53455,이호성,삼성,2023-01-01,2025-12-31
68504,이호연,롯데,2021-01-01,2023-05-18
68504,이호연,KT,2023-05-19,2025-12-31
54598,이호준,롯데,2024-01-01,2025-12-31
63634,이홍구,KT,2021-01-01,2021-12-31
63440,이흥련,SSG,2021-01-01,2023-12-31
65398,임규빈,키움,2021-01-01,2021-12-31
52807,임근우,SSG,2025-01-01,2025-12-31
62754,임기영,KIA,2021-01-01,2025-12-31
66493,임대한,삼성,2022-01-01,2022-12-31
64346,임병욱,키움,2023-01-01,2025-12-31
54900,임상현,NC,2024-01-01,2025-12-31
66833,임석진,SSG,2022-01-01,2022-05-08
66833,임석진,KIA,2022-05-09,2022-12-31
63959,임정호,NC,2021-01-01,2025-12-31
54236,임종성,두산,2024-01-01,2025-12-31
50704,임종찬,한화,2021-01-01,2022-12-31
50704,임종찬,한화,2024-01-01,2025-12-31
62611,임준섭,한화,2021-01-01,2022-12-31
62611,임준섭,SSG,2023-01-01,2023-12-31
62611,임준섭,롯데,2024-01-01,2024-12-31
69113,임준형,LG,2021-01-01,2022-12-31
69113,임준형,LG,2024-01-01,2025-06-24
69113,임준형,KT,2025-06-25,2025-12-31
52902,임지민,NC,2023-01-01,2023-12-31
52902,임지민,NC,2025-01-01,2025-12-31
64340,임지열,키움,2021-01-01,2025-12-31
55382,임진묵,키움,2025-01-01,2025-12-31
61101,임찬규,LG,2021-01-01,2025-12-31
78352,임창민,NC,2021-01-01,2021-12-31
78352,임창민,두산,2022-01-01,2022-12-31
78352,임창민,키움,2023-01-01,2023-12-31
78352,임창민,삼성,2024-01-01,2025-12-31
61457,임현준,삼성,2021-01-01,2021-12-31
50244,장규빈,두산,2024-01-01,2024-12-31
51762,장규현,한화,2021-01-01,2021-12-31
51762,장규현,한화,2024-01-01,2025-12-31
68507,장두성,롯데,2021-01-01,2025-12-31
51665,장민기,KIA,2021-01-01,2021-12-31
79764,장민재,한화,2021-01-01,2024-12-31
78548,장성우,KT,2021-01-01,2025-12-31
53596,장세진,롯데,2023-01-01,2023-12-31
63202,장승현,두산,2021-01-01,2025-12-31
77318,장시환,한화,2021-01-01,2024-12-31
63700,장운호,한화,2021-01-01,2023-12-31
50706,장웅정,한화,2021-01-01,2021-12-31
74513,장원준,두산,2021-01-01,2023-12-31
51359,장재영,키움,2021-01-01,2021-12-31
51359,장재영,키움,2024-01-01,2025-12-31
50641,장재혁,KIA,2022-01-01,2022-12-31
50641,장재혁,KIA,2024-01-01,2025-12-31
64115,장준원,LG,2021-01-01,2022-05-20
64115,장준원,KT,2022-05-21,2025-12-31
69645,장지수,KIA,2021-01-01,2022-12-31
69645,장지수,한화,2023-01-01,2024-12-31
51706,장지승,한화,2021-01-01,2021-12-31
51706,장지승,한화,2023-01-01,2023-12-31
51895,장지훈,SSG,2021-01-01,2022-12-31
51895,장지훈,SSG,2024-01-01,2024-12-31
66706,장진혁,한화,2022-01-01,2024-12-31
66706,장진혁,KT,2025-01-01,2025-12-31
77927,장필준,삼성,2021-01-01,2024-12-31
63950,장현식,KIA,2021-01-01,2024-12-31
63950,장현식,LG,2025-01-01,2025-12-31
55239,잭로그,두산,2025-01-01,2025-12-31
68869,전경원,SSG,2022-01-01,2022-12-31
54214,전다민,두산,2024-01-01,2025-12-31
69204,전루건,두산,2022-01-01,2022-12-31
69204,전루건,NC,2024-01-01,2024-12-31
54561,전미르,롯데,2024-01-01,2024-12-31
78361,전민수,NC,2021-01-01,2022-12-31
68205,전민재,두산,2021-01-01,2024-12-31
68205,전민재,롯데,2025-01-01,2025-12-31
65586,전병우,키움,2021-01-01,2023-12-31
65586,전병우,삼성,2024-01-01,2025-12-31
69969,전사민,NC,2022-01-01,2025-12-31
66609,전상현,KIA,2021-01-01,2025-12-31
52809,전영준,SSG,2022-01-01,2022-12-31
52809,전영준,SSG,2025-01-01,2025-12-31
69047,전용주,KT,2023-01-01,2025-12-31
75340,전유수,KT,2021-01-01,2022-12-31
50820,전의산,SSG,2022-01-01,2024-12-31
78513,전준우,롯데,2021-01-01,2025-12-31
54362,전준표,키움,2024-01-01,2025-12-31
67123,전준호,NO_DATA,,
51009,전진영,KT,2022-01-01,2022-12-31
55397,전태현,키움,2025-01-01,2025-12-31
50995,정구범,NC,2022-01-01,2023-12-31
53568,정대선,롯데,2023-01-01,2024-12-31
66858,정동윤,SSG,2021-01-01,2021-12-31
66858,정동윤,SSG,2024-01-01,2025-12-31
51764,정민규,한화,2021-01-01,2022-12-31
54467,정민성,삼성,2025-01-01,2025-12-31
76720,정범모,NC,2021-01-01,2022-12-31
68518,정보근,롯데,2021-01-01,2025-12-31
71842,정상호,SSG,2021-01-01,2021-12-31
65058,정성곤,KT,2022-01-01,2022-05-21
65058,정성곤,SSG,2022-05-22,2023-12-31
68556,정성종,롯데,2021-01-01,2023-12-31
68556,정성종,롯데,2025-01-01,2025-12-31
55377,정세영,키움,2025-01-01,2025-12-31
66960,정수민,SSG,2021-01-01,2021-12-31
79231,정수빈,두산,2021-01-01,2025-12-31
62056,정영일,SSG,2021-01-01,2021-12-31
74857,정우람,한화,2021-01-01,2021-12-31
74857,정우람,한화,2023-01-01,2023-12-31
69159,정우영,LG,2021-01-01,2025-12-31
55743,정우주,한화,2025-01-01,2025-12-31
51546,정우준,롯데,2021-01-01,2021-12-31
51546,정우준,롯데,2024-01-01,2025-12-31
68743,정은원,한화,2021-01-01,2024-12-31
75151,정의윤,SSG,2021-01-01,2021-12-31
79440,정인욱,한화,2021-01-01,2021-12-31
79150,정주현,LG,2021-01-01,2021-12-31
79150,정주현,LG,2023-01-01,2023-12-31
53058,정준영,KT,2023-01-01,2024-12-31
54812,정준재,SSG,2024-01-01,2025-12-31
54149,정지헌,LG,2024-01-01,2024-12-31
61869,정진기,SSG,2021-01-01,2021-05-20
61869,정진기,NC,2021-05-21,2022-12-31
61208,정진호,한화,2021-01-01,2021-12-31
78148,정찬헌,LG,2021-01-01,2021-07-26
78148,정찬헌,키움,2021-07-27,2025-12-31
68242,정철원,두산,2022-01-01,2024-12-31
68242,정철원,롯데,2025-01-01,2025-12-31
50662,정해영,KIA,2021-01-01,2025-12-31
53659,정해원,KIA,2025-01-01,2025-12-31
63450,정현,SSG,2021-01-01,2021-05-20
63450,정현,NC,2021-05-21,2021-12-31
54537,정현수,롯데,2024-01-01,2025-12-31
54815,정현승,SSG,2024-01-01,2025-12-31
55313,정현우,키움,2025-01-01,2025-12-31
55926,정현창,NC,2025-01-01,2025-07-27
55926,정현창,KIA,2025-07-28,2025-12-31
60523,정훈,롯데,2021-01-01,2025-12-31
54295,제러드,두산,2024-01-01,2024-12-31
50211,제환유,두산,2023-01-01,2023-12-31
50211,제환유,두산,2025-01-01,2025-12-31
68089,조대현,KT,2022-01-01,2022-12-31
68089,조대현,KT,2024-01-01,2025-12-31
54768,조동욱,한화,2024-01-01,2025-12-31
65067,조무근,롯데,2022-01-01,2022-12-31
52903,조민석,NC,2022-01-01,2023-12-31
52903,조민석,NC,2025-01-01,2025-12-31
52405,조민성,삼성,2022-01-01,2023-12-31
51897,조병현,SSG,2021-01-01,2021-12-31
51897,조병현,SSG,2024-01-01,2025-12-31
63342,조상우,키움,2021-01-01,2021-12-31
63342,조상우,키움,2024-01-01,2024-12-31
63342,조상우,KIA,2025-01-01,2025-12-31
68848,조성훈,SSG,2023-01-01,2023-12-31
52516,조세진,롯데,2022-01-01,2022-12-31
52516,조세진,롯데,2025-01-01,2025-12-31
66209,조수행,두산,2021-01-01,2025-12-31
69360,조영건,키움,2021-01-01,2021-12-31
69360,조영건,키움,2023-01-01,2025-12-31
51809,조요한,SSG,2021-01-01,2022-12-31
64868,조용호,KT,2021-01-01,2024-12-31
52149,조원태,LG,2022-01-01,2022-12-31
64768,조이현,SSG,2021-01-01,2021-12-31
64768,조이현,KT,2023-01-01,2025-12-31
50296,조제영,두산,2021-01-01,2021-12-31
69705,조한민,한화,2021-01-01,2021-12-31
64047,조현우,KT,2021-01-01,2023-12-31
51701,조현진,NC,2023-01-01,2023-12-31
51865,조형우,SSG,2022-01-01,2025-12-31
65060,주권,KT,2021-01-01,2025-12-31
69332,주성원,키움,2023-01-01,2025-12-31
52330,주승우,키움,2022-01-01,2025-12-31
65707,주현상,한화,2021-01-01,2025-12-31
66354,주효상,KIA,2023-01-01,2023-12-31
66354,주효상,KIA,2025-01-01,2025-12-31
51060,지명성,KT,2021-01-01,2022-12-31
73306,지석훈,NC,2021-01-01,2021-12-31
64717,지시완,롯데,2021-01-01,2023-12-31
79545,진명호,롯데,2021-01-01,2022-12-31
52558,진승현,롯데,2022-01-01,2024-12-31
54148,진우영,LG,2024-01-01,2024-12-31
76650,진해수,LG,2021-01-01,2023-12-31
76650,진해수,롯데,2024-01-01,2024-12-31
64615,차명진,KIA,2021-01-01,2021-12-31
55435,차승준,삼성,2025-01-01,2025-12-31
76455,차우찬,LG,2021-01-01,2021-12-31
65241,채원후,LG,2021-01-01,2023-07-17
65241,채원후,NC,2023-07-18,2024-12-31
79192,채은성,LG,2021-01-01,2022-12-31
79192,채은성,한화,2023-01-01,2025-12-31
69804,채현우,SSG,2023-01-01,2025-12-31
50054,천성호,KT,2021-01-01,2021-12-31
50054,천성호,KT,2024-01-01,2025-06-24
50054,천성호,LG,2025-06-25,2025-12-31
67905,천재환,NC,2022-01-01,2025-12-31
52208,천현재,두산,2025-01-01,2025-12-31
69802,최경모,SSG,2022-01-01,2024-12-31
62966,최금강,NC,2021-01-01,2021-12-31
79140,최동환,LG,2021-01-01,2024-12-31
79140,최동환,KT,2025-01-01,2025-12-31
54112,최명경,LG,2024-01-01,2024-12-31
55268,최민석,두산,2025-01-01,2025-12-31
63895,최민재,롯데,2021-01-01,2021-12-31
68856,최민준,SSG,2021-01-01,2025-12-31
65157,최민창,LG,2021-01-01,2022-12-31
65157,최민창,SSG,2024-01-01,2024-12-31
68909,최보성,NC,2021-01-01,2021-12-31
68909,최보성,NC,2023-01-01,2023-12-31
68805,최상민,SSG,2022-01-01,2025-12-31
64718,최설우,롯데,2021-01-01,2023-12-31
51007,최성민,KT,2025-01-01,2025-12-31
66920,최성영,NC,2023-01-01,2025-12-31
62146,최성훈,LG,2021-01-01,2023-12-31
62146,최성훈,삼성,2024-01-01,2025-12-31
50298,최세창,두산,2021-01-01,2021-12-31
65905,최승민,NC,2021-01-01,2023-07-17
65905,최승민,LG,2023-07-18,2025-12-31
51264,최승용,두산,2021-01-01,2025-12-31
61197,최영진,삼성,2021-01-01,2022-12-31
64213,최용제,두산,2021-01-01,2022-12-31
50650,최용준,KIA,2021-01-01,2021-12-31
50650,최용준,KT,2025-01-01,2025-12-31
54903,최우석,NC,2024-01-01,2025-12-31
66963,최우재,NC,2021-01-01,2021-12-31
52103,최원영,LG,2024-01-01,2025-12-31
67263,최원준,두산,2021-01-01,2025-12-31
66606,최원준,KIA,2021-01-01,2021-12-31
66606,최원준,KIA,2023-01-01,2025-07-27
66606,최원준,NC,2025-07-28,2025-12-31
65320,최원태,키움,2021-01-01,2023-07-28
65320,최원태,LG,2023-07-29,2024-12-31
65320,최원태,삼성,2025-01-01,2025-12-31
68036,최이준,롯데,2022-01-01,2024-12-31
50707,최인호,한화,2021-01-01,2021-12-31
50707,최인호,한화,2023-01-01,2025-12-31
78288,최재훈,한화,2021-01-01,2025-12-31
75847,최정,SSG,2021-01-01,2025-12-31
62893,최정민,KIA,2021-01-01,2021-12-31
65464,최정용,KIA,2021-01-01,2025-12-31
69992,최정원,NC,2021-01-01,2021-12-31
69992,최정원,NC,2023-01-01,2025-12-31
51574,최종은,롯데,2021-01-01,2021-12-31
50206,최종인,두산,2024-01-01,2025-12-31
76267,최주환,SSG,2021-01-01,2023-12-31
76267,최주환,키움,2024-01-01,2025-12-31
50556,최준용,롯데,2021-01-01,2025-12-31
68868,최준우,SSG,2022-01-01,2025-12-31
53259,최준호,두산,2024-01-01,2025-12-31
52206,최지강,두산,2022-01-01,2025-12-31
67421,최지광,삼성,2021-01-01,2021-12-31
67421,최지광,삼성,2023-01-01,2024-12-31
52639,최지민,KIA,2022-01-01,2025-12-31
50854,최지훈,SSG,2021-01-01,2025-12-31
68419,최채흥,삼성,2021-01-01,2021-12-31
68419,최채흥,삼성,2023-01-01,2024-12-31
68419,최채흥,LG,2025-01-01,2025-12-31
66451,최충연,삼성,2022-01-01,2023-12-31
66451,최충연,삼성,2025-01-01,2025-12-31
68501,최하늘,삼성,2022-01-01,2024-12-31
62884,최항,SSG,2021-01-01,2023-12-31
62884,최항,롯데,2024-01-01,2025-12-31
54803,최현석,SSG,2024-01-01,2025-12-31
72443,최형우,KIA,2021-01-01,2025-12-31
51817,추신수,SSG,2021-01-01,2024-12-31
68362,추재현,롯데,2021-01-01,2022-12-31
68362,추재현,롯데,2024-01-01,2024-12-31
68362,추재현,두산,2025-01-01,2025-12-31
55146,치리노스,LG,2025-01-01,2025-12-31
54444,카디네스,삼성,2024-01-01,2024-12-31
54444,카디네스,키움,2025-01-01,2025-12-31
54920,카스타노,NC,2024-01-01,2024-12-31
51722,카펜터,한화,2021-01-01,2022-12-31
55208,케이브,두산,2025-01-01,2025-12-31
69103,켈리,LG,2021-01-01,2024-12-31
54452,코너,삼성,2024-01-01,2024-12-31
55138,코엔 윈,LG,2025-01-01,2025-12-31
55257,콜어빈,두산,2025-01-01,2025-12-31
69032,쿠에바스,KT,2021-01-01,2025-12-31
51309,크레익,키움,2021-01-01,2021-12-31
54612,크로우,KIA,2024-01-01,2024-12-31
52827,크론,SSG,2022-01-01,2022-12-31
50815,킹험,한화,2021-01-01,2022-12-31
53909,태너,NC,2023-01-01,2023-12-31
69652,터커,KIA,2021-01-01,2021-12-31
52712,터크먼,한화,2022-01-01,2022-12-31
55130,톨허스트,LG,2025-01-01,2025-12-31
52606,파노니,KIA,2022-01-01,2023-12-31
51967,파슨스,NC,2021-01-01,2022-12-31
55032,패트릭,KT,2025-01-01,2025-12-31
52720,페냐,한화,2022-01-01,2024-12-31
53913,페디,NC,2023-01-01,2023-12-31
54730,페라자,한화,2024-01-01,2024-12-31
51714,페레즈,한화,2021-01-01,2021-12-31
69209,페르난데스,두산,2021-01-01,2022-12-31
55730,폰세,한화,2025-01-01,2025-12-31
51863,폰트,SSG,2021-01-01,2022-12-31
52366,푸이그,키움,2022-01-01,2022-12-31
52366,푸이그,키움,2025-01-01,2025-12-31
51567,프랑코,롯데,2021-01-01,2021-12-31
51324,프레이타스,키움,2021-01-01,2021-12-31
52145,플럿코,LG,2022-01-01,2023-12-31
55734,플로리얼,한화,2025-01-01,2025-12-31
51463,피렐라,삼성,2021-01-01,2023-12-31
52526,피터스,롯데,2022-01-01,2022-12-31
64350,하영민,키움,2022-01-01,2025-12-31
69813,하재훈,SSG,2021-01-01,2025-12-31
62700,하주석,한화,2021-01-01,2025-12-31
69991,하준수,NC,2022-01-01,2023-12-31
68639,하준영,NC,2022-01-01,2023-12-31
68639,하준영,NC,2025-01-01,2025-12-31
78517,하준호,KT,2021-01-01,2024-12-31
54930,하트,NC,2024-01-01,2024-12-31
52710,한경빈,한화,2024-01-01,2024-12-31
68525,한동희,롯데,2021-01-01,2024-12-31
68092,한두솔,SSG,2022-01-01,2025-12-31
64101,한석현,LG,2021-01-01,2022-12-31
64101,한석현,NC,2023-01-01,2025-12-31
50726,한승주,한화,2022-01-01,2024-12-31
63722,한승택,KIA,2021-01-01,2025-12-31
66557,한승혁,롯데,2021-01-01,2021-12-31
61666,한승혁,KIA,2021-01-01,2022-12-31
61666,한승혁,한화,2023-01-01,2025-12-31
55506,한승현,롯데,2025-01-01,2025-12-31
62895,한유섬,SSG,2021-01-01,2025-12-31
51994,한재승,NC,2022-01-01,2025-07-27
51994,한재승,KIA,2025-07-28,2025-12-31
50903,한재환,NC,2024-01-01,2025-12-31
68646,한준수,KIA,2023-01-01,2025-12-31
51058,한차현,KT,2021-01-01,2021-12-31
51058,한차현,KT,2024-01-01,2025-12-31
52568,한태양,롯데,2022-01-01,2022-12-31
52568,한태양,롯데,2025-01-01,2025-12-31
62363,한현희,키움,2021-01-01,2022-12-31
62363,한현희,롯데,2023-01-01,2025-12-31
63248,함덕주,LG,2021-01-01,2025-12-31
55440,함수호,삼성,2025-01-01,2025-12-31
50108,함창건,LG,2024-01-01,2025-12-31
79240,허경민,두산,2021-01-01,2024-12-31
79240,허경민,KT,2025-01-01,2025-12-31
69706,허관회,한화,2021-01-01,2023-12-31
77243,허도환,KT,2021-01-01,2021-12-31
77243,허도환,LG,2022-01-01,2024-12-31
50449,허윤동,삼성,2021-01-01,2023-12-31
52764,허인서,한화,2022-01-01,2022-12-31
52764,허인서,한화,2025-01-01,2025-12-31
65399,허정협,키움,2021-01-01,2021-12-31
52119,허준혁,LG,2022-01-01,2022-12-31
54354,헤이수스,키움,2024-01-01,2024-12-31
54354,헤이수스,KT,2025-01-01,2025-12-31
68260,현도훈,두산,2021-01-01,2021-12-31
68260,현도훈,롯데,2024-01-01,2024-12-31
50840,현원회,SSG,2024-01-01,2025-12-31
68730,호잉,KT,2021-01-01,2021-12-31
61643,홍건희,두산,2021-01-01,2025-12-31
55897,홍대인,SSG,2025-01-01,2025-12-31
55267,홍민규,두산,2025-01-01,2025-12-31
50596,홍민기,롯데,2021-01-01,2021-12-31
50596,홍민기,롯데,2024-01-01,2025-12-31
78247,홍상삼,KIA,2021-01-01,2022-12-31
62655,홍성민,NC,2021-01-01,2021-12-31
62655,홍성민,키움,2023-01-01,2023-12-31
66233,홍성호,두산,2022-01-01,2025-12-31
69643,홍원빈,KIA,2025-01-01,2025-12-31
50430,홍원표,삼성,2023-01-01,2025-12-31
65496,홍정우,삼성,2021-01-01,2024-12-31
50600,홍종표,KIA,2023-01-01,2025-07-27
50600,홍종표,NC,2025-07-28,2025-12-31
66108,홍창기,LG,2021-01-01,2025-12-31
67005,홍현빈,KT,2021-01-01,2024-12-31
67005,홍현빈,삼성,2025-01-01,2025-12-31
55855,화이트,SSG,2025-01-01,2025-12-31
66207,황경태,두산,2021-01-01,2021-12-31
65610,황대인,KIA,2021-01-01,2025-12-31
50441,황동재,삼성,2022-01-01,2025-12-31
52641,황동하,KIA,2023-01-01,2025-12-31
50500,황성빈,롯데,2022-01-01,2025-12-31
64760,황영국,한화,2021-01-01,2021-12-31
54795,황영묵,한화,2024-01-01,2025-12-31
62908,황윤호,KIA,2021-01-01,2021-12-31
76313,황재균,KT,2021-01-01,2025-12-31
54729,황준서,한화,2024-01-01,2025-12-31
53375,후라도,키움,2023-01-01,2024-12-31
53375,후라도,삼성,2025-01-01,2025-12-31
51725,힐리,한화,2021-01-01,2021-12-31
